[{"commonName":"Aceguá","countryCode":"BR","countryName":"Brazil","stateCode":"RS","coords":["-31.64597000","-54.10715000"]},{"commonName":"Água Santa","countryCode":"BR","countryName":"Brazil","stateCode":"RS","coords":["-28.18543000","-52.01286000"]},{"commonName":"Agudo","countryCode":"BR","countryName":"Brazil","stateCode":"RS","coords":["-29.62631000","-53.22404000"]},{"commonName":"Ajuricaba","countryCode":"BR","countryName":"Brazil","stateCode":"RS","coords":["-28.20723000","-53.74458000"]},{"commonName":"Alecrim","countryCode":"BR","countryName":"Brazil","stateCode":"RS","coords":["-27.65897000","-54.75943000"]},{"commonName":"Alegrete","countryCode":"BR","countryName":"Brazil","stateCode":"RS","coords":["-29.78306000","-55.79194000"]},{"commonName":"Alegria","countryCode":"BR","countryName":"Brazil","stateCode":"RS","coords":["-27.79967000","-54.05855000"]},{"commonName":"Almirante Tamandaré do Sul","countryCode":"BR","countryName":"Brazil","stateCode":"RS","coords":["-28.15104000","-52.91142000"]},{"commonName":"Alpestre","countryCode":"BR","countryName":"Brazil","stateCode":"RS","coords":["-27.22135000","-53.05749000"]},{"commonName":"Alto Alegre","countryCode":"BR","countryName":"Brazil","stateCode":"RS","coords":["-28.79752000","-52.98177000"]},{"commonName":"Alto Feliz","countryCode":"BR","countryName":"Brazil","stateCode":"RS","coords":["-29.36438000","-51.30068000"]},{"commonName":"Alvorada","countryCode":"BR","countryName":"Brazil","stateCode":"RS","coords":["-29.98897000","-51.03717000"]},{"commonName":"Amaral Ferrador","countryCode":"BR","countryName":"Brazil","stateCode":"RS","coords":["-30.80769000","-52.29964000"]},{"commonName":"Ametista do Sul","countryCode":"BR","countryName":"Brazil","stateCode":"RS","coords":["-27.36698000","-53.18701000"]},{"commonName":"André da Rocha","countryCode":"BR","countryName":"Brazil","stateCode":"RS","coords":["-28.58832000","-51.49976000"]},{"commonName":"Anta Gorda","countryCode":"BR","countryName":"Brazil","stateCode":"RS","coords":["-28.96836000","-51.97107000"]},{"commonName":"Antônio Prado","countryCode":"BR","countryName":"Brazil","stateCode":"RS","coords":["-28.87322000","-51.31744000"]},{"commonName":"Arambaré","countryCode":"BR","countryName":"Brazil","stateCode":"RS","coords":["-30.91331000","-51.55614000"]},{"commonName":"Araricá","countryCode":"BR","countryName":"Brazil","stateCode":"RS","coords":["-29.64987000","-50.93350000"]},{"commonName":"Aratiba","countryCode":"BR","countryName":"Brazil","stateCode":"RS","coords":["-27.37708000","-52.29009000"]},{"commonName":"Arroio do Meio","countryCode":"BR","countryName":"Brazil","stateCode":"RS","coords":["-29.40111000","-51.94500000"]},{"commonName":"Arroio do Padre","countryCode":"BR","countryName":"Brazil","stateCode":"RS","coords":["-31.43927000","-52.39642000"]},{"commonName":"Arroio do Sal","countryCode":"BR","countryName":"Brazil","stateCode":"RS","coords":["-29.52930000","-49.89148000"]},{"commonName":"Arroio do Tigre","countryCode":"BR","countryName":"Brazil","stateCode":"RS","coords":["-29.26209000","-53.06060000"]},{"commonName":"Arroio dos Ratos","countryCode":"BR","countryName":"Brazil","stateCode":"RS","coords":["-30.07722000","-51.72917000"]},{"commonName":"Arroio Grande","countryCode":"BR","countryName":"Brazil","stateCode":"RS","coords":["-32.17945000","-52.86652000"]},{"commonName":"Arvorezinha","countryCode":"BR","countryName":"Brazil","stateCode":"RS","coords":["-28.86971000","-52.19631000"]},{"commonName":"Augusto Pestana","countryCode":"BR","countryName":"Brazil","stateCode":"RS","coords":["-28.54034000","-53.97927000"]},{"commonName":"Áurea","countryCode":"BR","countryName":"Brazil","stateCode":"RS","coords":["-27.69538000","-52.06560000"]},{"commonName":"Bagé","countryCode":"BR","countryName":"Brazil","stateCode":"RS","coords":["-31.33139000","-54.10694000"]},{"commonName":"Balneário Pinhal","countryCode":"BR","countryName":"Brazil","stateCode":"RS","coords":["-30.21275000","-50.29309000"]},{"commonName":"Barão","countryCode":"BR","countryName":"Brazil","stateCode":"RS","coords":["-29.39636000","-51.54620000"]},{"commonName":"Barão de Cotegipe","countryCode":"BR","countryName":"Brazil","stateCode":"RS","coords":["-27.55108000","-52.44751000"]},{"commonName":"Barão do Triunfo","countryCode":"BR","countryName":"Brazil","stateCode":"RS","coords":["-30.39257000","-51.79493000"]},{"commonName":"Barra do Guarita","countryCode":"BR","countryName":"Brazil","stateCode":"RS","coords":["-27.21739000","-53.76461000"]},{"commonName":"Barra do Quaraí","countryCode":"BR","countryName":"Brazil","stateCode":"RS","coords":["-30.17445000","-57.31007000"]},{"commonName":"Barra do Ribeiro","countryCode":"BR","countryName":"Brazil","stateCode":"RS","coords":["-30.34435000","-51.36125000"]},{"commonName":"Barra do Rio Azul","countryCode":"BR","countryName":"Brazil","stateCode":"RS","coords":["-27.39848000","-52.40887000"]},{"commonName":"Barra Funda","countryCode":"BR","countryName":"Brazil","stateCode":"RS","coords":["-27.91562000","-53.03286000"]},{"commonName":"Barracão","countryCode":"BR","countryName":"Brazil","stateCode":"RS","coords":["-27.73726000","-51.44229000"]},{"commonName":"Barros Cassal","countryCode":"BR","countryName":"Brazil","stateCode":"RS","coords":["-29.13534000","-52.57508000"]},{"commonName":"Benjamin Constant do Sul","countryCode":"BR","countryName":"Brazil","stateCode":"RS","coords":["-27.48726000","-52.65470000"]},{"commonName":"Bento Gonçalves","countryCode":"BR","countryName":"Brazil","stateCode":"RS","coords":["-29.09958000","-51.54344000"]},{"commonName":"Boa Vista das Missões","countryCode":"BR","countryName":"Brazil","stateCode":"RS","coords":["-27.69239000","-53.35253000"]},{"commonName":"Boa Vista do Buricá","countryCode":"BR","countryName":"Brazil","stateCode":"RS","coords":["-27.68021000","-54.10928000"]},{"commonName":"Boa Vista do Cadeado","countryCode":"BR","countryName":"Brazil","stateCode":"RS","coords":["-28.62211000","-53.81616000"]},{"commonName":"Boa Vista do Incra","countryCode":"BR","countryName":"Brazil","stateCode":"RS","coords":["-28.84193000","-53.45649000"]},{"commonName":"Boa Vista do Sul","countryCode":"BR","countryName":"Brazil","stateCode":"RS","coords":["-29.34197000","-51.68079000"]},{"commonName":"Bom Jesus","countryCode":"BR","countryName":"Brazil","stateCode":"RS","coords":["-28.59981000","-50.46197000"]},{"commonName":"Bom Princípio","countryCode":"BR","countryName":"Brazil","stateCode":"RS","coords":["-29.46171000","-51.36405000"]},{"commonName":"Bom Progresso","countryCode":"BR","countryName":"Brazil","stateCode":"RS","coords":["-27.54223000","-53.82889000"]},{"commonName":"Bom Retiro do Sul","countryCode":"BR","countryName":"Brazil","stateCode":"RS","coords":["-29.63558000","-51.91097000"]},{"commonName":"Boqueirão do Leão","countryCode":"BR","countryName":"Brazil","stateCode":"RS","coords":["-29.31252000","-52.39841000"]},{"commonName":"Bossoroca","countryCode":"BR","countryName":"Brazil","stateCode":"RS","coords":["-28.67113000","-54.96188000"]},{"commonName":"Bozano","countryCode":"BR","countryName":"Brazil","stateCode":"RS","coords":["-28.36580000","-53.76893000"]},{"commonName":"Braga","countryCode":"BR","countryName":"Brazil","stateCode":"RS","coords":["-27.57218000","-53.76214000"]},{"commonName":"Brochier","countryCode":"BR","countryName":"Brazil","stateCode":"RS","coords":["-29.55754000","-51.59193000"]},{"commonName":"Butiá","countryCode":"BR","countryName":"Brazil","stateCode":"RS","coords":["-30.11972000","-51.96222000"]},{"commonName":"Caçapava do Sul","countryCode":"BR","countryName":"Brazil","stateCode":"RS","coords":["-30.61002000","-53.47227000"]},{"commonName":"Cacequi","countryCode":"BR","countryName":"Brazil","stateCode":"RS","coords":["-29.88361000","-54.82500000"]},{"commonName":"Cachoeira do Sul","countryCode":"BR","countryName":"Brazil","stateCode":"RS","coords":["-30.20808000","-52.97067000"]},{"commonName":"Cachoeirinha","countryCode":"BR","countryName":"Brazil","stateCode":"RS","coords":["-29.95111000","-51.09389000"]},{"commonName":"Cacique Doble","countryCode":"BR","countryName":"Brazil","stateCode":"RS","coords":["-27.81730000","-51.68271000"]},{"commonName":"Caibaté","countryCode":"BR","countryName":"Brazil","stateCode":"RS","coords":["-28.30429000","-54.65585000"]},{"commonName":"Caiçara","countryCode":"BR","countryName":"Brazil","stateCode":"RS","coords":["-27.24828000","-53.45824000"]},{"commonName":"Camaquã","countryCode":"BR","countryName":"Brazil","stateCode":"RS","coords":["-30.91965000","-51.85302000"]},{"commonName":"Camargo","countryCode":"BR","countryName":"Brazil","stateCode":"RS","coords":["-28.61437000","-52.21986000"]},{"commonName":"Cambará do Sul","countryCode":"BR","countryName":"Brazil","stateCode":"RS","coords":["-29.06727000","-50.11848000"]},{"commonName":"Campestre da Serra","countryCode":"BR","countryName":"Brazil","stateCode":"RS","coords":["-28.70645000","-51.11921000"]},{"commonName":"Campina das Missões","countryCode":"BR","countryName":"Brazil","stateCode":"RS","coords":["-27.98729000","-54.83020000"]},{"commonName":"Campinas do Sul","countryCode":"BR","countryName":"Brazil","stateCode":"RS","coords":["-27.70629000","-52.63937000"]},{"commonName":"Campo Bom","countryCode":"BR","countryName":"Brazil","stateCode":"RS","coords":["-29.66716000","-51.05054000"]},{"commonName":"Campo Novo","countryCode":"BR","countryName":"Brazil","stateCode":"RS","coords":["-27.67313000","-53.81745000"]},{"commonName":"Campos Borges","countryCode":"BR","countryName":"Brazil","stateCode":"RS","coords":["-28.89387000","-53.02543000"]},{"commonName":"Candelária","countryCode":"BR","countryName":"Brazil","stateCode":"RS","coords":["-29.71623000","-52.80968000"]},{"commonName":"Cândido Godói","countryCode":"BR","countryName":"Brazil","stateCode":"RS","coords":["-27.89509000","-54.74128000"]},{"commonName":"Candiota","countryCode":"BR","countryName":"Brazil","stateCode":"RS","coords":["-31.49089000","-53.70274000"]},{"commonName":"Canela","countryCode":"BR","countryName":"Brazil","stateCode":"RS","coords":["-29.34715000","-50.77536000"]},{"commonName":"Canguçu","countryCode":"BR","countryName":"Brazil","stateCode":"RS","coords":["-31.39500000","-52.67556000"]},{"commonName":"Canoas","countryCode":"BR","countryName":"Brazil","stateCode":"RS","coords":["-29.91778000","-51.18361000"]},{"commonName":"Canudos do Vale","countryCode":"BR","countryName":"Brazil","stateCode":"RS","coords":["-29.32055000","-52.22476000"]},{"commonName":"Capão Bonito do Sul","countryCode":"BR","countryName":"Brazil","stateCode":"RS","coords":["-28.17432000","-51.42298000"]},{"commonName":"Capão da Canoa","countryCode":"BR","countryName":"Brazil","stateCode":"RS","coords":["-29.66118000","-50.01422000"]},{"commonName":"Capão do Cipó","countryCode":"BR","countryName":"Brazil","stateCode":"RS","coords":["-28.94987000","-54.60368000"]},{"commonName":"Capão do Leão","countryCode":"BR","countryName":"Brazil","stateCode":"RS","coords":["-31.84324000","-52.55323000"]},{"commonName":"Capela de Santana","countryCode":"BR","countryName":"Brazil","stateCode":"RS","coords":["-29.71236000","-51.38078000"]},{"commonName":"Capitão","countryCode":"BR","countryName":"Brazil","stateCode":"RS","coords":["-29.28020000","-51.98317000"]},{"commonName":"Capivari do Sul","countryCode":"BR","countryName":"Brazil","stateCode":"RS","coords":["-30.17289000","-50.48702000"]},{"commonName":"Caraá","countryCode":"BR","countryName":"Brazil","stateCode":"RS","coords":["-29.77397000","-50.35369000"]},{"commonName":"Carazinho","countryCode":"BR","countryName":"Brazil","stateCode":"RS","coords":["-28.28389000","-52.78639000"]},{"commonName":"Carlos Barbosa","countryCode":"BR","countryName":"Brazil","stateCode":"RS","coords":["-29.29750000","-51.50361000"]},{"commonName":"Carlos Gomes","countryCode":"BR","countryName":"Brazil","stateCode":"RS","coords":["-27.71183000","-51.90645000"]},{"commonName":"Casca","countryCode":"BR","countryName":"Brazil","stateCode":"RS","coords":["-28.57590000","-51.91980000"]},{"commonName":"Caseiros","countryCode":"BR","countryName":"Brazil","stateCode":"RS","coords":["-28.23222000","-51.78157000"]},{"commonName":"Catuípe","countryCode":"BR","countryName":"Brazil","stateCode":"RS","coords":["-28.19806000","-54.05868000"]},{"commonName":"Caxias do Sul","countryCode":"BR","countryName":"Brazil","stateCode":"RS","coords":["-29.16806000","-51.17944000"]},{"commonName":"Centenário","countryCode":"BR","countryName":"Brazil","stateCode":"RS","coords":["-27.78654000","-52.00905000"]},{"commonName":"Cerrito","countryCode":"BR","countryName":"Brazil","stateCode":"RS","coords":["-31.73952000","-52.78378000"]},{"commonName":"Cerro Branco","countryCode":"BR","countryName":"Brazil","stateCode":"RS","coords":["-29.63374000","-52.98725000"]},{"commonName":"Cerro Grande","countryCode":"BR","countryName":"Brazil","stateCode":"RS","coords":["-27.62261000","-53.16028000"]},{"commonName":"Cerro Grande do Sul","countryCode":"BR","countryName":"Brazil","stateCode":"RS","coords":["-30.58623000","-51.74239000"]},{"commonName":"Cerro Largo","countryCode":"BR","countryName":"Brazil","stateCode":"RS","coords":["-28.13490000","-54.73667000"]},{"commonName":"Chapada","countryCode":"BR","countryName":"Brazil","stateCode":"RS","coords":["-28.10434000","-53.08861000"]},{"commonName":"Charqueadas","countryCode":"BR","countryName":"Brazil","stateCode":"RS","coords":["-29.95472000","-51.62528000"]},{"commonName":"Charrua","countryCode":"BR","countryName":"Brazil","stateCode":"RS","coords":["-27.94543000","-51.99053000"]},{"commonName":"Chiapetta","countryCode":"BR","countryName":"Brazil","stateCode":"RS","coords":["-27.97630000","-53.92051000"]},{"commonName":"Chuí","countryCode":"BR","countryName":"Brazil","stateCode":"RS","coords":["-33.69111000","-53.45667000"]},{"commonName":"Chuvisca","countryCode":"BR","countryName":"Brazil","stateCode":"RS","coords":["-30.77649000","-52.00221000"]},{"commonName":"Cidreira","countryCode":"BR","countryName":"Brazil","stateCode":"RS","coords":["-30.09103000","-50.26938000"]},{"commonName":"Ciríaco","countryCode":"BR","countryName":"Brazil","stateCode":"RS","coords":["-28.37066000","-51.91242000"]},{"commonName":"Colinas","countryCode":"BR","countryName":"Brazil","stateCode":"RS","coords":["-29.39282000","-51.86831000"]},{"commonName":"Colorado","countryCode":"BR","countryName":"Brazil","stateCode":"RS","coords":["-28.48320000","-52.99088000"]},{"commonName":"Condor","countryCode":"BR","countryName":"Brazil","stateCode":"RS","coords":["-28.19261000","-53.49261000"]},{"commonName":"Constantina","countryCode":"BR","countryName":"Brazil","stateCode":"RS","coords":["-27.70625000","-53.00221000"]},{"commonName":"Coqueiro Baixo","countryCode":"BR","countryName":"Brazil","stateCode":"RS","coords":["-29.17479000","-52.10209000"]},{"commonName":"Coqueiros do Sul","countryCode":"BR","countryName":"Brazil","stateCode":"RS","coords":["-28.13683000","-52.76136000"]},{"commonName":"Coronel Barros","countryCode":"BR","countryName":"Brazil","stateCode":"RS","coords":["-28.39445000","-54.06367000"]},{"commonName":"Coronel Bicaco","countryCode":"BR","countryName":"Brazil","stateCode":"RS","coords":["-27.79949000","-53.65310000"]},{"commonName":"Coronel Pilar","countryCode":"BR","countryName":"Brazil","stateCode":"RS","coords":["-29.25977000","-51.71821000"]},{"commonName":"Cotiporã","countryCode":"BR","countryName":"Brazil","stateCode":"RS","coords":["-29.00719000","-51.69528000"]},{"commonName":"Coxilha","countryCode":"BR","countryName":"Brazil","stateCode":"RS","coords":["-28.10327000","-52.36576000"]},{"commonName":"Crissiumal","countryCode":"BR","countryName":"Brazil","stateCode":"RS","coords":["-27.48087000","-54.14173000"]},{"commonName":"Cristal","countryCode":"BR","countryName":"Brazil","stateCode":"RS","coords":["-31.02454000","-52.02929000"]},{"commonName":"Cristal do Sul","countryCode":"BR","countryName":"Brazil","stateCode":"RS","coords":["-27.42515000","-53.24362000"]},{"commonName":"Cruz Alta","countryCode":"BR","countryName":"Brazil","stateCode":"RS","coords":["-28.64397000","-53.60633000"]},{"commonName":"Cruzaltense","countryCode":"BR","countryName":"Brazil","stateCode":"RS","coords":["-27.64105000","-52.63264000"]},{"commonName":"Cruzeiro do Sul","countryCode":"BR","countryName":"Brazil","stateCode":"RS","coords":["-29.56709000","-52.03042000"]},{"commonName":"David Canabarro","countryCode":"BR","countryName":"Brazil","stateCode":"RS","coords":["-28.41776000","-51.81680000"]},{"commonName":"Derrubadas","countryCode":"BR","countryName":"Brazil","stateCode":"RS","coords":["-27.25025000","-53.88415000"]},{"commonName":"Dezesseis de Novembro","countryCode":"BR","countryName":"Brazil","stateCode":"RS","coords":["-28.19125000","-55.07548000"]},{"commonName":"Dilermando de Aguiar","countryCode":"BR","countryName":"Brazil","stateCode":"RS","coords":["-29.80603000","-54.15398000"]},{"commonName":"Dois Irmãos","countryCode":"BR","countryName":"Brazil","stateCode":"RS","coords":["-29.61158000","-51.09333000"]},{"commonName":"Dois Irmãos das Missões","countryCode":"BR","countryName":"Brazil","stateCode":"RS","coords":["-27.68117000","-53.51477000"]},{"commonName":"Dois Lajeados","countryCode":"BR","countryName":"Brazil","stateCode":"RS","coords":["-28.97092000","-51.84970000"]},{"commonName":"Dom Feliciano","countryCode":"BR","countryName":"Brazil","stateCode":"RS","coords":["-30.61390000","-52.19315000"]},{"commonName":"Dom Pedrito","countryCode":"BR","countryName":"Brazil","stateCode":"RS","coords":["-30.98278000","-54.67306000"]},{"commonName":"Dom Pedro de Alcântara","countryCode":"BR","countryName":"Brazil","stateCode":"RS","coords":["-29.35681000","-49.87288000"]},{"commonName":"Dona Francisca","countryCode":"BR","countryName":"Brazil","stateCode":"RS","coords":["-29.58683000","-53.33964000"]},{"commonName":"Doutor Maurício Cardoso","countryCode":"BR","countryName":"Brazil","stateCode":"RS","coords":["-27.49540000","-54.36400000"]},{"commonName":"Doutor Ricardo","countryCode":"BR","countryName":"Brazil","stateCode":"RS","coords":["-29.10117000","-51.97440000"]},{"commonName":"Eldorado do Sul","countryCode":"BR","countryName":"Brazil","stateCode":"RS","coords":["-30.08896000","-51.53400000"]},{"commonName":"Encantado","countryCode":"BR","countryName":"Brazil","stateCode":"RS","coords":["-29.23611000","-51.86972000"]},{"commonName":"Encruzilhada do Sul","countryCode":"BR","countryName":"Brazil","stateCode":"RS","coords":["-30.60368000","-52.68280000"]},{"commonName":"Engenho Velho","countryCode":"BR","countryName":"Brazil","stateCode":"RS","coords":["-27.67698000","-52.91040000"]},{"commonName":"Entre Rios do Sul","countryCode":"BR","countryName":"Brazil","stateCode":"RS","coords":["-27.50821000","-52.72855000"]},{"commonName":"Entre-Ijuís","countryCode":"BR","countryName":"Brazil","stateCode":"RS","coords":["-28.46066000","-54.30321000"]},{"commonName":"Erebango","countryCode":"BR","countryName":"Brazil","stateCode":"RS","coords":["-27.82558000","-52.31909000"]},{"commonName":"Erechim","countryCode":"BR","countryName":"Brazil","stateCode":"RS","coords":["-27.63461000","-52.27540000"]},{"commonName":"Ernestina","countryCode":"BR","countryName":"Brazil","stateCode":"RS","coords":["-28.42323000","-52.57365000"]},{"commonName":"Erval Grande","countryCode":"BR","countryName":"Brazil","stateCode":"RS","coords":["-27.36138000","-52.57486000"]},{"commonName":"Erval Seco","countryCode":"BR","countryName":"Brazil","stateCode":"RS","coords":["-27.49433000","-53.52792000"]},{"commonName":"Esmeralda","countryCode":"BR","countryName":"Brazil","stateCode":"RS","coords":["-27.98347000","-51.19413000"]},{"commonName":"Esperança do Sul","countryCode":"BR","countryName":"Brazil","stateCode":"RS","coords":["-27.32100000","-54.01108000"]},{"commonName":"Espumoso","countryCode":"BR","countryName":"Brazil","stateCode":"RS","coords":["-28.72472000","-52.84972000"]},{"commonName":"Estação","countryCode":"BR","countryName":"Brazil","stateCode":"RS","coords":["-27.93562000","-52.29516000"]},{"commonName":"Estância Velha","countryCode":"BR","countryName":"Brazil","stateCode":"RS","coords":["-29.64833000","-51.17389000"]},{"commonName":"Esteio","countryCode":"BR","countryName":"Brazil","stateCode":"RS","coords":["-29.86139000","-51.17917000"]},{"commonName":"Estrela","countryCode":"BR","countryName":"Brazil","stateCode":"RS","coords":["-28.06111000","-50.93833000"]},{"commonName":"Estrela Velha","countryCode":"BR","countryName":"Brazil","stateCode":"RS","coords":["-29.22360000","-53.17076000"]},{"commonName":"Eugênio de Castro","countryCode":"BR","countryName":"Brazil","stateCode":"RS","coords":["-28.57179000","-54.26582000"]},{"commonName":"Fagundes Varela","countryCode":"BR","countryName":"Brazil","stateCode":"RS","coords":["-28.88133000","-51.72861000"]},{"commonName":"Farroupilha","countryCode":"BR","countryName":"Brazil","stateCode":"RS","coords":["-29.22500000","-51.34778000"]},{"commonName":"Faxinal do Soturno","countryCode":"BR","countryName":"Brazil","stateCode":"RS","coords":["-29.57197000","-53.47332000"]},{"commonName":"Faxinalzinho","countryCode":"BR","countryName":"Brazil","stateCode":"RS","coords":["-27.37178000","-52.66899000"]},{"commonName":"Fazenda Vilanova","countryCode":"BR","countryName":"Brazil","stateCode":"RS","coords":["-29.59817000","-51.84244000"]},{"commonName":"Feliz","countryCode":"BR","countryName":"Brazil","stateCode":"RS","coords":["-29.45459000","-51.27775000"]},{"commonName":"Flores da Cunha","countryCode":"BR","countryName":"Brazil","stateCode":"RS","coords":["-29.02889000","-51.18167000"]},{"commonName":"Floriano Peixoto","countryCode":"BR","countryName":"Brazil","stateCode":"RS","coords":["-27.85241000","-52.03361000"]},{"commonName":"Fontoura Xavier","countryCode":"BR","countryName":"Brazil","stateCode":"RS","coords":["-29.01054000","-52.36771000"]},{"commonName":"Formigueiro","countryCode":"BR","countryName":"Brazil","stateCode":"RS","coords":["-29.96944000","-53.46743000"]},{"commonName":"Forquetinha","countryCode":"BR","countryName":"Brazil","stateCode":"RS","coords":["-29.39695000","-52.11762000"]},{"commonName":"Fortaleza dos Valos","countryCode":"BR","countryName":"Brazil","stateCode":"RS","coords":["-28.91268000","-53.33891000"]},{"commonName":"Frederico Westphalen","countryCode":"BR","countryName":"Brazil","stateCode":"RS","coords":["-27.35917000","-53.39444000"]},{"commonName":"Garibaldi","countryCode":"BR","countryName":"Brazil","stateCode":"RS","coords":["-29.25611000","-51.53361000"]},{"commonName":"Garruchos","countryCode":"BR","countryName":"Brazil","stateCode":"RS","coords":["-28.25602000","-55.51556000"]},{"commonName":"Gaurama","countryCode":"BR","countryName":"Brazil","stateCode":"RS","coords":["-27.61693000","-52.10405000"]},{"commonName":"General Câmara","countryCode":"BR","countryName":"Brazil","stateCode":"RS","coords":["-29.83922000","-51.94718000"]},{"commonName":"Gentil","countryCode":"BR","countryName":"Brazil","stateCode":"RS","coords":["-28.38797000","-52.04926000"]},{"commonName":"Getúlio Vargas","countryCode":"BR","countryName":"Brazil","stateCode":"RS","coords":["-27.87411000","-52.16526000"]},{"commonName":"Giruá","countryCode":"BR","countryName":"Brazil","stateCode":"RS","coords":["-28.01046000","-54.30456000"]},{"commonName":"Glorinha","countryCode":"BR","countryName":"Brazil","stateCode":"RS","coords":["-29.85685000","-50.75086000"]},{"commonName":"Gramado","countryCode":"BR","countryName":"Brazil","stateCode":"RS","coords":["-29.36252000","-50.90318000"]},{"commonName":"Gramado dos Loureiros","countryCode":"BR","countryName":"Brazil","stateCode":"RS","coords":["-27.45441000","-52.91705000"]},{"commonName":"Gramado Xavier","countryCode":"BR","countryName":"Brazil","stateCode":"RS","coords":["-29.28655000","-52.61202000"]},{"commonName":"Gravataí","countryCode":"BR","countryName":"Brazil","stateCode":"RS","coords":["-29.94218000","-50.99278000"]},{"commonName":"Guabiju","countryCode":"BR","countryName":"Brazil","stateCode":"RS","coords":["-28.58817000","-51.64765000"]},{"commonName":"Guaíba","countryCode":"BR","countryName":"Brazil","stateCode":"RS","coords":["-30.11389000","-51.32500000"]},{"commonName":"Guaporé","countryCode":"BR","countryName":"Brazil","stateCode":"RS","coords":["-28.84191000","-51.91880000"]},{"commonName":"Guarani das Missões","countryCode":"BR","countryName":"Brazil","stateCode":"RS","coords":["-28.15071000","-54.60026000"]},{"commonName":"Harmonia","countryCode":"BR","countryName":"Brazil","stateCode":"RS","coords":["-29.54904000","-51.42357000"]},{"commonName":"Herval","countryCode":"BR","countryName":"Brazil","stateCode":"RS","coords":["-32.02361000","-53.39556000"]},{"commonName":"Herveiras","countryCode":"BR","countryName":"Brazil","stateCode":"RS","coords":["-29.43864000","-52.67366000"]},{"commonName":"Horizontina","countryCode":"BR","countryName":"Brazil","stateCode":"RS","coords":["-27.62583000","-54.30778000"]},{"commonName":"Hulha Negra","countryCode":"BR","countryName":"Brazil","stateCode":"RS","coords":["-31.57199000","-53.86271000"]},{"commonName":"Humaitá","countryCode":"BR","countryName":"Brazil","stateCode":"RS","coords":["-27.58561000","-53.99627000"]},{"commonName":"Ibarama","countryCode":"BR","countryName":"Brazil","stateCode":"RS","coords":["-29.40889000","-53.18252000"]},{"commonName":"Ibiaçá","countryCode":"BR","countryName":"Brazil","stateCode":"RS","coords":["-28.10474000","-51.80283000"]},{"commonName":"Ibiraiaras","countryCode":"BR","countryName":"Brazil","stateCode":"RS","coords":["-28.38729000","-51.62710000"]},{"commonName":"Ibirapuitã","countryCode":"BR","countryName":"Brazil","stateCode":"RS","coords":["-28.61696000","-52.47077000"]},{"commonName":"Ibirubá","countryCode":"BR","countryName":"Brazil","stateCode":"RS","coords":["-28.62750000","-53.08972000"]},{"commonName":"Igrejinha","countryCode":"BR","countryName":"Brazil","stateCode":"RS","coords":["-29.57444000","-50.79028000"]},{"commonName":"Ijuí","countryCode":"BR","countryName":"Brazil","stateCode":"RS","coords":["-28.38778000","-53.91472000"]},{"commonName":"Ilópolis","countryCode":"BR","countryName":"Brazil","stateCode":"RS","coords":["-28.91690000","-52.14813000"]},{"commonName":"Imbé","countryCode":"BR","countryName":"Brazil","stateCode":"RS","coords":["-29.92719000","-50.12826000"]},{"commonName":"Imigrante","countryCode":"BR","countryName":"Brazil","stateCode":"RS","coords":["-29.34023000","-51.75667000"]},{"commonName":"Independência","countryCode":"BR","countryName":"Brazil","stateCode":"RS","coords":["-27.89333000","-54.19784000"]},{"commonName":"Inhacorá","countryCode":"BR","countryName":"Brazil","stateCode":"RS","coords":["-27.91435000","-54.03786000"]},{"commonName":"Ipê","countryCode":"BR","countryName":"Brazil","stateCode":"RS","coords":["-28.71616000","-51.27787000"]},{"commonName":"Ipiranga do Sul","countryCode":"BR","countryName":"Brazil","stateCode":"RS","coords":["-27.94208000","-52.43068000"]},{"commonName":"Iraí","countryCode":"BR","countryName":"Brazil","stateCode":"RS","coords":["-27.27078000","-53.23696000"]},{"commonName":"Itaara","countryCode":"BR","countryName":"Brazil","stateCode":"RS","coords":["-29.56305000","-53.74584000"]},{"commonName":"Itacurubi","countryCode":"BR","countryName":"Brazil","stateCode":"RS","coords":["-28.78540000","-55.26568000"]},{"commonName":"Itapuca","countryCode":"BR","countryName":"Brazil","stateCode":"RS","coords":["-28.77178000","-52.20012000"]},{"commonName":"Itaqui","countryCode":"BR","countryName":"Brazil","stateCode":"RS","coords":["-29.12528000","-56.55306000"]},{"commonName":"Itati","countryCode":"BR","countryName":"Brazil","stateCode":"RS","coords":["-29.42840000","-50.17775000"]},{"commonName":"Itatiba do Sul","countryCode":"BR","countryName":"Brazil","stateCode":"RS","coords":["-27.36303000","-52.49074000"]},{"commonName":"Ivorá","countryCode":"BR","countryName":"Brazil","stateCode":"RS","coords":["-29.50743000","-53.56819000"]},{"commonName":"Ivoti","countryCode":"BR","countryName":"Brazil","stateCode":"RS","coords":["-29.59111000","-51.16056000"]},{"commonName":"Jaboticaba","countryCode":"BR","countryName":"Brazil","stateCode":"RS","coords":["-27.60969000","-53.27016000"]},{"commonName":"Jacuizinho","countryCode":"BR","countryName":"Brazil","stateCode":"RS","coords":["-29.03095000","-53.06796000"]},{"commonName":"Jacutinga","countryCode":"BR","countryName":"Brazil","stateCode":"RS","coords":["-27.77469000","-52.52224000"]},{"commonName":"Jaguarão","countryCode":"BR","countryName":"Brazil","stateCode":"RS","coords":["-32.56611000","-53.37583000"]},{"commonName":"Jaguari","countryCode":"BR","countryName":"Brazil","stateCode":"RS","coords":["-29.45245000","-54.64626000"]},{"commonName":"Jaquirana","countryCode":"BR","countryName":"Brazil","stateCode":"RS","coords":["-28.93470000","-50.36430000"]},{"commonName":"Jari","countryCode":"BR","countryName":"Brazil","stateCode":"RS","coords":["-29.28796000","-54.29784000"]},{"commonName":"Jóia","countryCode":"BR","countryName":"Brazil","stateCode":"RS","coords":["-28.72932000","-54.12253000"]},{"commonName":"Júlio de Castilhos","countryCode":"BR","countryName":"Brazil","stateCode":"RS","coords":["-29.26449000","-53.62459000"]},{"commonName":"Lagoa Bonita do Sul","countryCode":"BR","countryName":"Brazil","stateCode":"RS","coords":["-29.49396000","-53.03470000"]},{"commonName":"Lagoa dos Três Cantos","countryCode":"BR","countryName":"Brazil","stateCode":"RS","coords":["-28.56607000","-52.84650000"]},{"commonName":"Lagoa Vermelha","countryCode":"BR","countryName":"Brazil","stateCode":"RS","coords":["-28.21995000","-51.47225000"]},{"commonName":"Lagoão","countryCode":"BR","countryName":"Brazil","stateCode":"RS","coords":["-29.25902000","-52.76687000"]},{"commonName":"Lajeado","countryCode":"BR","countryName":"Brazil","stateCode":"RS","coords":["-29.46694000","-51.96139000"]},{"commonName":"Lajeado do Bugre","countryCode":"BR","countryName":"Brazil","stateCode":"RS","coords":["-27.70327000","-53.20742000"]},{"commonName":"Lavras do Sul","countryCode":"BR","countryName":"Brazil","stateCode":"RS","coords":["-30.84980000","-54.02830000"]},{"commonName":"Liberato Salzano","countryCode":"BR","countryName":"Brazil","stateCode":"RS","coords":["-27.53845000","-53.07401000"]},{"commonName":"Lindolfo Collor","countryCode":"BR","countryName":"Brazil","stateCode":"RS","coords":["-29.57482000","-51.22786000"]},{"commonName":"Linha Nova","countryCode":"BR","countryName":"Brazil","stateCode":"RS","coords":["-29.45535000","-51.21876000"]},{"commonName":"Maçambará","countryCode":"BR","countryName":"Brazil","stateCode":"RS","coords":["-29.05822000","-55.61102000"]},{"commonName":"Machadinho","countryCode":"BR","countryName":"Brazil","stateCode":"RS","coords":["-27.59183000","-51.68758000"]},{"commonName":"Mampituba","countryCode":"BR","countryName":"Brazil","stateCode":"RS","coords":["-29.26145000","-50.01070000"]},{"commonName":"Manoel Viana","countryCode":"BR","countryName":"Brazil","stateCode":"RS","coords":["-29.40696000","-55.56870000"]},{"commonName":"Maquiné","countryCode":"BR","countryName":"Brazil","stateCode":"RS","coords":["-29.57608000","-50.25993000"]},{"commonName":"Maratá","countryCode":"BR","countryName":"Brazil","stateCode":"RS","coords":["-29.54921000","-51.55693000"]},{"commonName":"Marau","countryCode":"BR","countryName":"Brazil","stateCode":"RS","coords":["-28.44217000","-52.27411000"]},{"commonName":"Marcelino Ramos","countryCode":"BR","countryName":"Brazil","stateCode":"RS","coords":["-27.47851000","-51.95065000"]},{"commonName":"Mariana Pimentel","countryCode":"BR","countryName":"Brazil","stateCode":"RS","coords":["-30.30220000","-51.58133000"]},{"commonName":"Mariano Moro","countryCode":"BR","countryName":"Brazil","stateCode":"RS","coords":["-27.35013000","-52.18363000"]},{"commonName":"Marques de Souza","countryCode":"BR","countryName":"Brazil","stateCode":"RS","coords":["-29.27327000","-52.15720000"]},{"commonName":"Mata","countryCode":"BR","countryName":"Brazil","stateCode":"RS","coords":["-29.54895000","-54.44545000"]},{"commonName":"Mato Castelhano","countryCode":"BR","countryName":"Brazil","stateCode":"RS","coords":["-28.27248000","-52.17628000"]},{"commonName":"Mato Leitão","countryCode":"BR","countryName":"Brazil","stateCode":"RS","coords":["-29.51457000","-52.13856000"]},{"commonName":"Mato Queimado","countryCode":"BR","countryName":"Brazil","stateCode":"RS","coords":["-28.25680000","-54.67109000"]},{"commonName":"Maximiliano de Almeida","countryCode":"BR","countryName":"Brazil","stateCode":"RS","coords":["-27.58802000","-51.80358000"]},{"commonName":"Minas do Leão","countryCode":"BR","countryName":"Brazil","stateCode":"RS","coords":["-30.07189000","-52.11996000"]},{"commonName":"Miraguaí","countryCode":"BR","countryName":"Brazil","stateCode":"RS","coords":["-27.48658000","-53.75549000"]},{"commonName":"Montauri","countryCode":"BR","countryName":"Brazil","stateCode":"RS","coords":["-28.66498000","-52.05388000"]},{"commonName":"Monte Alegre dos Campos","countryCode":"BR","countryName":"Brazil","stateCode":"RS","coords":["-28.70177000","-50.80405000"]},{"commonName":"Monte Belo do Sul","countryCode":"BR","countryName":"Brazil","stateCode":"RS","coords":["-29.13180000","-51.64287000"]},{"commonName":"Montenegro","countryCode":"BR","countryName":"Brazil","stateCode":"RS","coords":["-29.68861000","-51.46111000"]},{"commonName":"Mormaço","countryCode":"BR","countryName":"Brazil","stateCode":"RS","coords":["-28.69004000","-52.66928000"]},{"commonName":"Morrinhos do Sul","countryCode":"BR","countryName":"Brazil","stateCode":"RS","coords":["-29.34362000","-49.96435000"]},{"commonName":"Morro Redondo","countryCode":"BR","countryName":"Brazil","stateCode":"RS","coords":["-31.63833000","-52.63569000"]},{"commonName":"Morro Reuter","countryCode":"BR","countryName":"Brazil","stateCode":"RS","coords":["-29.51567000","-51.01861000"]},{"commonName":"Mostardas","countryCode":"BR","countryName":"Brazil","stateCode":"RS","coords":["-30.92226000","-50.85421000"]},{"commonName":"Muçum","countryCode":"BR","countryName":"Brazil","stateCode":"RS","coords":["-29.14017000","-51.82330000"]},{"commonName":"Muitos Capões","countryCode":"BR","countryName":"Brazil","stateCode":"RS","coords":["-28.43447000","-51.24691000"]},{"commonName":"Muliterno","countryCode":"BR","countryName":"Brazil","stateCode":"RS","coords":["-28.31235000","-51.78652000"]},{"commonName":"Não Me Toque","countryCode":"BR","countryName":"Brazil","stateCode":"RS","coords":["-28.45917000","-52.82083000"]},{"commonName":"Não-Me-Toque","countryCode":"BR","countryName":"Brazil","stateCode":"RS","coords":["-28.47423000","-52.80396000"]},{"commonName":"Nicolau Vergueiro","countryCode":"BR","countryName":"Brazil","stateCode":"RS","coords":["-28.52442000","-52.44444000"]},{"commonName":"Nonoai","countryCode":"BR","countryName":"Brazil","stateCode":"RS","coords":["-27.36903000","-52.87590000"]},{"commonName":"Nova Alvorada","countryCode":"BR","countryName":"Brazil","stateCode":"RS","coords":["-28.70497000","-52.16616000"]},{"commonName":"Nova Araçá","countryCode":"BR","countryName":"Brazil","stateCode":"RS","coords":["-28.64411000","-51.73489000"]},{"commonName":"Nova Bassano","countryCode":"BR","countryName":"Brazil","stateCode":"RS","coords":["-28.70293000","-51.80542000"]},{"commonName":"Nova Boa Vista","countryCode":"BR","countryName":"Brazil","stateCode":"RS","coords":["-28.00887000","-52.98206000"]},{"commonName":"Nova Bréscia","countryCode":"BR","countryName":"Brazil","stateCode":"RS","coords":["-29.20206000","-52.04822000"]},{"commonName":"Nova Candelária","countryCode":"BR","countryName":"Brazil","stateCode":"RS","coords":["-27.59344000","-54.12172000"]},{"commonName":"Nova Esperança do Sul","countryCode":"BR","countryName":"Brazil","stateCode":"RS","coords":["-29.39225000","-54.83460000"]},{"commonName":"Nova Hartz","countryCode":"BR","countryName":"Brazil","stateCode":"RS","coords":["-29.59640000","-50.90836000"]},{"commonName":"Nova Pádua","countryCode":"BR","countryName":"Brazil","stateCode":"RS","coords":["-29.01222000","-51.31451000"]},{"commonName":"Nova Palma","countryCode":"BR","countryName":"Brazil","stateCode":"RS","coords":["-29.40710000","-53.43240000"]},{"commonName":"Nova Petrópolis","countryCode":"BR","countryName":"Brazil","stateCode":"RS","coords":["-29.37639000","-51.11444000"]},{"commonName":"Nova Prata","countryCode":"BR","countryName":"Brazil","stateCode":"RS","coords":["-28.78389000","-51.61000000"]},{"commonName":"Nova Ramada","countryCode":"BR","countryName":"Brazil","stateCode":"RS","coords":["-28.09297000","-53.69502000"]},{"commonName":"Nova Roma do Sul","countryCode":"BR","countryName":"Brazil","stateCode":"RS","coords":["-28.99091000","-51.41443000"]},{"commonName":"Nova Santa Rita","countryCode":"BR","countryName":"Brazil","stateCode":"RS","coords":["-29.83265000","-51.27431000"]},{"commonName":"Novo Barreiro","countryCode":"BR","countryName":"Brazil","stateCode":"RS","coords":["-27.89154000","-53.11220000"]},{"commonName":"Novo Cabrais","countryCode":"BR","countryName":"Brazil","stateCode":"RS","coords":["-29.76161000","-52.98402000"]},{"commonName":"Novo Hamburgo","countryCode":"BR","countryName":"Brazil","stateCode":"RS","coords":["-29.67833000","-51.13056000"]},{"commonName":"Novo Machado","countryCode":"BR","countryName":"Brazil","stateCode":"RS","coords":["-27.55482000","-54.53613000"]},{"commonName":"Novo Tiradentes","countryCode":"BR","countryName":"Brazil","stateCode":"RS","coords":["-27.55948000","-53.15567000"]},{"commonName":"Novo Xingu","countryCode":"BR","countryName":"Brazil","stateCode":"RS","coords":["-27.74556000","-53.04043000"]},{"commonName":"Osório","countryCode":"BR","countryName":"Brazil","stateCode":"RS","coords":["-29.89454000","-50.23467000"]},{"commonName":"Paim Filho","countryCode":"BR","countryName":"Brazil","stateCode":"RS","coords":["-27.72984000","-51.78102000"]},{"commonName":"Palmares do Sul","countryCode":"BR","countryName":"Brazil","stateCode":"RS","coords":["-30.25778000","-50.50972000"]},{"commonName":"Palmeira das Missões","countryCode":"BR","countryName":"Brazil","stateCode":"RS","coords":["-27.89944000","-53.31361000"]},{"commonName":"Palmitinho","countryCode":"BR","countryName":"Brazil","stateCode":"RS","coords":["-27.32268000","-53.59220000"]},{"commonName":"Panambi","countryCode":"BR","countryName":"Brazil","stateCode":"RS","coords":["-28.29250000","-53.50167000"]},{"commonName":"Pantano Grande","countryCode":"BR","countryName":"Brazil","stateCode":"RS","coords":["-30.25817000","-52.34168000"]},{"commonName":"Paraí","countryCode":"BR","countryName":"Brazil","stateCode":"RS","coords":["-28.59575000","-51.79731000"]},{"commonName":"Paraíso do Sul","countryCode":"BR","countryName":"Brazil","stateCode":"RS","coords":["-29.72404000","-53.11162000"]},{"commonName":"Pareci Novo","countryCode":"BR","countryName":"Brazil","stateCode":"RS","coords":["-29.61153000","-51.42691000"]},{"commonName":"Parobé","countryCode":"BR","countryName":"Brazil","stateCode":"RS","coords":["-29.62861000","-50.83472000"]},{"commonName":"Passa Sete","countryCode":"BR","countryName":"Brazil","stateCode":"RS","coords":["-29.43060000","-52.86514000"]},{"commonName":"Passo do Sobrado","countryCode":"BR","countryName":"Brazil","stateCode":"RS","coords":["-29.73133000","-52.23175000"]},{"commonName":"Passo Fundo","countryCode":"BR","countryName":"Brazil","stateCode":"RS","coords":["-28.26278000","-52.40667000"]},{"commonName":"Paulo Bento","countryCode":"BR","countryName":"Brazil","stateCode":"RS","coords":["-27.73673000","-52.39667000"]},{"commonName":"Paverama","countryCode":"BR","countryName":"Brazil","stateCode":"RS","coords":["-29.59556000","-51.72344000"]},{"commonName":"Pedras Altas","countryCode":"BR","countryName":"Brazil","stateCode":"RS","coords":["-31.83276000","-53.63272000"]},{"commonName":"Pedro Osório","countryCode":"BR","countryName":"Brazil","stateCode":"RS","coords":["-31.95760000","-52.89419000"]},{"commonName":"Pejuçara","countryCode":"BR","countryName":"Brazil","stateCode":"RS","coords":["-28.45442000","-53.61044000"]},{"commonName":"Pelotas","countryCode":"BR","countryName":"Brazil","stateCode":"RS","coords":["-31.76997000","-52.34101000"]},{"commonName":"Picada Café","countryCode":"BR","countryName":"Brazil","stateCode":"RS","coords":["-29.44757000","-51.11522000"]},{"commonName":"Pinhal","countryCode":"BR","countryName":"Brazil","stateCode":"RS","coords":["-27.52636000","-53.23425000"]},{"commonName":"Pinhal da Serra","countryCode":"BR","countryName":"Brazil","stateCode":"RS","coords":["-27.88164000","-51.22450000"]},{"commonName":"Pinhal Grande","countryCode":"BR","countryName":"Brazil","stateCode":"RS","coords":["-29.27075000","-53.34587000"]},{"commonName":"Pinheirinho do Vale","countryCode":"BR","countryName":"Brazil","stateCode":"RS","coords":["-27.22637000","-53.63352000"]},{"commonName":"Pinheiro Machado","countryCode":"BR","countryName":"Brazil","stateCode":"RS","coords":["-31.57833000","-53.38111000"]},{"commonName":"Pinheiros","countryCode":"BR","countryName":"Brazil","stateCode":"RS","coords":["-29.78333000","-52.73333000"]},{"commonName":"Pinto Bandeira","countryCode":"BR","countryName":"Brazil","stateCode":"RS","coords":["-29.09289000","-51.46180000"]},{"commonName":"Pirapó","countryCode":"BR","countryName":"Brazil","stateCode":"RS","coords":["-28.05287000","-55.23460000"]},{"commonName":"Piratini","countryCode":"BR","countryName":"Brazil","stateCode":"RS","coords":["-31.41655000","-53.11163000"]},{"commonName":"Planalto","countryCode":"BR","countryName":"Brazil","stateCode":"RS","coords":["-27.34391000","-53.08947000"]},{"commonName":"Poço das Antas","countryCode":"BR","countryName":"Brazil","stateCode":"RS","coords":["-29.45339000","-51.66969000"]},{"commonName":"Pontão","countryCode":"BR","countryName":"Brazil","stateCode":"RS","coords":["-28.04977000","-52.63740000"]},{"commonName":"Ponte Preta","countryCode":"BR","countryName":"Brazil","stateCode":"RS","coords":["-27.67688000","-52.51736000"]},{"commonName":"Portão","countryCode":"BR","countryName":"Brazil","stateCode":"RS","coords":["-29.70746000","-51.23572000"]},{"commonName":"Porto Alegre","countryCode":"BR","countryName":"Brazil","stateCode":"RS","coords":["-30.03283000","-51.23019000"]},{"commonName":"Porto Lucena","countryCode":"BR","countryName":"Brazil","stateCode":"RS","coords":["-27.84663000","-54.96059000"]},{"commonName":"Porto Mauá","countryCode":"BR","countryName":"Brazil","stateCode":"RS","coords":["-27.59808000","-54.65773000"]},{"commonName":"Porto Vera Cruz","countryCode":"BR","countryName":"Brazil","stateCode":"RS","coords":["-27.76244000","-54.90094000"]},{"commonName":"Porto Xavier","countryCode":"BR","countryName":"Brazil","stateCode":"RS","coords":["-27.93317000","-55.15422000"]},{"commonName":"Pouso Novo","countryCode":"BR","countryName":"Brazil","stateCode":"RS","coords":["-29.16777000","-52.22165000"]},{"commonName":"Presidente Lucena","countryCode":"BR","countryName":"Brazil","stateCode":"RS","coords":["-29.52778000","-51.19285000"]},{"commonName":"Progresso","countryCode":"BR","countryName":"Brazil","stateCode":"RS","coords":["-29.22873000","-52.30960000"]},{"commonName":"Protásio Alves","countryCode":"BR","countryName":"Brazil","stateCode":"RS","coords":["-28.74413000","-51.49620000"]},{"commonName":"Putinga","countryCode":"BR","countryName":"Brazil","stateCode":"RS","coords":["-29.04776000","-52.16503000"]},{"commonName":"Quaraí","countryCode":"BR","countryName":"Brazil","stateCode":"RS","coords":["-30.38750000","-56.45139000"]},{"commonName":"Quatro Irmãos","countryCode":"BR","countryName":"Brazil","stateCode":"RS","coords":["-27.81251000","-52.46069000"]},{"commonName":"Quevedos","countryCode":"BR","countryName":"Brazil","stateCode":"RS","coords":["-29.30670000","-54.07002000"]},{"commonName":"Quinze de Novembro","countryCode":"BR","countryName":"Brazil","stateCode":"RS","coords":["-28.74442000","-53.11648000"]},{"commonName":"Redentora","countryCode":"BR","countryName":"Brazil","stateCode":"RS","coords":["-27.56833000","-53.60924000"]},{"commonName":"Relvado","countryCode":"BR","countryName":"Brazil","stateCode":"RS","coords":["-29.12666000","-52.05393000"]},{"commonName":"Restinga Sêca","countryCode":"BR","countryName":"Brazil","stateCode":"RS","coords":["-29.82715000","-53.34008000"]},{"commonName":"Rio dos Índios","countryCode":"BR","countryName":"Brazil","stateCode":"RS","coords":["-27.25523000","-52.87641000"]},{"commonName":"Rio Grande","countryCode":"BR","countryName":"Brazil","stateCode":"RS","coords":["-32.07811000","-52.35014000"]},{"commonName":"Rio Pardo","countryCode":"BR","countryName":"Brazil","stateCode":"RS","coords":["-29.98972000","-52.37806000"]},{"commonName":"Riozinho","countryCode":"BR","countryName":"Brazil","stateCode":"RS","coords":["-29.59847000","-50.39225000"]},{"commonName":"Roca Sales","countryCode":"BR","countryName":"Brazil","stateCode":"RS","coords":["-29.22637000","-51.82440000"]},{"commonName":"Rodeio Bonito","countryCode":"BR","countryName":"Brazil","stateCode":"RS","coords":["-27.46968000","-53.17038000"]},{"commonName":"Rolador","countryCode":"BR","countryName":"Brazil","stateCode":"RS","coords":["-28.27096000","-54.85608000"]},{"commonName":"Rolante","countryCode":"BR","countryName":"Brazil","stateCode":"RS","coords":["-29.65056000","-50.57583000"]},{"commonName":"Ronda Alta","countryCode":"BR","countryName":"Brazil","stateCode":"RS","coords":["-27.82614000","-52.72873000"]},{"commonName":"Rondinha","countryCode":"BR","countryName":"Brazil","stateCode":"RS","coords":["-27.83287000","-52.91661000"]},{"commonName":"Roque Gonzales","countryCode":"BR","countryName":"Brazil","stateCode":"RS","coords":["-28.05673000","-55.12048000"]},{"commonName":"Rosário do Sul","countryCode":"BR","countryName":"Brazil","stateCode":"RS","coords":["-30.25833000","-54.91417000"]},{"commonName":"Sagrada Família","countryCode":"BR","countryName":"Brazil","stateCode":"RS","coords":["-27.71478000","-53.12850000"]},{"commonName":"Saldanha Marinho","countryCode":"BR","countryName":"Brazil","stateCode":"RS","coords":["-28.38701000","-53.09584000"]},{"commonName":"Salto do Jacuí","countryCode":"BR","countryName":"Brazil","stateCode":"RS","coords":["-29.04212000","-53.16909000"]},{"commonName":"Salvador das Missões","countryCode":"BR","countryName":"Brazil","stateCode":"RS","coords":["-28.07697000","-54.82880000"]},{"commonName":"Salvador do Sul","countryCode":"BR","countryName":"Brazil","stateCode":"RS","coords":["-29.48006000","-51.51407000"]},{"commonName":"Sananduva","countryCode":"BR","countryName":"Brazil","stateCode":"RS","coords":["-27.94972000","-51.80667000"]},{"commonName":"Sant'Ana do Livramento","countryCode":"BR","countryName":"Brazil","stateCode":"RS","coords":["-30.78069000","-55.48158000"]},{"commonName":"Santa Bárbara do Sul","countryCode":"BR","countryName":"Brazil","stateCode":"RS","coords":["-28.37429000","-53.25738000"]},{"commonName":"Santa Cecília do Sul","countryCode":"BR","countryName":"Brazil","stateCode":"RS","coords":["-28.17256000","-51.92401000"]},{"commonName":"Santa Clara do Sul","countryCode":"BR","countryName":"Brazil","stateCode":"RS","coords":["-29.45575000","-52.14362000"]},{"commonName":"Santa Cruz do Sul","countryCode":"BR","countryName":"Brazil","stateCode":"RS","coords":["-29.71750000","-52.42583000"]},{"commonName":"Santa Margarida do Sul","countryCode":"BR","countryName":"Brazil","stateCode":"RS","coords":["-30.36744000","-54.10999000"]},{"commonName":"Santa Maria","countryCode":"BR","countryName":"Brazil","stateCode":"RS","coords":["-29.68417000","-53.80694000"]},{"commonName":"Santa Maria do Herval","countryCode":"BR","countryName":"Brazil","stateCode":"RS","coords":["-29.47954000","-50.98806000"]},{"commonName":"Santa Rosa","countryCode":"BR","countryName":"Brazil","stateCode":"RS","coords":["-27.87083000","-54.48139000"]},{"commonName":"Santa Tereza","countryCode":"BR","countryName":"Brazil","stateCode":"RS","coords":["-29.15063000","-51.72160000"]},{"commonName":"Santa Vitória do Palmar","countryCode":"BR","countryName":"Brazil","stateCode":"RS","coords":["-33.51889000","-53.36806000"]},{"commonName":"Santana da Boa Vista","countryCode":"BR","countryName":"Brazil","stateCode":"RS","coords":["-30.76195000","-53.18297000"]},{"commonName":"Santana do Livramento","countryCode":"BR","countryName":"Brazil","stateCode":"RS","coords":["-30.89083000","-55.53278000"]},{"commonName":"Santiago","countryCode":"BR","countryName":"Brazil","stateCode":"RS","coords":["-29.11368000","-54.73359000"]},{"commonName":"Santo Ângelo","countryCode":"BR","countryName":"Brazil","stateCode":"RS","coords":["-28.29917000","-54.26306000"]},{"commonName":"Santo Antônio da Patrulha","countryCode":"BR","countryName":"Brazil","stateCode":"RS","coords":["-29.82214000","-50.56024000"]},{"commonName":"Santo Antônio das Missões","countryCode":"BR","countryName":"Brazil","stateCode":"RS","coords":["-28.47797000","-55.40876000"]},{"commonName":"Santo Antônio do Palma","countryCode":"BR","countryName":"Brazil","stateCode":"RS","coords":["-28.48630000","-52.01930000"]},{"commonName":"Santo Antônio do Planalto","countryCode":"BR","countryName":"Brazil","stateCode":"RS","coords":["-28.38607000","-52.66579000"]},{"commonName":"Santo Augusto","countryCode":"BR","countryName":"Brazil","stateCode":"RS","coords":["-27.85083000","-53.77722000"]},{"commonName":"Santo Cristo","countryCode":"BR","countryName":"Brazil","stateCode":"RS","coords":["-27.78844000","-54.70378000"]},{"commonName":"Santo Expedito do Sul","countryCode":"BR","countryName":"Brazil","stateCode":"RS","coords":["-27.92306000","-51.67042000"]},{"commonName":"São Borja","countryCode":"BR","countryName":"Brazil","stateCode":"RS","coords":["-28.66056000","-56.00444000"]},{"commonName":"São Domingos do Sul","countryCode":"BR","countryName":"Brazil","stateCode":"RS","coords":["-28.54446000","-51.87330000"]},{"commonName":"São Francisco de Assis","countryCode":"BR","countryName":"Brazil","stateCode":"RS","coords":["-29.55028000","-55.13111000"]},{"commonName":"São Francisco de Paula","countryCode":"BR","countryName":"Brazil","stateCode":"RS","coords":["-29.24246000","-50.44928000"]},{"commonName":"São Gabriel","countryCode":"BR","countryName":"Brazil","stateCode":"RS","coords":["-30.33369000","-54.33029000"]},{"commonName":"São Jerônimo","countryCode":"BR","countryName":"Brazil","stateCode":"RS","coords":["-29.95917000","-51.72222000"]},{"commonName":"São João da Urtiga","countryCode":"BR","countryName":"Brazil","stateCode":"RS","coords":["-27.79677000","-51.83882000"]},{"commonName":"São João do Polêsine","countryCode":"BR","countryName":"Brazil","stateCode":"RS","coords":["-29.64559000","-53.47291000"]},{"commonName":"São Jorge","countryCode":"BR","countryName":"Brazil","stateCode":"RS","coords":["-28.49890000","-51.73076000"]},{"commonName":"São José das Missões","countryCode":"BR","countryName":"Brazil","stateCode":"RS","coords":["-27.79738000","-53.12963000"]},{"commonName":"São José do Herval","countryCode":"BR","countryName":"Brazil","stateCode":"RS","coords":["-29.06441000","-52.27281000"]},{"commonName":"São José do Hortêncio","countryCode":"BR","countryName":"Brazil","stateCode":"RS","coords":["-29.54364000","-51.24977000"]},{"commonName":"São José do Inhacorá","countryCode":"BR","countryName":"Brazil","stateCode":"RS","coords":["-27.73525000","-54.12155000"]},{"commonName":"São José do Norte","countryCode":"BR","countryName":"Brazil","stateCode":"RS","coords":["-31.80089000","-51.76198000"]},{"commonName":"São José do Ouro","countryCode":"BR","countryName":"Brazil","stateCode":"RS","coords":["-27.75580000","-51.55722000"]},{"commonName":"São José do Sul","countryCode":"BR","countryName":"Brazil","stateCode":"RS","coords":["-29.54416000","-51.49254000"]},{"commonName":"São José dos Ausentes","countryCode":"BR","countryName":"Brazil","stateCode":"RS","coords":["-28.68307000","-49.94674000"]},{"commonName":"São Leopoldo","countryCode":"BR","countryName":"Brazil","stateCode":"RS","coords":["-29.76028000","-51.14722000"]},{"commonName":"São Lourenço do Sul","countryCode":"BR","countryName":"Brazil","stateCode":"RS","coords":["-31.36528000","-51.97833000"]},{"commonName":"São Luiz Gonzaga","countryCode":"BR","countryName":"Brazil","stateCode":"RS","coords":["-28.40833000","-54.96083000"]},{"commonName":"São Marcos","countryCode":"BR","countryName":"Brazil","stateCode":"RS","coords":["-28.96872000","-51.04900000"]},{"commonName":"São Martinho","countryCode":"BR","countryName":"Brazil","stateCode":"RS","coords":["-27.72779000","-53.96611000"]},{"commonName":"São Martinho da Serra","countryCode":"BR","countryName":"Brazil","stateCode":"RS","coords":["-29.45793000","-53.88452000"]},{"commonName":"São Miguel das Missões","countryCode":"BR","countryName":"Brazil","stateCode":"RS","coords":["-28.72430000","-54.50818000"]},{"commonName":"São Nicolau","countryCode":"BR","countryName":"Brazil","stateCode":"RS","coords":["-28.22363000","-55.25589000"]},{"commonName":"São Paulo das Missões","countryCode":"BR","countryName":"Brazil","stateCode":"RS","coords":["-27.96215000","-54.95513000"]},{"commonName":"São Pedro da Serra","countryCode":"BR","countryName":"Brazil","stateCode":"RS","coords":["-29.42131000","-51.51442000"]},{"commonName":"São Pedro das Missões","countryCode":"BR","countryName":"Brazil","stateCode":"RS","coords":["-27.79277000","-53.24444000"]},{"commonName":"São Pedro do Butiá","countryCode":"BR","countryName":"Brazil","stateCode":"RS","coords":["-28.15561000","-54.90336000"]},{"commonName":"São Pedro do Sul","countryCode":"BR","countryName":"Brazil","stateCode":"RS","coords":["-29.62056000","-54.17889000"]},{"commonName":"São Sebastião do Caí","countryCode":"BR","countryName":"Brazil","stateCode":"RS","coords":["-29.58667000","-51.37556000"]},{"commonName":"São Sepé","countryCode":"BR","countryName":"Brazil","stateCode":"RS","coords":["-30.16056000","-53.56528000"]},{"commonName":"São Valentim","countryCode":"BR","countryName":"Brazil","stateCode":"RS","coords":["-27.55106000","-52.58722000"]},{"commonName":"São Valentim do Sul","countryCode":"BR","countryName":"Brazil","stateCode":"RS","coords":["-29.06303000","-51.73687000"]},{"commonName":"São Valério do Sul","countryCode":"BR","countryName":"Brazil","stateCode":"RS","coords":["-27.81235000","-53.92050000"]},{"commonName":"São Vendelino","countryCode":"BR","countryName":"Brazil","stateCode":"RS","coords":["-29.38319000","-51.37289000"]},{"commonName":"São Vicente do Sul","countryCode":"BR","countryName":"Brazil","stateCode":"RS","coords":["-29.71725000","-54.76241000"]},{"commonName":"Sapiranga","countryCode":"BR","countryName":"Brazil","stateCode":"RS","coords":["-29.63806000","-51.00694000"]},{"commonName":"Sapucaia","countryCode":"BR","countryName":"Brazil","stateCode":"RS","coords":["-29.83333000","-51.15000000"]},{"commonName":"Sapucaia do Sul","countryCode":"BR","countryName":"Brazil","stateCode":"RS","coords":["-29.81826000","-51.15527000"]},{"commonName":"Sarandi","countryCode":"BR","countryName":"Brazil","stateCode":"RS","coords":["-27.94389000","-52.92306000"]},{"commonName":"Seberi","countryCode":"BR","countryName":"Brazil","stateCode":"RS","coords":["-27.50884000","-53.36482000"]},{"commonName":"Sede Nova","countryCode":"BR","countryName":"Brazil","stateCode":"RS","coords":["-27.64490000","-53.96149000"]},{"commonName":"Segredo","countryCode":"BR","countryName":"Brazil","stateCode":"RS","coords":["-29.29705000","-52.92281000"]},{"commonName":"Selbach","countryCode":"BR","countryName":"Brazil","stateCode":"RS","coords":["-28.67641000","-52.98236000"]},{"commonName":"Senador Salgado Filho","countryCode":"BR","countryName":"Brazil","stateCode":"RS","coords":["-28.02951000","-54.52396000"]},{"commonName":"Sentinela do Sul","countryCode":"BR","countryName":"Brazil","stateCode":"RS","coords":["-30.60341000","-51.62096000"]},{"commonName":"Serafina Corrêa","countryCode":"BR","countryName":"Brazil","stateCode":"RS","coords":["-28.69115000","-51.92671000"]},{"commonName":"Sério","countryCode":"BR","countryName":"Brazil","stateCode":"RS","coords":["-29.40642000","-52.24358000"]},{"commonName":"Sertão","countryCode":"BR","countryName":"Brazil","stateCode":"RS","coords":["-28.00412000","-52.35664000"]},{"commonName":"Sertão Santana","countryCode":"BR","countryName":"Brazil","stateCode":"RS","coords":["-30.49105000","-51.66541000"]},{"commonName":"Sete de Setembro","countryCode":"BR","countryName":"Brazil","stateCode":"RS","coords":["-28.12546000","-54.47905000"]},{"commonName":"Severiano de Almeida","countryCode":"BR","countryName":"Brazil","stateCode":"RS","coords":["-27.40649000","-52.10747000"]},{"commonName":"Silveira Martins","countryCode":"BR","countryName":"Brazil","stateCode":"RS","coords":["-29.63635000","-53.54609000"]},{"commonName":"Sinimbu","countryCode":"BR","countryName":"Brazil","stateCode":"RS","coords":["-29.41512000","-52.60499000"]},{"commonName":"Sobradinho","countryCode":"BR","countryName":"Brazil","stateCode":"RS","coords":["-29.41325000","-53.02018000"]},{"commonName":"Soledade","countryCode":"BR","countryName":"Brazil","stateCode":"RS","coords":["-28.84047000","-52.51015000"]},{"commonName":"Tabaí","countryCode":"BR","countryName":"Brazil","stateCode":"RS","coords":["-29.66719000","-51.72796000"]},{"commonName":"Tapejara","countryCode":"BR","countryName":"Brazil","stateCode":"RS","coords":["-28.06426000","-52.00823000"]},{"commonName":"Tapera","countryCode":"BR","countryName":"Brazil","stateCode":"RS","coords":["-28.66758000","-52.86620000"]},{"commonName":"Tapes","countryCode":"BR","countryName":"Brazil","stateCode":"RS","coords":["-30.67333000","-51.39583000"]},{"commonName":"Taquara","countryCode":"BR","countryName":"Brazil","stateCode":"RS","coords":["-29.66336000","-50.76365000"]},{"commonName":"Taquari","countryCode":"BR","countryName":"Brazil","stateCode":"RS","coords":["-29.79972000","-51.86444000"]},{"commonName":"Taquaruçu do Sul","countryCode":"BR","countryName":"Brazil","stateCode":"RS","coords":["-27.40719000","-53.49914000"]},{"commonName":"Tavares","countryCode":"BR","countryName":"Brazil","stateCode":"RS","coords":["-31.27291000","-51.07758000"]},{"commonName":"Tenente Portela","countryCode":"BR","countryName":"Brazil","stateCode":"RS","coords":["-27.36291000","-53.77115000"]},{"commonName":"Terra de Areia","countryCode":"BR","countryName":"Brazil","stateCode":"RS","coords":["-29.58443000","-50.06135000"]},{"commonName":"Teutônia","countryCode":"BR","countryName":"Brazil","stateCode":"RS","coords":["-29.46814000","-51.77144000"]},{"commonName":"Tio Hugo","countryCode":"BR","countryName":"Brazil","stateCode":"RS","coords":["-28.58180000","-52.59736000"]},{"commonName":"Tiradentes do Sul","countryCode":"BR","countryName":"Brazil","stateCode":"RS","coords":["-27.38183000","-54.11303000"]},{"commonName":"Toropi","countryCode":"BR","countryName":"Brazil","stateCode":"RS","coords":["-29.47869000","-54.29307000"]},{"commonName":"Torres","countryCode":"BR","countryName":"Brazil","stateCode":"RS","coords":["-29.29667000","-49.81982000"]},{"commonName":"Tramandaí","countryCode":"BR","countryName":"Brazil","stateCode":"RS","coords":["-30.03977000","-50.23016000"]},{"commonName":"Travesseiro","countryCode":"BR","countryName":"Brazil","stateCode":"RS","coords":["-29.28808000","-52.09974000"]},{"commonName":"Três Arroios","countryCode":"BR","countryName":"Brazil","stateCode":"RS","coords":["-27.48222000","-52.18370000"]},{"commonName":"Três Cachoeiras","countryCode":"BR","countryName":"Brazil","stateCode":"RS","coords":["-29.47525000","-49.98487000"]},{"commonName":"Três Coroas","countryCode":"BR","countryName":"Brazil","stateCode":"RS","coords":["-29.46604000","-50.77684000"]},{"commonName":"Três de Maio","countryCode":"BR","countryName":"Brazil","stateCode":"RS","coords":["-27.73449000","-54.26018000"]},{"commonName":"Três Forquilhas","countryCode":"BR","countryName":"Brazil","stateCode":"RS","coords":["-29.43246000","-50.08341000"]},{"commonName":"Três Palmeiras","countryCode":"BR","countryName":"Brazil","stateCode":"RS","coords":["-27.61276000","-52.86635000"]},{"commonName":"Três Passos","countryCode":"BR","countryName":"Brazil","stateCode":"RS","coords":["-27.43083000","-53.92238000"]},{"commonName":"Trindade do Sul","countryCode":"BR","countryName":"Brazil","stateCode":"RS","coords":["-27.52679000","-52.91351000"]},{"commonName":"Triunfo","countryCode":"BR","countryName":"Brazil","stateCode":"RS","coords":["-29.82246000","-51.56027000"]},{"commonName":"Tucunduva","countryCode":"BR","countryName":"Brazil","stateCode":"RS","coords":["-27.64923000","-54.43972000"]},{"commonName":"Tunas","countryCode":"BR","countryName":"Brazil","stateCode":"RS","coords":["-29.10586000","-52.89867000"]},{"commonName":"Tupanci do Sul","countryCode":"BR","countryName":"Brazil","stateCode":"RS","coords":["-27.92640000","-51.54450000"]},{"commonName":"Tupanciretã","countryCode":"BR","countryName":"Brazil","stateCode":"RS","coords":["-29.02190000","-53.97471000"]},{"commonName":"Tupandi","countryCode":"BR","countryName":"Brazil","stateCode":"RS","coords":["-29.48000000","-51.43044000"]},{"commonName":"Tuparendi","countryCode":"BR","countryName":"Brazil","stateCode":"RS","coords":["-27.68918000","-54.55912000"]},{"commonName":"Turuçu","countryCode":"BR","countryName":"Brazil","stateCode":"RS","coords":["-31.52317000","-52.12870000"]},{"commonName":"Ubiretama","countryCode":"BR","countryName":"Brazil","stateCode":"RS","coords":["-28.05186000","-54.66252000"]},{"commonName":"União da Serra","countryCode":"BR","countryName":"Brazil","stateCode":"RS","coords":["-28.78526000","-52.03971000"]},{"commonName":"Unistalda","countryCode":"BR","countryName":"Brazil","stateCode":"RS","coords":["-29.08248000","-55.19194000"]},{"commonName":"Uruguaiana","countryCode":"BR","countryName":"Brazil","stateCode":"RS","coords":["-29.82797000","-56.63224000"]},{"commonName":"Vacaria","countryCode":"BR","countryName":"Brazil","stateCode":"RS","coords":["-28.41223000","-50.94431000"]},{"commonName":"Vale do Sol","countryCode":"BR","countryName":"Brazil","stateCode":"RS","coords":["-29.58160000","-52.68161000"]},{"commonName":"Vale Real","countryCode":"BR","countryName":"Brazil","stateCode":"RS","coords":["-29.34986000","-51.23013000"]},{"commonName":"Vale Verde","countryCode":"BR","countryName":"Brazil","stateCode":"RS","coords":["-29.83509000","-52.10562000"]},{"commonName":"Vanini","countryCode":"BR","countryName":"Brazil","stateCode":"RS","coords":["-28.48831000","-51.83316000"]},{"commonName":"Venâncio Aires","countryCode":"BR","countryName":"Brazil","stateCode":"RS","coords":["-29.54206000","-52.21959000"]},{"commonName":"Vera Cruz","countryCode":"BR","countryName":"Brazil","stateCode":"RS","coords":["-29.77275000","-52.52818000"]},{"commonName":"Veranópolis","countryCode":"BR","countryName":"Brazil","stateCode":"RS","coords":["-28.97791000","-51.55656000"]},{"commonName":"Vespasiano Corrêa","countryCode":"BR","countryName":"Brazil","stateCode":"RS","coords":["-29.07064000","-51.86646000"]},{"commonName":"Viadutos","countryCode":"BR","countryName":"Brazil","stateCode":"RS","coords":["-27.57743000","-51.98735000"]},{"commonName":"Viamão","countryCode":"BR","countryName":"Brazil","stateCode":"RS","coords":["-30.08111000","-51.02333000"]},{"commonName":"Vicente Dutra","countryCode":"BR","countryName":"Brazil","stateCode":"RS","coords":["-27.17975000","-53.39966000"]},{"commonName":"Victor Graeff","countryCode":"BR","countryName":"Brazil","stateCode":"RS","coords":["-28.54502000","-52.68069000"]},{"commonName":"Vila Flores","countryCode":"BR","countryName":"Brazil","stateCode":"RS","coords":["-28.86838000","-51.52935000"]},{"commonName":"Vila Lângaro","countryCode":"BR","countryName":"Brazil","stateCode":"RS","coords":["-28.12778000","-52.14152000"]},{"commonName":"Vila Maria","countryCode":"BR","countryName":"Brazil","stateCode":"RS","coords":["-28.55505000","-52.16380000"]},{"commonName":"Vila Nova do Sul","countryCode":"BR","countryName":"Brazil","stateCode":"RS","coords":["-30.33711000","-53.88004000"]},{"commonName":"Vista Alegre","countryCode":"BR","countryName":"Brazil","stateCode":"RS","coords":["-27.31083000","-53.51572000"]},{"commonName":"Vista Alegre do Prata","countryCode":"BR","countryName":"Brazil","stateCode":"RS","coords":["-28.83075000","-51.79221000"]},{"commonName":"Vista Gaúcha","countryCode":"BR","countryName":"Brazil","stateCode":"RS","coords":["-27.26738000","-53.69737000"]},{"commonName":"Vitória das Missões","countryCode":"BR","countryName":"Brazil","stateCode":"RS","coords":["-28.35473000","-54.48174000"]},{"commonName":"Westfália","countryCode":"BR","countryName":"Brazil","stateCode":"RS","coords":["-29.42302000","-51.75617000"]},{"commonName":"Xangri-lá","countryCode":"BR","countryName":"Brazil","stateCode":"RS","coords":["-29.81049000","-50.09223000"]}]