[{"commonName":"Abitibi-Témiscamingue","countryCode":"CA","countryName":"Canada","stateCode":"QC","coords":["48.10018000","-77.78280000"]},{"commonName":"Acton Vale","countryCode":"CA","countryName":"Canada","stateCode":"QC","coords":["45.65007000","-72.56582000"]},{"commonName":"Adstock","countryCode":"CA","countryName":"Canada","stateCode":"QC","coords":["46.05007000","-71.08235000"]},{"commonName":"Albanel","countryCode":"CA","countryName":"Canada","stateCode":"QC","coords":["48.88324000","-72.44867000"]},{"commonName":"Alma","countryCode":"CA","countryName":"Canada","stateCode":"QC","coords":["48.55009000","-71.64910000"]},{"commonName":"Amos","countryCode":"CA","countryName":"Canada","stateCode":"QC","coords":["48.56688000","-78.11624000"]},{"commonName":"Amqui","countryCode":"CA","countryName":"Canada","stateCode":"QC","coords":["48.46382000","-67.43134000"]},{"commonName":"Ange-Gardien","countryCode":"CA","countryName":"Canada","stateCode":"QC","coords":["45.35008000","-72.93244000"]},{"commonName":"Asbestos","countryCode":"CA","countryName":"Canada","stateCode":"QC","coords":["45.76678000","-71.93240000"]},{"commonName":"Baie-Comeau","countryCode":"CA","countryName":"Canada","stateCode":"QC","coords":["49.21679000","-68.14894000"]},{"commonName":"Baie-D'Urfé","countryCode":"CA","countryName":"Canada","stateCode":"QC","coords":["45.41397000","-73.91586000"]},{"commonName":"Baie-Saint-Paul","countryCode":"CA","countryName":"Canada","stateCode":"QC","coords":["47.44109000","-70.49858000"]},{"commonName":"Barraute","countryCode":"CA","countryName":"Canada","stateCode":"QC","coords":["48.43349000","-77.63279000"]},{"commonName":"Bas-Saint-Laurent","countryCode":"CA","countryName":"Canada","stateCode":"QC","coords":["48.05030000","-68.02266000"]},{"commonName":"Beaconsfield","countryCode":"CA","countryName":"Canada","stateCode":"QC","coords":["45.43341000","-73.86586000"]},{"commonName":"Beauceville","countryCode":"CA","countryName":"Canada","stateCode":"QC","coords":["46.21785000","-70.77873000"]},{"commonName":"Beauharnois","countryCode":"CA","countryName":"Canada","stateCode":"QC","coords":["45.31341000","-73.87250000"]},{"commonName":"Beaupré","countryCode":"CA","countryName":"Canada","stateCode":"QC","coords":["47.04428000","-70.89529000"]},{"commonName":"Bécancour","countryCode":"CA","countryName":"Canada","stateCode":"QC","coords":["46.34106000","-72.43224000"]},{"commonName":"Bedford","countryCode":"CA","countryName":"Canada","stateCode":"QC","coords":["45.11678000","-72.98244000"]},{"commonName":"Beloeil","countryCode":"CA","countryName":"Canada","stateCode":"QC","coords":["45.56839000","-73.20568000"]},{"commonName":"Berthierville","countryCode":"CA","countryName":"Canada","stateCode":"QC","coords":["46.08336000","-73.18245000"]},{"commonName":"Blainville","countryCode":"CA","countryName":"Canada","stateCode":"QC","coords":["45.66678000","-73.88249000"]},{"commonName":"Bois-des-Filion","countryCode":"CA","countryName":"Canada","stateCode":"QC","coords":["45.66678000","-73.74918000"]},{"commonName":"Boisbriand","countryCode":"CA","countryName":"Canada","stateCode":"QC","coords":["45.61678000","-73.83249000"]},{"commonName":"Bonaventure","countryCode":"CA","countryName":"Canada","stateCode":"QC","coords":["48.04573000","-65.49259000"]},{"commonName":"Boucherville","countryCode":"CA","countryName":"Canada","stateCode":"QC","coords":["45.59104000","-73.43605000"]},{"commonName":"Breakeyville","countryCode":"CA","countryName":"Canada","stateCode":"QC","coords":["46.68037000","-71.22327000"]},{"commonName":"Bromont","countryCode":"CA","countryName":"Canada","stateCode":"QC","coords":["45.31678000","-72.64912000"]},{"commonName":"Brossard","countryCode":"CA","countryName":"Canada","stateCode":"QC","coords":["45.45008000","-73.46583000"]},{"commonName":"Brownsburg-Chatham","countryCode":"CA","countryName":"Canada","stateCode":"QC","coords":["45.68342000","-74.41590000"]},{"commonName":"Buckingham","countryCode":"CA","countryName":"Canada","stateCode":"QC","coords":["45.58563000","-75.42080000"]},{"commonName":"Cabano","countryCode":"CA","countryName":"Canada","stateCode":"QC","coords":["47.68065000","-68.87810000"]},{"commonName":"Cacouna","countryCode":"CA","countryName":"Canada","stateCode":"QC","coords":["47.91657000","-69.50054000"]},{"commonName":"Candiac","countryCode":"CA","countryName":"Canada","stateCode":"QC","coords":["45.38338000","-73.51587000"]},{"commonName":"Cantley","countryCode":"CA","countryName":"Canada","stateCode":"QC","coords":["45.56680000","-75.78265000"]},{"commonName":"Cap-Chat","countryCode":"CA","countryName":"Canada","stateCode":"QC","coords":["49.10009000","-66.68212000"]},{"commonName":"Cap-Santé","countryCode":"CA","countryName":"Canada","stateCode":"QC","coords":["46.67159000","-71.78812000"]},{"commonName":"Capitale-Nationale","countryCode":"CA","countryName":"Canada","stateCode":"QC","coords":["47.37600000","-71.12337000"]},{"commonName":"Carignan","countryCode":"CA","countryName":"Canada","stateCode":"QC","coords":["45.45008000","-73.29916000"]},{"commonName":"Carleton","countryCode":"CA","countryName":"Canada","stateCode":"QC","coords":["48.09838000","-66.10036000"]},{"commonName":"Carleton-sur-Mer","countryCode":"CA","countryName":"Canada","stateCode":"QC","coords":["48.10749000","-66.12800000"]},{"commonName":"Centre-du-Québec","countryCode":"CA","countryName":"Canada","stateCode":"QC","coords":["46.01985000","-71.98242000"]},{"commonName":"Chambly","countryCode":"CA","countryName":"Canada","stateCode":"QC","coords":["45.45008000","-73.28246000"]},{"commonName":"Chambord","countryCode":"CA","countryName":"Canada","stateCode":"QC","coords":["48.43339000","-72.06583000"]},{"commonName":"Chandler","countryCode":"CA","countryName":"Canada","stateCode":"QC","coords":["48.34935000","-64.67926000"]},{"commonName":"Chapais","countryCode":"CA","countryName":"Canada","stateCode":"QC","coords":["49.78344000","-74.84919000"]},{"commonName":"Charlemagne","countryCode":"CA","countryName":"Canada","stateCode":"QC","coords":["45.71678000","-73.48247000"]},{"commonName":"Château-Richer","countryCode":"CA","countryName":"Canada","stateCode":"QC","coords":["46.96031000","-71.03219000"]},{"commonName":"Châteauguay","countryCode":"CA","countryName":"Canada","stateCode":"QC","coords":["45.38338000","-73.74919000"]},{"commonName":"Chaudière-Appalaches","countryCode":"CA","countryName":"Canada","stateCode":"QC","coords":["46.55500000","-70.83080000"]},{"commonName":"Chertsey","countryCode":"CA","countryName":"Canada","stateCode":"QC","coords":["46.07109000","-73.89095000"]},{"commonName":"Chibougamau","countryCode":"CA","countryName":"Canada","stateCode":"QC","coords":["49.91684000","-74.36586000"]},{"commonName":"Chute-aux-Outardes","countryCode":"CA","countryName":"Canada","stateCode":"QC","coords":["49.11679000","-68.39896000"]},{"commonName":"Coaticook","countryCode":"CA","countryName":"Canada","stateCode":"QC","coords":["45.13339000","-71.79907000"]},{"commonName":"Contrecoeur","countryCode":"CA","countryName":"Canada","stateCode":"QC","coords":["45.85008000","-73.23245000"]},{"commonName":"Cookshire","countryCode":"CA","countryName":"Canada","stateCode":"QC","coords":["45.41536000","-71.62962000"]},{"commonName":"Cookshire-Eaton","countryCode":"CA","countryName":"Canada","stateCode":"QC","coords":["45.41675000","-71.63240000"]},{"commonName":"Côte-Nord","countryCode":"CA","countryName":"Canada","stateCode":"QC","coords":["50.86683000","-65.81541000"]},{"commonName":"Côte-Saint-Luc","countryCode":"CA","countryName":"Canada","stateCode":"QC","coords":["45.46536000","-73.66585000"]},{"commonName":"Coteau-du-Lac","countryCode":"CA","countryName":"Canada","stateCode":"QC","coords":["45.30008000","-74.18253000"]},{"commonName":"Cowansville","countryCode":"CA","countryName":"Canada","stateCode":"QC","coords":["45.20008000","-72.74913000"]},{"commonName":"Crabtree","countryCode":"CA","countryName":"Canada","stateCode":"QC","coords":["45.96677000","-73.46586000"]},{"commonName":"Danville","countryCode":"CA","countryName":"Canada","stateCode":"QC","coords":["45.78337000","-72.01580000"]},{"commonName":"Daveluyville","countryCode":"CA","countryName":"Canada","stateCode":"QC","coords":["46.20006000","-72.13239000"]},{"commonName":"Delson","countryCode":"CA","countryName":"Canada","stateCode":"QC","coords":["45.36678000","-73.54917000"]},{"commonName":"Deux-Montagnes","countryCode":"CA","countryName":"Canada","stateCode":"QC","coords":["45.53455000","-73.90168000"]},{"commonName":"Disraeli","countryCode":"CA","countryName":"Canada","stateCode":"QC","coords":["45.90007000","-71.34907000"]},{"commonName":"Dolbeau-Mistassini","countryCode":"CA","countryName":"Canada","stateCode":"QC","coords":["48.87860000","-72.23142000"]},{"commonName":"Dollard-Des Ormeaux","countryCode":"CA","countryName":"Canada","stateCode":"QC","coords":["45.49452000","-73.82419000"]},{"commonName":"Donnacona","countryCode":"CA","countryName":"Canada","stateCode":"QC","coords":["46.68042000","-71.72390000"]},{"commonName":"Dorval","countryCode":"CA","countryName":"Canada","stateCode":"QC","coords":["45.44730000","-73.75335000"]},{"commonName":"Drummondville","countryCode":"CA","countryName":"Canada","stateCode":"QC","coords":["45.88336000","-72.48241000"]},{"commonName":"Dunham","countryCode":"CA","countryName":"Canada","stateCode":"QC","coords":["45.13338000","-72.79913000"]},{"commonName":"East Angus","countryCode":"CA","countryName":"Canada","stateCode":"QC","coords":["45.48338000","-71.66577000"]},{"commonName":"East Broughton","countryCode":"CA","countryName":"Canada","stateCode":"QC","coords":["46.21358000","-71.07674000"]},{"commonName":"Farnham","countryCode":"CA","countryName":"Canada","stateCode":"QC","coords":["45.28338000","-72.98244000"]},{"commonName":"Ferme-Neuve","countryCode":"CA","countryName":"Canada","stateCode":"QC","coords":["46.70011000","-75.44929000"]},{"commonName":"Fermont","countryCode":"CA","countryName":"Canada","stateCode":"QC","coords":["52.78345000","-67.08204000"]},{"commonName":"Forestville","countryCode":"CA","countryName":"Canada","stateCode":"QC","coords":["48.73808000","-69.08478000"]},{"commonName":"Fort-Coulonge","countryCode":"CA","countryName":"Canada","stateCode":"QC","coords":["45.85011000","-76.73272000"]},{"commonName":"Fossambault-sur-le-Lac","countryCode":"CA","countryName":"Canada","stateCode":"QC","coords":["46.87662000","-71.61541000"]},{"commonName":"Franklin","countryCode":"CA","countryName":"Canada","stateCode":"QC","coords":["45.03338000","-73.91591000"]},{"commonName":"Gaspé","countryCode":"CA","countryName":"Canada","stateCode":"QC","coords":["48.83341000","-64.48194000"]},{"commonName":"Gaspésie-Îles-de-la-Madeleine","countryCode":"CA","countryName":"Canada","stateCode":"QC","coords":["48.87555000","-65.40710000"]},{"commonName":"Gatineau","countryCode":"CA","countryName":"Canada","stateCode":"QC","coords":["45.47723000","-75.70164000"]},{"commonName":"Godefroy","countryCode":"CA","countryName":"Canada","stateCode":"QC","coords":["51.75012000","-68.08213000"]},{"commonName":"Granby","countryCode":"CA","countryName":"Canada","stateCode":"QC","coords":["45.40008000","-72.73243000"]},{"commonName":"Hampstead","countryCode":"CA","countryName":"Canada","stateCode":"QC","coords":["45.48064000","-73.66307000"]},{"commonName":"Hauterive","countryCode":"CA","countryName":"Canada","stateCode":"QC","coords":["49.19572000","-68.25813000"]},{"commonName":"Havre-Saint-Pierre","countryCode":"CA","countryName":"Canada","stateCode":"QC","coords":["50.24342000","-63.60264000"]},{"commonName":"Hérouxville","countryCode":"CA","countryName":"Canada","stateCode":"QC","coords":["46.66617000","-72.62512000"]},{"commonName":"Hudson","countryCode":"CA","countryName":"Canada","stateCode":"QC","coords":["45.45008000","-74.14922000"]},{"commonName":"Huntingdon","countryCode":"CA","countryName":"Canada","stateCode":"QC","coords":["45.08339000","-74.16593000"]},{"commonName":"Joliette","countryCode":"CA","countryName":"Canada","stateCode":"QC","coords":["46.01640000","-73.42360000"]},{"commonName":"Jonquière","countryCode":"CA","countryName":"Canada","stateCode":"QC","coords":["48.41648000","-71.24884000"]},{"commonName":"Kingsey Falls","countryCode":"CA","countryName":"Canada","stateCode":"QC","coords":["45.85007000","-72.06580000"]},{"commonName":"Kirkland","countryCode":"CA","countryName":"Canada","stateCode":"QC","coords":["45.45008000","-73.86586000"]},{"commonName":"L'Ancienne-Lorette","countryCode":"CA","countryName":"Canada","stateCode":"QC","coords":["46.79392000","-71.35191000"]},{"commonName":"L'Ange-Gardien","countryCode":"CA","countryName":"Canada","stateCode":"QC","coords":["46.91976000","-71.08253000"]},{"commonName":"L'Ascension-de-Notre-Seigneur","countryCode":"CA","countryName":"Canada","stateCode":"QC","coords":["48.68339000","-71.66580000"]},{"commonName":"L'Assomption","countryCode":"CA","countryName":"Canada","stateCode":"QC","coords":["45.82318000","-73.42940000"]},{"commonName":"L'Épiphanie","countryCode":"CA","countryName":"Canada","stateCode":"QC","coords":["45.85008000","-73.48246000"]},{"commonName":"L'Île-Perrot","countryCode":"CA","countryName":"Canada","stateCode":"QC","coords":["45.38338000","-73.94920000"]},{"commonName":"La Conception","countryCode":"CA","countryName":"Canada","stateCode":"QC","coords":["46.15009000","-74.69925000"]},{"commonName":"La Haute-Saint-Charles","countryCode":"CA","countryName":"Canada","stateCode":"QC","coords":["46.89028000","-71.37222000"]},{"commonName":"La Malbaie","countryCode":"CA","countryName":"Canada","stateCode":"QC","coords":["47.65400000","-70.15268000"]},{"commonName":"La Minerve","countryCode":"CA","countryName":"Canada","stateCode":"QC","coords":["46.25009000","-74.93257000"]},{"commonName":"La Pocatière","countryCode":"CA","countryName":"Canada","stateCode":"QC","coords":["47.36733000","-70.03484000"]},{"commonName":"La Prairie","countryCode":"CA","countryName":"Canada","stateCode":"QC","coords":["45.41678000","-73.49917000"]},{"commonName":"La Sarre","countryCode":"CA","countryName":"Canada","stateCode":"QC","coords":["48.80019000","-79.19964000"]},{"commonName":"La Tuque","countryCode":"CA","countryName":"Canada","stateCode":"QC","coords":["47.43337000","-72.78240000"]},{"commonName":"Labelle","countryCode":"CA","countryName":"Canada","stateCode":"QC","coords":["46.28339000","-74.73255000"]},{"commonName":"Lac-Alouette","countryCode":"CA","countryName":"Canada","stateCode":"QC","coords":["45.81698000","-73.95920000"]},{"commonName":"Lac-Brome","countryCode":"CA","countryName":"Canada","stateCode":"QC","coords":["45.21678000","-72.51581000"]},{"commonName":"Lac-Connelly","countryCode":"CA","countryName":"Canada","stateCode":"QC","coords":["45.89788000","-73.97230000"]},{"commonName":"Lac-Lapierre","countryCode":"CA","countryName":"Canada","stateCode":"QC","coords":["45.89837000","-73.77308000"]},{"commonName":"Lac-Mégantic","countryCode":"CA","countryName":"Canada","stateCode":"QC","coords":["45.58338000","-70.88234000"]},{"commonName":"Lac-Simon","countryCode":"CA","countryName":"Canada","stateCode":"QC","coords":["46.15699000","-74.74129000"]},{"commonName":"Lachute","countryCode":"CA","countryName":"Canada","stateCode":"QC","coords":["45.65008000","-74.33253000"]},{"commonName":"Lacolle","countryCode":"CA","countryName":"Canada","stateCode":"QC","coords":["45.08338000","-73.36585000"]},{"commonName":"Lanoraie","countryCode":"CA","countryName":"Canada","stateCode":"QC","coords":["45.96677000","-73.21585000"]},{"commonName":"Laval","countryCode":"CA","countryName":"Canada","stateCode":"QC","coords":["45.56995000","-73.69200000"]},{"commonName":"Lavaltrie","countryCode":"CA","countryName":"Canada","stateCode":"QC","coords":["45.88338000","-73.28245000"]},{"commonName":"Le Bic","countryCode":"CA","countryName":"Canada","stateCode":"QC","coords":["48.37549000","-68.69415000"]},{"commonName":"le Plateau","countryCode":"CA","countryName":"Canada","stateCode":"QC","coords":["45.43514000","-75.78030000"]},{"commonName":"Lebel-sur-Quévillon","countryCode":"CA","countryName":"Canada","stateCode":"QC","coords":["49.05018000","-76.98273000"]},{"commonName":"Leblanc","countryCode":"CA","countryName":"Canada","stateCode":"QC","coords":["48.26683000","-74.34914000"]},{"commonName":"Les Cèdres","countryCode":"CA","countryName":"Canada","stateCode":"QC","coords":["45.30008000","-74.04922000"]},{"commonName":"Les Coteaux","countryCode":"CA","countryName":"Canada","stateCode":"QC","coords":["45.28338000","-74.23254000"]},{"commonName":"Les Escoumins","countryCode":"CA","countryName":"Canada","stateCode":"QC","coords":["48.35191000","-69.40724000"]},{"commonName":"Lévis","countryCode":"CA","countryName":"Canada","stateCode":"QC","coords":["46.80326000","-71.17793000"]},{"commonName":"Linière","countryCode":"CA","countryName":"Canada","stateCode":"QC","coords":["46.00007000","-70.41572000"]},{"commonName":"Longueuil","countryCode":"CA","countryName":"Canada","stateCode":"QC","coords":["45.53121000","-73.51806000"]},{"commonName":"Lorraine","countryCode":"CA","countryName":"Canada","stateCode":"QC","coords":["45.68338000","-73.78249000"]},{"commonName":"Louiseville","countryCode":"CA","countryName":"Canada","stateCode":"QC","coords":["46.25594000","-72.94145000"]},{"commonName":"Luceville","countryCode":"CA","countryName":"Canada","stateCode":"QC","coords":["48.54498000","-68.39658000"]},{"commonName":"Macamic","countryCode":"CA","countryName":"Canada","stateCode":"QC","coords":["48.75018000","-78.99962000"]},{"commonName":"Magog","countryCode":"CA","countryName":"Canada","stateCode":"QC","coords":["45.26678000","-72.14909000"]},{"commonName":"Malartic","countryCode":"CA","countryName":"Canada","stateCode":"QC","coords":["48.13348000","-78.13283000"]},{"commonName":"Maliotenam","countryCode":"CA","countryName":"Canada","stateCode":"QC","coords":["50.21119000","-66.18164000"]},{"commonName":"Manawan","countryCode":"CA","countryName":"Canada","stateCode":"QC","coords":["47.22029000","-74.38606000"]},{"commonName":"Mandeville","countryCode":"CA","countryName":"Canada","stateCode":"QC","coords":["46.36677000","-73.34915000"]},{"commonName":"Maniwaki","countryCode":"CA","countryName":"Canada","stateCode":"QC","coords":["46.38341000","-75.96605000"]},{"commonName":"Maria","countryCode":"CA","countryName":"Canada","stateCode":"QC","coords":["48.17490000","-65.98595000"]},{"commonName":"Marieville","countryCode":"CA","countryName":"Canada","stateCode":"QC","coords":["45.43338000","-73.16585000"]},{"commonName":"Mascouche","countryCode":"CA","countryName":"Canada","stateCode":"QC","coords":["45.74965000","-73.59956000"]},{"commonName":"Maskinongé","countryCode":"CA","countryName":"Canada","stateCode":"QC","coords":["46.22860000","-73.01917000"]},{"commonName":"Matagami","countryCode":"CA","countryName":"Canada","stateCode":"QC","coords":["49.75018000","-77.63277000"]},{"commonName":"Matane","countryCode":"CA","countryName":"Canada","stateCode":"QC","coords":["48.82857000","-67.52197000"]},{"commonName":"Mauricie","countryCode":"CA","countryName":"Canada","stateCode":"QC","coords":["47.55009000","-73.41583000"]},{"commonName":"Melocheville","countryCode":"CA","countryName":"Canada","stateCode":"QC","coords":["45.31726000","-73.93710000"]},{"commonName":"Mercier","countryCode":"CA","countryName":"Canada","stateCode":"QC","coords":["45.31678000","-73.74919000"]},{"commonName":"Métabetchouan","countryCode":"CA","countryName":"Canada","stateCode":"QC","coords":["48.36679000","-72.01583000"]},{"commonName":"Metabetchouan-Lac-a-la-Croix","countryCode":"CA","countryName":"Canada","stateCode":"QC","coords":["48.41000000","-71.78000000"]},{"commonName":"Mirabel","countryCode":"CA","countryName":"Canada","stateCode":"QC","coords":["45.65008000","-74.08251000"]},{"commonName":"Mistissini","countryCode":"CA","countryName":"Canada","stateCode":"QC","coords":["50.41667000","-73.88333000"]},{"commonName":"Mont-Joli","countryCode":"CA","countryName":"Canada","stateCode":"QC","coords":["48.58388000","-68.19214000"]},{"commonName":"Mont-Laurier","countryCode":"CA","countryName":"Canada","stateCode":"QC","coords":["46.55011000","-75.49930000"]},{"commonName":"Mont-Royal","countryCode":"CA","countryName":"Canada","stateCode":"QC","coords":["45.51675000","-73.64918000"]},{"commonName":"Mont-Saint-Grégoire","countryCode":"CA","countryName":"Canada","stateCode":"QC","coords":["45.33338000","-73.16585000"]},{"commonName":"Mont-Saint-Hilaire","countryCode":"CA","countryName":"Canada","stateCode":"QC","coords":["45.56515000","-73.18680000"]},{"commonName":"Mont-Tremblant","countryCode":"CA","countryName":"Canada","stateCode":"QC","coords":["46.21274000","-74.58438000"]},{"commonName":"Montmagny","countryCode":"CA","countryName":"Canada","stateCode":"QC","coords":["46.98043000","-70.55493000"]},{"commonName":"Montréal","countryCode":"CA","countryName":"Canada","stateCode":"QC","coords":["45.50008000","-73.68248000"]},{"commonName":"Montréal-Est","countryCode":"CA","countryName":"Canada","stateCode":"QC","coords":["45.63202000","-73.50750000"]},{"commonName":"Montréal-Ouest","countryCode":"CA","countryName":"Canada","stateCode":"QC","coords":["45.45286000","-73.64918000"]},{"commonName":"Morin-Heights","countryCode":"CA","countryName":"Canada","stateCode":"QC","coords":["45.90009000","-74.24922000"]},{"commonName":"Napierville","countryCode":"CA","countryName":"Canada","stateCode":"QC","coords":["45.18648000","-73.40468000"]},{"commonName":"Neuville","countryCode":"CA","countryName":"Canada","stateCode":"QC","coords":["46.69823000","-71.58275000"]},{"commonName":"New Carlisle","countryCode":"CA","countryName":"Canada","stateCode":"QC","coords":["48.00956000","-65.33621000"]},{"commonName":"New-Richmond","countryCode":"CA","countryName":"Canada","stateCode":"QC","coords":["48.16059000","-65.85823000"]},{"commonName":"Nicolet","countryCode":"CA","countryName":"Canada","stateCode":"QC","coords":["46.21676000","-72.61582000"]},{"commonName":"Nord-du-Québec","countryCode":"CA","countryName":"Canada","stateCode":"QC","coords":["51.96200000","-74.89610000"]},{"commonName":"Normandin","countryCode":"CA","countryName":"Canada","stateCode":"QC","coords":["48.83328000","-72.53209000"]},{"commonName":"Notre-Dame-de-Grâce","countryCode":"CA","countryName":"Canada","stateCode":"QC","coords":["45.47675000","-73.61432000"]},{"commonName":"Notre-Dame-de-l'Île-Perrot","countryCode":"CA","countryName":"Canada","stateCode":"QC","coords":["45.36678000","-73.93250000"]},{"commonName":"Notre-Dame-des-Prairies","countryCode":"CA","countryName":"Canada","stateCode":"QC","coords":["46.05007000","-73.43245000"]},{"commonName":"Notre-Dame-du-Lac","countryCode":"CA","countryName":"Canada","stateCode":"QC","coords":["46.75012000","-79.04961000"]},{"commonName":"Notre-Dame-du-Mont-Carmel","countryCode":"CA","countryName":"Canada","stateCode":"QC","coords":["46.01680000","-75.08259000"]},{"commonName":"Oka","countryCode":"CA","countryName":"Canada","stateCode":"QC","coords":["45.46489000","-74.08892000"]},{"commonName":"Ormstown","countryCode":"CA","countryName":"Canada","stateCode":"QC","coords":["45.13338000","-73.99922000"]},{"commonName":"Otterburn Park","countryCode":"CA","countryName":"Canada","stateCode":"QC","coords":["45.53338000","-73.21585000"]},{"commonName":"Outaouais","countryCode":"CA","countryName":"Canada","stateCode":"QC","coords":["46.26681000","-76.31606000"]},{"commonName":"Papineauville","countryCode":"CA","countryName":"Canada","stateCode":"QC","coords":["45.61680000","-75.01599000"]},{"commonName":"Parc-Boutin","countryCode":"CA","countryName":"Canada","stateCode":"QC","coords":["45.29209000","-73.26154000"]},{"commonName":"Piedmont","countryCode":"CA","countryName":"Canada","stateCode":"QC","coords":["45.90008000","-74.13251000"]},{"commonName":"Pierreville","countryCode":"CA","countryName":"Canada","stateCode":"QC","coords":["46.07034000","-72.81125000"]},{"commonName":"Pincourt","countryCode":"CA","countryName":"Canada","stateCode":"QC","coords":["45.38338000","-73.98250000"]},{"commonName":"Plessisville","countryCode":"CA","countryName":"Canada","stateCode":"QC","coords":["46.21856000","-71.76201000"]},{"commonName":"Pohénégamook","countryCode":"CA","countryName":"Canada","stateCode":"QC","coords":["47.46315000","-69.22666000"]},{"commonName":"Pointe-Calumet","countryCode":"CA","countryName":"Canada","stateCode":"QC","coords":["45.50008000","-73.96590000"]},{"commonName":"Pointe-Claire","countryCode":"CA","countryName":"Canada","stateCode":"QC","coords":["45.44868000","-73.81669000"]},{"commonName":"Pointe-du-Lac","countryCode":"CA","countryName":"Canada","stateCode":"QC","coords":["48.50009000","-71.78241000"]},{"commonName":"Pont Rouge","countryCode":"CA","countryName":"Canada","stateCode":"QC","coords":["48.88332000","-72.08247000"]},{"commonName":"Pont-Rouge","countryCode":"CA","countryName":"Canada","stateCode":"QC","coords":["46.75468000","-71.69566000"]},{"commonName":"Port-Cartier","countryCode":"CA","countryName":"Canada","stateCode":"QC","coords":["50.03339000","-66.86545000"]},{"commonName":"Portneuf","countryCode":"CA","countryName":"Canada","stateCode":"QC","coords":["46.69058000","-71.89011000"]},{"commonName":"Prévost","countryCode":"CA","countryName":"Canada","stateCode":"QC","coords":["45.86678000","-74.08251000"]},{"commonName":"Princeville","countryCode":"CA","countryName":"Canada","stateCode":"QC","coords":["46.17163000","-71.87462000"]},{"commonName":"Québec","countryCode":"CA","countryName":"Canada","stateCode":"QC","coords":["46.81228000","-71.21454000"]},{"commonName":"Rawdon","countryCode":"CA","countryName":"Canada","stateCode":"QC","coords":["46.05007000","-73.71587000"]},{"commonName":"Repentigny","countryCode":"CA","countryName":"Canada","stateCode":"QC","coords":["45.74222000","-73.45008000"]},{"commonName":"Richelieu","countryCode":"CA","countryName":"Canada","stateCode":"QC","coords":["45.44336000","-73.24602000"]},{"commonName":"Richmond","countryCode":"CA","countryName":"Canada","stateCode":"QC","coords":["45.66677000","-72.14910000"]},{"commonName":"Rigaud","countryCode":"CA","countryName":"Canada","stateCode":"QC","coords":["45.47927000","-74.30238000"]},{"commonName":"Rimouski","countryCode":"CA","countryName":"Canada","stateCode":"QC","coords":["48.44879000","-68.52396000"]},{"commonName":"Rivière-du-Loup","countryCode":"CA","countryName":"Canada","stateCode":"QC","coords":["47.82699000","-69.54243000"]},{"commonName":"Rivière-Rouge","countryCode":"CA","countryName":"Canada","stateCode":"QC","coords":["46.41679000","-74.86596000"]},{"commonName":"Roberval","countryCode":"CA","countryName":"Canada","stateCode":"QC","coords":["48.51680000","-72.23244000"]},{"commonName":"Rock Forest","countryCode":"CA","countryName":"Canada","stateCode":"QC","coords":["45.35699000","-71.99676000"]},{"commonName":"Rosemère","countryCode":"CA","countryName":"Canada","stateCode":"QC","coords":["45.63338000","-73.79919000"]},{"commonName":"Rougemont","countryCode":"CA","countryName":"Canada","stateCode":"QC","coords":["45.43338000","-73.04914000"]},{"commonName":"Rouyn-Noranda","countryCode":"CA","countryName":"Canada","stateCode":"QC","coords":["48.23656000","-79.02311000"]},{"commonName":"Sacré-Coeur","countryCode":"CA","countryName":"Canada","stateCode":"QC","coords":["48.22970000","-69.80061000"]},{"commonName":"Saguenay","countryCode":"CA","countryName":"Canada","stateCode":"QC","coords":["48.41675000","-71.06573000"]},{"commonName":"Saint-Adolphe-d'Howard","countryCode":"CA","countryName":"Canada","stateCode":"QC","coords":["45.96679000","-74.33253000"]},{"commonName":"Saint-Alexandre","countryCode":"CA","countryName":"Canada","stateCode":"QC","coords":["45.50010000","-75.74935000"]},{"commonName":"Saint-Amable","countryCode":"CA","countryName":"Canada","stateCode":"QC","coords":["45.65008000","-73.29916000"]},{"commonName":"Saint-Ambroise","countryCode":"CA","countryName":"Canada","stateCode":"QC","coords":["48.55009000","-71.33238000"]},{"commonName":"Saint-André-Avellin","countryCode":"CA","countryName":"Canada","stateCode":"QC","coords":["45.71680000","-75.06599000"]},{"commonName":"Saint-Anselme","countryCode":"CA","countryName":"Canada","stateCode":"QC","coords":["46.62922000","-70.97340000"]},{"commonName":"Saint-Antoine-de-Tilly","countryCode":"CA","countryName":"Canada","stateCode":"QC","coords":["46.66346000","-71.57335000"]},{"commonName":"Saint-Augustin","countryCode":"CA","countryName":"Canada","stateCode":"QC","coords":["51.22602000","-58.65017000"]},{"commonName":"Saint-Augustin-de-Desmaures","countryCode":"CA","countryName":"Canada","stateCode":"QC","coords":["46.74064000","-71.45131000"]},{"commonName":"Saint-Barnabé-Sud","countryCode":"CA","countryName":"Canada","stateCode":"QC","coords":["45.72977000","-72.92244000"]},{"commonName":"Saint-Basile-le-Grand","countryCode":"CA","countryName":"Canada","stateCode":"QC","coords":["45.53338000","-73.28246000"]},{"commonName":"Saint-Boniface","countryCode":"CA","countryName":"Canada","stateCode":"QC","coords":["46.50011000","-75.98264000"]},{"commonName":"Saint-Bruno","countryCode":"CA","countryName":"Canada","stateCode":"QC","coords":["48.46679000","-71.64910000"]},{"commonName":"Saint-Bruno-de-Guigues","countryCode":"CA","countryName":"Canada","stateCode":"QC","coords":["47.46685000","-79.43296000"]},{"commonName":"Saint-Bruno-de-Montarville","countryCode":"CA","countryName":"Canada","stateCode":"QC","coords":["45.53341000","-73.34916000"]},{"commonName":"Saint-Canut","countryCode":"CA","countryName":"Canada","stateCode":"QC","coords":["45.71502000","-74.08376000"]},{"commonName":"Saint-Césaire","countryCode":"CA","countryName":"Canada","stateCode":"QC","coords":["45.41678000","-72.99914000"]},{"commonName":"Saint-Charles","countryCode":"CA","countryName":"Canada","stateCode":"QC","coords":["45.70288000","-73.55417000"]},{"commonName":"Saint-Côme-Linière","countryCode":"CA","countryName":"Canada","stateCode":"QC","coords":["46.06677000","-70.51573000"]},{"commonName":"Saint-Constant","countryCode":"CA","countryName":"Canada","stateCode":"QC","coords":["45.36678000","-73.56588000"]},{"commonName":"Saint-Cyrille-de-Wendover","countryCode":"CA","countryName":"Canada","stateCode":"QC","coords":["45.93336000","-72.43241000"]},{"commonName":"Saint-Damase","countryCode":"CA","countryName":"Canada","stateCode":"QC","coords":["45.53341000","-72.99914000"]},{"commonName":"Saint-Denis-sur-Richelieu","countryCode":"CA","countryName":"Canada","stateCode":"QC","coords":["45.78338000","-73.14915000"]},{"commonName":"Saint-Donat-de-Montcalm","countryCode":"CA","countryName":"Canada","stateCode":"QC","coords":["46.31868000","-74.22171000"]},{"commonName":"Saint-Édouard","countryCode":"CA","countryName":"Canada","stateCode":"QC","coords":["45.23338000","-73.51588000"]},{"commonName":"Saint-Elzéar","countryCode":"CA","countryName":"Canada","stateCode":"QC","coords":["45.60338000","-73.72698000"]},{"commonName":"Saint-Éphrem-de-Beauce","countryCode":"CA","countryName":"Canada","stateCode":"QC","coords":["46.06677000","-70.94905000"]},{"commonName":"Saint-Eustache","countryCode":"CA","countryName":"Canada","stateCode":"QC","coords":["45.56500000","-73.90554000"]},{"commonName":"Saint-Félicien","countryCode":"CA","countryName":"Canada","stateCode":"QC","coords":["48.65007000","-72.44906000"]},{"commonName":"Saint-Félix-de-Valois","countryCode":"CA","countryName":"Canada","stateCode":"QC","coords":["46.16977000","-73.42525000"]},{"commonName":"Saint-Gabriel","countryCode":"CA","countryName":"Canada","stateCode":"QC","coords":["46.30007000","-73.38245000"]},{"commonName":"Saint-Gédéon","countryCode":"CA","countryName":"Canada","stateCode":"QC","coords":["48.50009000","-71.76581000"]},{"commonName":"Saint-Georges","countryCode":"CA","countryName":"Canada","stateCode":"QC","coords":["46.11353000","-70.66526000"]},{"commonName":"Saint-Germain-de-Grantham","countryCode":"CA","countryName":"Canada","stateCode":"QC","coords":["45.83337000","-72.56582000"]},{"commonName":"Saint-Henri","countryCode":"CA","countryName":"Canada","stateCode":"QC","coords":["46.69314000","-71.06927000"]},{"commonName":"Saint-Hippolyte","countryCode":"CA","countryName":"Canada","stateCode":"QC","coords":["45.93338000","-74.01590000"]},{"commonName":"Saint-Honoré","countryCode":"CA","countryName":"Canada","stateCode":"QC","coords":["48.53338000","-71.08236000"]},{"commonName":"Saint-Hyacinthe","countryCode":"CA","countryName":"Canada","stateCode":"QC","coords":["45.63076000","-72.95699000"]},{"commonName":"Saint-Isidore","countryCode":"CA","countryName":"Canada","stateCode":"QC","coords":["47.43345000","-79.29965000"]},{"commonName":"Saint-Jacques-le-Mineur","countryCode":"CA","countryName":"Canada","stateCode":"QC","coords":["45.28338000","-73.41587000"]},{"commonName":"Saint-Jean-Baptiste","countryCode":"CA","countryName":"Canada","stateCode":"QC","coords":["45.38060000","-74.01210000"]},{"commonName":"Saint-Jean-sur-Richelieu","countryCode":"CA","countryName":"Canada","stateCode":"QC","coords":["45.30713000","-73.26259000"]},{"commonName":"Saint-Jérôme","countryCode":"CA","countryName":"Canada","stateCode":"QC","coords":["45.78036000","-74.00365000"]},{"commonName":"Saint-Joseph","countryCode":"CA","countryName":"Canada","stateCode":"QC","coords":["45.95817000","-73.22025000"]},{"commonName":"Saint-Joseph-de-Beauce","countryCode":"CA","countryName":"Canada","stateCode":"QC","coords":["46.30000000","-70.86667000"]},{"commonName":"Saint-Joseph-de-Coleraine","countryCode":"CA","countryName":"Canada","stateCode":"QC","coords":["45.96677000","-71.36577000"]},{"commonName":"Saint-Joseph-du-Lac","countryCode":"CA","countryName":"Canada","stateCode":"QC","coords":["45.53338000","-73.99920000"]},{"commonName":"Saint-Lambert-de-Lauzon","countryCode":"CA","countryName":"Canada","stateCode":"QC","coords":["46.58624000","-71.20892000"]},{"commonName":"Saint-Laurent","countryCode":"CA","countryName":"Canada","stateCode":"QC","coords":["45.50008000","-73.66585000"]},{"commonName":"Saint-Lazare","countryCode":"CA","countryName":"Canada","stateCode":"QC","coords":["45.40008000","-74.13256000"]},{"commonName":"Saint-Léonard","countryCode":"CA","countryName":"Canada","stateCode":"QC","coords":["45.58773000","-73.59501000"]},{"commonName":"Saint-Léonard-d'Aston","countryCode":"CA","countryName":"Canada","stateCode":"QC","coords":["46.10006000","-72.36580000"]},{"commonName":"Saint-Liboire","countryCode":"CA","countryName":"Canada","stateCode":"QC","coords":["45.65068000","-72.76348000"]},{"commonName":"Saint-Lin-Laurentides","countryCode":"CA","countryName":"Canada","stateCode":"QC","coords":["45.85008000","-73.76588000"]},{"commonName":"Saint-Marc-des-Carrières","countryCode":"CA","countryName":"Canada","stateCode":"QC","coords":["46.68335000","-72.04910000"]},{"commonName":"Saint-Mathieu","countryCode":"CA","countryName":"Canada","stateCode":"QC","coords":["45.31678000","-73.51587000"]},{"commonName":"Saint-Michel","countryCode":"CA","countryName":"Canada","stateCode":"QC","coords":["45.56758000","-73.62168000"]},{"commonName":"Saint-Michel-des-Saints","countryCode":"CA","countryName":"Canada","stateCode":"QC","coords":["46.67702000","-73.91881000"]},{"commonName":"Saint-Nazaire","countryCode":"CA","countryName":"Canada","stateCode":"QC","coords":["48.58944000","-71.55247000"]},{"commonName":"Saint-Norbert","countryCode":"CA","countryName":"Canada","stateCode":"QC","coords":["46.16949000","-73.31494000"]},{"commonName":"Saint-Pacôme","countryCode":"CA","countryName":"Canada","stateCode":"QC","coords":["47.40457000","-69.95025000"]},{"commonName":"Saint-Pascal","countryCode":"CA","countryName":"Canada","stateCode":"QC","coords":["47.51813000","-69.80301000"]},{"commonName":"Saint-Philippe-de-La Prairie","countryCode":"CA","countryName":"Canada","stateCode":"QC","coords":["45.35723000","-73.47706000"]},{"commonName":"Saint-Pie","countryCode":"CA","countryName":"Canada","stateCode":"QC","coords":["45.50277000","-72.90890000"]},{"commonName":"Saint-Pierre-les-Becquets","countryCode":"CA","countryName":"Canada","stateCode":"QC","coords":["46.50005000","-72.19910000"]},{"commonName":"Saint-Prime","countryCode":"CA","countryName":"Canada","stateCode":"QC","coords":["48.58339000","-72.33244000"]},{"commonName":"Saint-Raphaël","countryCode":"CA","countryName":"Canada","stateCode":"QC","coords":["46.25011000","-76.01605000"]},{"commonName":"Saint-Raymond","countryCode":"CA","countryName":"Canada","stateCode":"QC","coords":["45.46698000","-73.60948000"]},{"commonName":"Saint-Rémi","countryCode":"CA","countryName":"Canada","stateCode":"QC","coords":["45.26678000","-73.61588000"]},{"commonName":"Saint-Rémi-de-Tingwick","countryCode":"CA","countryName":"Canada","stateCode":"QC","coords":["45.86677000","-71.81581000"]},{"commonName":"Saint-Sauveur","countryCode":"CA","countryName":"Canada","stateCode":"QC","coords":["45.88686000","-74.17943000"]},{"commonName":"Saint-Sauveur-des-Monts","countryCode":"CA","countryName":"Canada","stateCode":"QC","coords":["45.90008000","-74.16591000"]},{"commonName":"Saint-Siméon","countryCode":"CA","countryName":"Canada","stateCode":"QC","coords":["47.84431000","-69.87837000"]},{"commonName":"Saint-Thomas","countryCode":"CA","countryName":"Canada","stateCode":"QC","coords":["46.01677000","-73.34915000"]},{"commonName":"Saint-Tite","countryCode":"CA","countryName":"Canada","stateCode":"QC","coords":["46.73336000","-72.56581000"]},{"commonName":"Saint-Victor","countryCode":"CA","countryName":"Canada","stateCode":"QC","coords":["45.61118000","-73.51527000"]},{"commonName":"Saint-Zotique","countryCode":"CA","countryName":"Canada","stateCode":"QC","coords":["45.25009000","-74.24924000"]},{"commonName":"Sainte Catherine de la Jacques Cartier","countryCode":"CA","countryName":"Canada","stateCode":"QC","coords":["46.85244000","-71.62056000"]},{"commonName":"Sainte-Adèle","countryCode":"CA","countryName":"Canada","stateCode":"QC","coords":["45.95008000","-74.13251000"]},{"commonName":"Sainte-Agathe-des-Monts","countryCode":"CA","countryName":"Canada","stateCode":"QC","coords":["46.05009000","-74.28252000"]},{"commonName":"Sainte-Anne-de-Bellevue","countryCode":"CA","countryName":"Canada","stateCode":"QC","coords":["45.40618000","-73.94560000"]},{"commonName":"Sainte-Anne-des-Monts","countryCode":"CA","countryName":"Canada","stateCode":"QC","coords":["49.12402000","-66.49243000"]},{"commonName":"Sainte-Anne-des-Plaines","countryCode":"CA","countryName":"Canada","stateCode":"QC","coords":["45.76468000","-73.81156000"]},{"commonName":"Sainte-Béatrix","countryCode":"CA","countryName":"Canada","stateCode":"QC","coords":["46.20007000","-73.61587000"]},{"commonName":"Sainte-Catherine","countryCode":"CA","countryName":"Canada","stateCode":"QC","coords":["45.40008000","-73.58248000"]},{"commonName":"Sainte-Croix","countryCode":"CA","countryName":"Canada","stateCode":"QC","coords":["45.13368000","-72.80083000"]},{"commonName":"Sainte-Élisabeth","countryCode":"CA","countryName":"Canada","stateCode":"QC","coords":["46.09502000","-73.35176000"]},{"commonName":"Sainte-Julie","countryCode":"CA","countryName":"Canada","stateCode":"QC","coords":["45.58338000","-73.33246000"]},{"commonName":"Sainte-Julienne","countryCode":"CA","countryName":"Canada","stateCode":"QC","coords":["45.96677000","-73.71587000"]},{"commonName":"Sainte-Madeleine","countryCode":"CA","countryName":"Canada","stateCode":"QC","coords":["45.60008000","-73.09914000"]},{"commonName":"Sainte-Marie","countryCode":"CA","countryName":"Canada","stateCode":"QC","coords":["46.43401000","-71.01168000"]},{"commonName":"Sainte-Marthe-sur-le-Lac","countryCode":"CA","countryName":"Canada","stateCode":"QC","coords":["45.53338000","-73.93250000"]},{"commonName":"Sainte-Martine","countryCode":"CA","countryName":"Canada","stateCode":"QC","coords":["45.25008000","-73.79919000"]},{"commonName":"Sainte-Sophie","countryCode":"CA","countryName":"Canada","stateCode":"QC","coords":["45.81678000","-73.89919000"]},{"commonName":"Sainte-Thècle","countryCode":"CA","countryName":"Canada","stateCode":"QC","coords":["46.81676000","-72.49911000"]},{"commonName":"Sainte-Thérèse","countryCode":"CA","countryName":"Canada","stateCode":"QC","coords":["45.63922000","-73.82757000"]},{"commonName":"Salaberry-de-Valleyfield","countryCode":"CA","countryName":"Canada","stateCode":"QC","coords":["45.25008000","-74.13253000"]},{"commonName":"Salluit","countryCode":"CA","countryName":"Canada","stateCode":"QC","coords":["62.20411000","-75.64344000"]},{"commonName":"Senneterre","countryCode":"CA","countryName":"Canada","stateCode":"QC","coords":["48.39302000","-77.23951000"]},{"commonName":"Sept-Îles","countryCode":"CA","countryName":"Canada","stateCode":"QC","coords":["50.20011000","-66.38208000"]},{"commonName":"Shannon","countryCode":"CA","countryName":"Canada","stateCode":"QC","coords":["46.88026000","-71.51464000"]},{"commonName":"Shawinigan","countryCode":"CA","countryName":"Canada","stateCode":"QC","coords":["46.56675000","-72.74913000"]},{"commonName":"Shawville","countryCode":"CA","countryName":"Canada","stateCode":"QC","coords":["45.60011000","-76.48270000"]},{"commonName":"Sherbrooke","countryCode":"CA","countryName":"Canada","stateCode":"QC","coords":["45.40008000","-71.89908000"]},{"commonName":"Sorel-Tracy","countryCode":"CA","countryName":"Canada","stateCode":"QC","coords":["46.04178000","-73.11358000"]},{"commonName":"St-Jean-Port-Joli","countryCode":"CA","countryName":"Canada","stateCode":"QC","coords":["47.21418000","-70.26969000"]},{"commonName":"Sutton","countryCode":"CA","countryName":"Canada","stateCode":"QC","coords":["45.10008000","-72.61582000"]},{"commonName":"Témiscaming","countryCode":"CA","countryName":"Canada","stateCode":"QC","coords":["46.72122000","-79.09712000"]},{"commonName":"Terrasse-des-Pins","countryCode":"CA","countryName":"Canada","stateCode":"QC","coords":["45.86449000","-74.06627000"]},{"commonName":"Terrebonne","countryCode":"CA","countryName":"Canada","stateCode":"QC","coords":["45.70004000","-73.64732000"]},{"commonName":"Thetford-Mines","countryCode":"CA","countryName":"Canada","stateCode":"QC","coords":["46.09371000","-71.30539000"]},{"commonName":"Thurso","countryCode":"CA","countryName":"Canada","stateCode":"QC","coords":["45.60010000","-75.24931000"]},{"commonName":"Trois-Rivières","countryCode":"CA","countryName":"Canada","stateCode":"QC","coords":["46.34515000","-72.54770000"]},{"commonName":"Val-d'Or","countryCode":"CA","countryName":"Canada","stateCode":"QC","coords":["48.09740000","-77.79737000"]},{"commonName":"Val-David","countryCode":"CA","countryName":"Canada","stateCode":"QC","coords":["46.03338000","-74.21592000"]},{"commonName":"Val-des-Monts","countryCode":"CA","countryName":"Canada","stateCode":"QC","coords":["45.65010000","-75.66604000"]},{"commonName":"Val-Morin","countryCode":"CA","countryName":"Canada","stateCode":"QC","coords":["46.00008000","-74.18251000"]},{"commonName":"Valcourt","countryCode":"CA","countryName":"Canada","stateCode":"QC","coords":["45.50008000","-72.31581000"]},{"commonName":"Vallée-Jonction","countryCode":"CA","countryName":"Canada","stateCode":"QC","coords":["46.37441000","-70.91881000"]},{"commonName":"Varennes","countryCode":"CA","countryName":"Canada","stateCode":"QC","coords":["45.68338000","-73.43246000"]},{"commonName":"Vaudreuil-Dorion","countryCode":"CA","countryName":"Canada","stateCode":"QC","coords":["45.40008000","-74.03251000"]},{"commonName":"Venise-en-Québec","countryCode":"CA","countryName":"Canada","stateCode":"QC","coords":["45.08338000","-73.13245000"]},{"commonName":"Verchères","countryCode":"CA","countryName":"Canada","stateCode":"QC","coords":["45.78338000","-73.34916000"]},{"commonName":"Victoriaville","countryCode":"CA","countryName":"Canada","stateCode":"QC","coords":["46.05007000","-71.96579000"]},{"commonName":"Ville-Marie","countryCode":"CA","countryName":"Canada","stateCode":"QC","coords":["47.33345000","-79.43297000"]},{"commonName":"Wakefield","countryCode":"CA","countryName":"Canada","stateCode":"QC","coords":["45.66680000","-75.83265000"]},{"commonName":"Warwick","countryCode":"CA","countryName":"Canada","stateCode":"QC","coords":["45.95007000","-71.98240000"]},{"commonName":"Waskaganish","countryCode":"CA","countryName":"Canada","stateCode":"QC","coords":["51.48333000","-78.75000000"]},{"commonName":"Waswanipi","countryCode":"CA","countryName":"Canada","stateCode":"QC","coords":["49.73346000","-76.16604000"]},{"commonName":"Waterloo","countryCode":"CA","countryName":"Canada","stateCode":"QC","coords":["45.35008000","-72.51582000"]},{"commonName":"Weedon Centre","countryCode":"CA","countryName":"Canada","stateCode":"QC","coords":["45.70802000","-71.45986000"]},{"commonName":"Westmount","countryCode":"CA","countryName":"Canada","stateCode":"QC","coords":["45.48341000","-73.59918000"]},{"commonName":"Weymontachie","countryCode":"CA","countryName":"Canada","stateCode":"QC","coords":["47.89940000","-73.77720000"]},{"commonName":"Windsor","countryCode":"CA","countryName":"Canada","stateCode":"QC","coords":["45.56678000","-71.99909000"]},{"commonName":"Yamachiche","countryCode":"CA","countryName":"Canada","stateCode":"QC","coords":["46.26676000","-72.83243000"]}]