[{"commonName":"Agazzano","countryCode":"IT","countryName":"Italy","stateCode":"45","coords":["44.94726000","9.51875000"]},{"commonName":"Albareto","countryCode":"IT","countryName":"Italy","stateCode":"45","coords":["44.44692000","9.70228000"]},{"commonName":"Alberi","countryCode":"IT","countryName":"Italy","stateCode":"45","coords":["44.74837000","10.33045000"]},{"commonName":"Albinea","countryCode":"IT","countryName":"Italy","stateCode":"45","coords":["44.62859000","10.61024000"]},{"commonName":"Alseno","countryCode":"IT","countryName":"Italy","stateCode":"45","coords":["44.89759000","9.96405000"]},{"commonName":"Altedo","countryCode":"IT","countryName":"Italy","stateCode":"45","coords":["44.67057000","11.49019000"]},{"commonName":"Anzola dell'Emilia","countryCode":"IT","countryName":"Italy","stateCode":"45","coords":["44.54197000","11.20548000"]},{"commonName":"Arceto","countryCode":"IT","countryName":"Italy","stateCode":"45","coords":["44.61762000","10.72461000"]},{"commonName":"Argelato","countryCode":"IT","countryName":"Italy","stateCode":"45","coords":["44.64009000","11.34359000"]},{"commonName":"Argenta","countryCode":"IT","countryName":"Italy","stateCode":"45","coords":["44.61397000","11.83547000"]},{"commonName":"Argine","countryCode":"IT","countryName":"Italy","stateCode":"45","coords":["44.77494000","10.63432000"]},{"commonName":"Baganzola","countryCode":"IT","countryName":"Italy","stateCode":"45","coords":["44.85513000","10.30706000"]},{"commonName":"Baggiovara","countryCode":"IT","countryName":"Italy","stateCode":"45","coords":["44.60416000","10.86256000"]},{"commonName":"Bagnarola","countryCode":"IT","countryName":"Italy","stateCode":"45","coords":["44.16232000","12.34280000"]},{"commonName":"Bagno","countryCode":"IT","countryName":"Italy","stateCode":"45","coords":["44.65545000","10.75881000"]},{"commonName":"Bagnolo in Piano","countryCode":"IT","countryName":"Italy","stateCode":"45","coords":["44.76437000","10.67358000"]},{"commonName":"Baiso","countryCode":"IT","countryName":"Italy","stateCode":"45","coords":["44.49668000","10.60083000"]},{"commonName":"Barbiano","countryCode":"IT","countryName":"Italy","stateCode":"45","coords":["44.38950000","11.88650000"]},{"commonName":"Barco","countryCode":"IT","countryName":"Italy","stateCode":"45","coords":["44.68833000","10.49582000"]},{"commonName":"Bardi","countryCode":"IT","countryName":"Italy","stateCode":"45","coords":["44.63138000","9.72907000"]},{"commonName":"Baricella","countryCode":"IT","countryName":"Italy","stateCode":"45","coords":["44.64820000","11.53800000"]},{"commonName":"Basilicagoiano","countryCode":"IT","countryName":"Italy","stateCode":"45","coords":["44.70545000","10.40457000"]},{"commonName":"Basilicanova","countryCode":"IT","countryName":"Italy","stateCode":"45","coords":["44.69804000","10.35231000"]},{"commonName":"Bastiglia","countryCode":"IT","countryName":"Italy","stateCode":"45","coords":["44.72697000","10.99860000"]},{"commonName":"Bazzano","countryCode":"IT","countryName":"Italy","stateCode":"45","coords":["44.50176000","11.08675000"]},{"commonName":"Bedonia","countryCode":"IT","countryName":"Italy","stateCode":"45","coords":["44.50400000","9.63489000"]},{"commonName":"Bellaria-Igea Marina","countryCode":"IT","countryName":"Italy","stateCode":"45","coords":["44.14255000","12.47154000"]},{"commonName":"Bentivoglio","countryCode":"IT","countryName":"Italy","stateCode":"45","coords":["44.63690000","11.41737000"]},{"commonName":"Berceto","countryCode":"IT","countryName":"Italy","stateCode":"45","coords":["44.50899000","9.99104000"]},{"commonName":"Berra","countryCode":"IT","countryName":"Italy","stateCode":"45","coords":["44.97656000","11.97727000"]},{"commonName":"Bertinoro","countryCode":"IT","countryName":"Italy","stateCode":"45","coords":["44.14874000","12.13650000"]},{"commonName":"Berzantina","countryCode":"IT","countryName":"Italy","stateCode":"45","coords":["44.15786000","10.98083000"]},{"commonName":"Besenzone","countryCode":"IT","countryName":"Italy","stateCode":"45","coords":["44.98689000","9.95604000"]},{"commonName":"Bettola","countryCode":"IT","countryName":"Italy","stateCode":"45","coords":["44.77826000","9.60857000"]},{"commonName":"Bibbiano","countryCode":"IT","countryName":"Italy","stateCode":"45","coords":["44.66292000","10.47391000"]},{"commonName":"Bobbio","countryCode":"IT","countryName":"Italy","stateCode":"45","coords":["44.76832000","9.38415000"]},{"commonName":"Bologna","countryCode":"IT","countryName":"Italy","stateCode":"45","coords":["44.46667000","11.43333000"]},{"commonName":"Bomporto","countryCode":"IT","countryName":"Italy","stateCode":"45","coords":["44.73389000","11.03667000"]},{"commonName":"Bondeno","countryCode":"IT","countryName":"Italy","stateCode":"45","coords":["44.88944000","11.41542000"]},{"commonName":"Bora Bassa","countryCode":"IT","countryName":"Italy","stateCode":"45","coords":["44.04636000","12.18066000"]},{"commonName":"Bore","countryCode":"IT","countryName":"Italy","stateCode":"45","coords":["44.71866000","9.79207000"]},{"commonName":"Borello","countryCode":"IT","countryName":"Italy","stateCode":"45","coords":["44.05846000","12.17993000"]},{"commonName":"Boretto","countryCode":"IT","countryName":"Italy","stateCode":"45","coords":["44.90157000","10.55147000"]},{"commonName":"Borghi","countryCode":"IT","countryName":"Italy","stateCode":"45","coords":["44.03223000","12.35618000"]},{"commonName":"Borgo Tossignano","countryCode":"IT","countryName":"Italy","stateCode":"45","coords":["44.28233000","11.59659000"]},{"commonName":"Borgo Val di Taro","countryCode":"IT","countryName":"Italy","stateCode":"45","coords":["44.48899000","9.76906000"]},{"commonName":"Borgonovo Valtidone","countryCode":"IT","countryName":"Italy","stateCode":"45","coords":["45.01436000","9.44346000"]},{"commonName":"Borgonuovo","countryCode":"IT","countryName":"Italy","stateCode":"45","coords":["44.43557000","11.27069000"]},{"commonName":"Borzano","countryCode":"IT","countryName":"Italy","stateCode":"45","coords":["44.60360000","10.63675000"]},{"commonName":"Bosco Mesola","countryCode":"IT","countryName":"Italy","stateCode":"45","coords":["44.87639000","12.23139000"]},{"commonName":"Brescello","countryCode":"IT","countryName":"Italy","stateCode":"45","coords":["44.89531000","10.51269000"]},{"commonName":"Bubano","countryCode":"IT","countryName":"Italy","stateCode":"45","coords":["44.41341000","11.78231000"]},{"commonName":"Budrio","countryCode":"IT","countryName":"Italy","stateCode":"45","coords":["44.53745000","11.53439000"]},{"commonName":"Busana","countryCode":"IT","countryName":"Italy","stateCode":"45","coords":["44.36886000","10.32339000"]},{"commonName":"Busseto","countryCode":"IT","countryName":"Italy","stateCode":"45","coords":["44.97940000","10.04331000"]},{"commonName":"Cà Dè Fabbri","countryCode":"IT","countryName":"Italy","stateCode":"45","coords":["44.61962000","11.45503000"]},{"commonName":"Ca' di Sola","countryCode":"IT","countryName":"Italy","stateCode":"45","coords":["44.52986000","10.95448000"]},{"commonName":"Cadè-Gaida","countryCode":"IT","countryName":"Italy","stateCode":"45","coords":["44.73850000","10.51580000"]},{"commonName":"Cadelbosco di Sopra","countryCode":"IT","countryName":"Italy","stateCode":"45","coords":["44.76573000","10.59898000"]},{"commonName":"Cadelbosco di Sotto","countryCode":"IT","countryName":"Italy","stateCode":"45","coords":["44.80141000","10.61578000"]},{"commonName":"Calcara","countryCode":"IT","countryName":"Italy","stateCode":"45","coords":["44.54696000","11.13366000"]},{"commonName":"Calderara di Reno","countryCode":"IT","countryName":"Italy","stateCode":"45","coords":["44.56307000","11.27111000"]},{"commonName":"Calderino","countryCode":"IT","countryName":"Italy","stateCode":"45","coords":["44.45774000","11.19927000"]},{"commonName":"Calendasco","countryCode":"IT","countryName":"Italy","stateCode":"45","coords":["45.08659000","9.59647000"]},{"commonName":"Calerno","countryCode":"IT","countryName":"Italy","stateCode":"45","coords":["44.74875000","10.48603000"]},{"commonName":"Calestano","countryCode":"IT","countryName":"Italy","stateCode":"45","coords":["44.60224000","10.12363000"]},{"commonName":"Caminata","countryCode":"IT","countryName":"Italy","stateCode":"45","coords":["44.91036000","9.30816000"]},{"commonName":"Campagnola Emilia","countryCode":"IT","countryName":"Italy","stateCode":"45","coords":["44.83925000","10.76507000"]},{"commonName":"Campegine","countryCode":"IT","countryName":"Italy","stateCode":"45","coords":["44.78085000","10.52836000"]},{"commonName":"Campogalliano","countryCode":"IT","countryName":"Italy","stateCode":"45","coords":["44.68874000","10.84705000"]},{"commonName":"Camposanto","countryCode":"IT","countryName":"Italy","stateCode":"45","coords":["44.79009000","11.14049000"]},{"commonName":"Camugnano","countryCode":"IT","countryName":"Italy","stateCode":"45","coords":["44.17110000","11.08828000"]},{"commonName":"Caorso","countryCode":"IT","countryName":"Italy","stateCode":"45","coords":["45.04911000","9.87457000"]},{"commonName":"Caprara","countryCode":"IT","countryName":"Italy","stateCode":"45","coords":["44.77521000","10.51158000"]},{"commonName":"Carpaneto Piacentino","countryCode":"IT","countryName":"Italy","stateCode":"45","coords":["44.91355000","9.78703000"]},{"commonName":"Carpi Centro","countryCode":"IT","countryName":"Italy","stateCode":"45","coords":["44.78237000","10.87770000"]},{"commonName":"Carpineti","countryCode":"IT","countryName":"Italy","stateCode":"45","coords":["44.45574000","10.51780000"]},{"commonName":"Casale","countryCode":"IT","countryName":"Italy","stateCode":"45","coords":["44.91665000","10.43169000"]},{"commonName":"Casalecchio di Reno","countryCode":"IT","countryName":"Italy","stateCode":"45","coords":["44.47563000","11.27495000"]},{"commonName":"Casalfiumanese","countryCode":"IT","countryName":"Italy","stateCode":"45","coords":["44.29686000","11.62402000"]},{"commonName":"Casalgrande","countryCode":"IT","countryName":"Italy","stateCode":"45","coords":["44.58466000","10.73550000"]},{"commonName":"Casina","countryCode":"IT","countryName":"Italy","stateCode":"45","coords":["44.50982000","10.49951000"]},{"commonName":"Castel d'Aiano","countryCode":"IT","countryName":"Italy","stateCode":"45","coords":["44.27751000","11.00097000"]},{"commonName":"Castel del Rio","countryCode":"IT","countryName":"Italy","stateCode":"45","coords":["44.21346000","11.50409000"]},{"commonName":"Castel di Casio","countryCode":"IT","countryName":"Italy","stateCode":"45","coords":["44.16276000","11.03505000"]},{"commonName":"Castel Guelfo di Bologna","countryCode":"IT","countryName":"Italy","stateCode":"45","coords":["44.43166000","11.67591000"]},{"commonName":"Castel Maggiore","countryCode":"IT","countryName":"Italy","stateCode":"45","coords":["44.57707000","11.36071000"]},{"commonName":"Castel San Giovanni","countryCode":"IT","countryName":"Italy","stateCode":"45","coords":["45.06014000","9.43784000"]},{"commonName":"Castel San Pietro Terme","countryCode":"IT","countryName":"Italy","stateCode":"45","coords":["44.39854000","11.58546000"]},{"commonName":"Casteldelci","countryCode":"IT","countryName":"Italy","stateCode":"45","coords":["43.79116000","12.15514000"]},{"commonName":"Castelfranco Emilia","countryCode":"IT","countryName":"Italy","stateCode":"45","coords":["44.59445000","11.04979000"]},{"commonName":"Castell'Arquato","countryCode":"IT","countryName":"Italy","stateCode":"45","coords":["44.85451000","9.87326000"]},{"commonName":"Castellarano","countryCode":"IT","countryName":"Italy","stateCode":"45","coords":["44.51825000","10.73727000"]},{"commonName":"Castelletto","countryCode":"IT","countryName":"Italy","stateCode":"45","coords":["44.44015000","11.06478000"]},{"commonName":"Castello d'Argile","countryCode":"IT","countryName":"Italy","stateCode":"45","coords":["44.67797000","11.29715000"]},{"commonName":"Castelnovo di Sotto","countryCode":"IT","countryName":"Italy","stateCode":"45","coords":["44.81253000","10.56694000"]},{"commonName":"Castelnovo ne'Monti","countryCode":"IT","countryName":"Italy","stateCode":"45","coords":["44.43556000","10.40329000"]},{"commonName":"Castelnuovo Rangone","countryCode":"IT","countryName":"Italy","stateCode":"45","coords":["44.54935000","10.93350000"]},{"commonName":"Castelvetro di Modena","countryCode":"IT","countryName":"Italy","stateCode":"45","coords":["44.50422000","10.94666000"]},{"commonName":"Castelvetro Piacentino","countryCode":"IT","countryName":"Italy","stateCode":"45","coords":["45.10223000","9.99041000"]},{"commonName":"Castenaso","countryCode":"IT","countryName":"Italy","stateCode":"45","coords":["44.51398000","11.46842000"]},{"commonName":"Castiglione dei Pepoli","countryCode":"IT","countryName":"Italy","stateCode":"45","coords":["44.14280000","11.16028000"]},{"commonName":"Castrocaro Terme e Terra del Sole","countryCode":"IT","countryName":"Italy","stateCode":"45","coords":["44.18676000","11.96068000"]},{"commonName":"Cattolica","countryCode":"IT","countryName":"Italy","stateCode":"45","coords":["43.96182000","12.73631000"]},{"commonName":"Cavazzona","countryCode":"IT","countryName":"Italy","stateCode":"45","coords":["44.57326000","11.11903000"]},{"commonName":"Cavezzo","countryCode":"IT","countryName":"Italy","stateCode":"45","coords":["44.83500000","11.02890000"]},{"commonName":"Cavriago","countryCode":"IT","countryName":"Italy","stateCode":"45","coords":["44.69457000","10.52591000"]},{"commonName":"Cento","countryCode":"IT","countryName":"Italy","stateCode":"45","coords":["44.73099000","11.28716000"]},{"commonName":"Cerasolo","countryCode":"IT","countryName":"Italy","stateCode":"45","coords":["43.98805000","12.52988000"]},{"commonName":"Cerignale","countryCode":"IT","countryName":"Italy","stateCode":"45","coords":["44.67785000","9.35077000"]},{"commonName":"Cesena","countryCode":"IT","countryName":"Italy","stateCode":"45","coords":["44.13910000","12.24315000"]},{"commonName":"Cesenatico","countryCode":"IT","countryName":"Italy","stateCode":"45","coords":["44.19987000","12.39910000"]},{"commonName":"Ciano d'Enza","countryCode":"IT","countryName":"Italy","stateCode":"45","coords":["44.59982000","10.41040000"]},{"commonName":"Civitella di Romagna","countryCode":"IT","countryName":"Italy","stateCode":"45","coords":["44.00785000","11.94398000"]},{"commonName":"Classe","countryCode":"IT","countryName":"Italy","stateCode":"45","coords":["44.37955000","12.23654000"]},{"commonName":"Coccanile-Cesta","countryCode":"IT","countryName":"Italy","stateCode":"45","coords":["44.91667000","11.86667000"]},{"commonName":"Codemondo-Quaresimo","countryCode":"IT","countryName":"Italy","stateCode":"45","coords":["44.69082000","10.55098000"]},{"commonName":"Codigoro","countryCode":"IT","countryName":"Italy","stateCode":"45","coords":["44.83093000","12.11073000"]},{"commonName":"Codisotto","countryCode":"IT","countryName":"Italy","stateCode":"45","coords":["44.98278000","10.72750000"]},{"commonName":"Coli","countryCode":"IT","countryName":"Italy","stateCode":"45","coords":["44.74582000","9.41468000"]},{"commonName":"Collagna","countryCode":"IT","countryName":"Italy","stateCode":"45","coords":["44.34694000","10.27350000"]},{"commonName":"Collecchio","countryCode":"IT","countryName":"Italy","stateCode":"45","coords":["44.75197000","10.21540000"]},{"commonName":"Colombaro","countryCode":"IT","countryName":"Italy","stateCode":"45","coords":["44.55153000","10.89628000"]},{"commonName":"Colorno","countryCode":"IT","countryName":"Italy","stateCode":"45","coords":["44.92572000","10.37361000"]},{"commonName":"Comacchio","countryCode":"IT","countryName":"Italy","stateCode":"45","coords":["44.69478000","12.18194000"]},{"commonName":"Compiano","countryCode":"IT","countryName":"Italy","stateCode":"45","coords":["44.49605000","9.66207000"]},{"commonName":"Cona","countryCode":"IT","countryName":"Italy","stateCode":"45","coords":["44.80583000","11.70690000"]},{"commonName":"Concordia sulla Secchia","countryCode":"IT","countryName":"Italy","stateCode":"45","coords":["44.91258000","10.98802000"]},{"commonName":"Consandolo","countryCode":"IT","countryName":"Italy","stateCode":"45","coords":["44.65606000","11.77524000"]},{"commonName":"Copparo","countryCode":"IT","countryName":"Italy","stateCode":"45","coords":["44.89263000","11.82287000"]},{"commonName":"Corcagnano","countryCode":"IT","countryName":"Italy","stateCode":"45","coords":["44.72103000","10.30271000"]},{"commonName":"Coriano","countryCode":"IT","countryName":"Italy","stateCode":"45","coords":["43.96907000","12.60055000"]},{"commonName":"Corniglio","countryCode":"IT","countryName":"Italy","stateCode":"45","coords":["44.47425000","10.09009000"]},{"commonName":"Corpo Reno","countryCode":"IT","countryName":"Italy","stateCode":"45","coords":["44.75591000","11.30794000"]},{"commonName":"Corpolò","countryCode":"IT","countryName":"Italy","stateCode":"45","coords":["44.01905000","12.45266000"]},{"commonName":"Correggio","countryCode":"IT","countryName":"Italy","stateCode":"45","coords":["44.76737000","10.78345000"]},{"commonName":"Cortemaggiore","countryCode":"IT","countryName":"Italy","stateCode":"45","coords":["44.99185000","9.92844000"]},{"commonName":"Crespellano","countryCode":"IT","countryName":"Italy","stateCode":"45","coords":["44.51196000","11.13224000"]},{"commonName":"Crevalcore","countryCode":"IT","countryName":"Italy","stateCode":"45","coords":["44.71966000","11.14765000"]},{"commonName":"Cusercoli","countryCode":"IT","countryName":"Italy","stateCode":"45","coords":["44.04514000","12.00740000"]},{"commonName":"Decima","countryCode":"IT","countryName":"Italy","stateCode":"45","coords":["44.71045000","11.22978000"]},{"commonName":"Dodici Morelli","countryCode":"IT","countryName":"Italy","stateCode":"45","coords":["44.79234000","11.29124000"]},{"commonName":"Dosso","countryCode":"IT","countryName":"Italy","stateCode":"45","coords":["44.76806000","11.33938000"]},{"commonName":"Dovadola","countryCode":"IT","countryName":"Italy","stateCode":"45","coords":["44.12211000","11.88707000"]},{"commonName":"Dozza","countryCode":"IT","countryName":"Italy","stateCode":"45","coords":["44.36195000","11.63547000"]},{"commonName":"Fabbrico","countryCode":"IT","countryName":"Italy","stateCode":"45","coords":["44.87214000","10.80893000"]},{"commonName":"Fanano","countryCode":"IT","countryName":"Italy","stateCode":"45","coords":["44.21245000","10.79660000"]},{"commonName":"Farini","countryCode":"IT","countryName":"Italy","stateCode":"45","coords":["44.71266000","9.56887000"]},{"commonName":"Felegara","countryCode":"IT","countryName":"Italy","stateCode":"45","coords":["44.72187000","10.11273000"]},{"commonName":"Felina","countryCode":"IT","countryName":"Italy","stateCode":"45","coords":["44.45478000","10.46067000"]},{"commonName":"Felino","countryCode":"IT","countryName":"Italy","stateCode":"45","coords":["44.69902000","10.23828000"]},{"commonName":"Fellegara","countryCode":"IT","countryName":"Italy","stateCode":"45","coords":["44.61052000","10.69700000"]},{"commonName":"Ferrara","countryCode":"IT","countryName":"Italy","stateCode":"45","coords":["44.83804000","11.62057000"]},{"commonName":"Ferriere","countryCode":"IT","countryName":"Italy","stateCode":"45","coords":["44.64385000","9.49657000"]},{"commonName":"Fidenza","countryCode":"IT","countryName":"Italy","stateCode":"45","coords":["44.86694000","10.06039000"]},{"commonName":"Finale Emilia","countryCode":"IT","countryName":"Italy","stateCode":"45","coords":["44.83373000","11.29378000"]},{"commonName":"Fiorano","countryCode":"IT","countryName":"Italy","stateCode":"45","coords":["44.53889000","10.81166000"]},{"commonName":"Fiorenzuola d'Arda","countryCode":"IT","countryName":"Italy","stateCode":"45","coords":["44.92435000","9.91329000"]},{"commonName":"Fiumalbo-Dogana","countryCode":"IT","countryName":"Italy","stateCode":"45","coords":["44.17925000","10.64720000"]},{"commonName":"Fiumana","countryCode":"IT","countryName":"Italy","stateCode":"45","coords":["44.14325000","11.98719000"]},{"commonName":"Fogliano","countryCode":"IT","countryName":"Italy","stateCode":"45","coords":["44.64751000","10.64505000"]},{"commonName":"Fognano","countryCode":"IT","countryName":"Italy","stateCode":"45","coords":["44.20509000","11.73782000"]},{"commonName":"Fontanelice","countryCode":"IT","countryName":"Italy","stateCode":"45","coords":["44.25932000","11.55852000"]},{"commonName":"Fontanellato","countryCode":"IT","countryName":"Italy","stateCode":"45","coords":["44.88187000","10.17631000"]},{"commonName":"Fontevivo","countryCode":"IT","countryName":"Italy","stateCode":"45","coords":["44.85942000","10.17281000"]},{"commonName":"Forche","countryCode":"IT","countryName":"Italy","stateCode":"45","coords":["44.63646000","10.57316000"]},{"commonName":"Forlì","countryCode":"IT","countryName":"Italy","stateCode":"45","coords":["44.22177000","12.04144000"]},{"commonName":"Forlimpopoli","countryCode":"IT","countryName":"Italy","stateCode":"45","coords":["44.19107000","12.12873000"]},{"commonName":"Formica","countryCode":"IT","countryName":"Italy","stateCode":"45","coords":["44.46838000","11.01337000"]},{"commonName":"Formigine","countryCode":"IT","countryName":"Italy","stateCode":"45","coords":["44.57268000","10.84737000"]},{"commonName":"Formignana","countryCode":"IT","countryName":"Italy","stateCode":"45","coords":["44.84230000","11.85935000"]},{"commonName":"Fornace Zarattini","countryCode":"IT","countryName":"Italy","stateCode":"45","coords":["44.41667000","12.13333000"]},{"commonName":"Fornovo di Taro","countryCode":"IT","countryName":"Italy","stateCode":"45","coords":["44.69465000","10.10178000"]},{"commonName":"Fossa","countryCode":"IT","countryName":"Italy","stateCode":"45","coords":["44.92304000","11.02356000"]},{"commonName":"Fosso Ghiaia","countryCode":"IT","countryName":"Italy","stateCode":"45","coords":["44.35525000","12.25430000"]},{"commonName":"Fossoli","countryCode":"IT","countryName":"Italy","stateCode":"45","coords":["44.82160000","10.88977000"]},{"commonName":"Francolino","countryCode":"IT","countryName":"Italy","stateCode":"45","coords":["44.89662000","11.65701000"]},{"commonName":"Frassinoro","countryCode":"IT","countryName":"Italy","stateCode":"45","coords":["44.29451000","10.57117000"]},{"commonName":"Fratta Terme","countryCode":"IT","countryName":"Italy","stateCode":"45","coords":["44.14157000","12.10213000"]},{"commonName":"Gaggio","countryCode":"IT","countryName":"Italy","stateCode":"45","coords":["44.63458000","11.01334000"]},{"commonName":"Gaggio Montano","countryCode":"IT","countryName":"Italy","stateCode":"45","coords":["44.19583000","10.93518000"]},{"commonName":"Gaiano","countryCode":"IT","countryName":"Italy","stateCode":"45","coords":["44.72391000","10.17267000"]},{"commonName":"Gaibanella-Sant'Edigio","countryCode":"IT","countryName":"Italy","stateCode":"45","coords":["44.76667000","11.65000000"]},{"commonName":"Galeata","countryCode":"IT","countryName":"Italy","stateCode":"45","coords":["43.99607000","11.91057000"]},{"commonName":"Gallo","countryCode":"IT","countryName":"Italy","stateCode":"45","coords":["44.73144000","11.55284000"]},{"commonName":"Gambettola","countryCode":"IT","countryName":"Italy","stateCode":"45","coords":["44.11748000","12.33705000"]},{"commonName":"Gatteo a Mare","countryCode":"IT","countryName":"Italy","stateCode":"45","coords":["44.17069000","12.43549000"]},{"commonName":"Gatteo-Sant'Angelo","countryCode":"IT","countryName":"Italy","stateCode":"45","coords":["44.11194000","12.39139000"]},{"commonName":"Gazzola","countryCode":"IT","countryName":"Italy","stateCode":"45","coords":["44.96006000","9.54896000"]},{"commonName":"Gemmano","countryCode":"IT","countryName":"Italy","stateCode":"45","coords":["43.90393000","12.58091000"]},{"commonName":"Glorie","countryCode":"IT","countryName":"Italy","stateCode":"45","coords":["44.46994000","12.07707000"]},{"commonName":"Godo","countryCode":"IT","countryName":"Italy","stateCode":"45","coords":["44.39173000","12.07495000"]},{"commonName":"Goro","countryCode":"IT","countryName":"Italy","stateCode":"45","coords":["44.85150000","12.29651000"]},{"commonName":"Gorzano","countryCode":"IT","countryName":"Italy","stateCode":"45","coords":["44.51626000","10.87983000"]},{"commonName":"Gossolengo","countryCode":"IT","countryName":"Italy","stateCode":"45","coords":["45.00248000","9.61799000"]},{"commonName":"Gragnano Trebbiense","countryCode":"IT","countryName":"Italy","stateCode":"45","coords":["45.01225000","9.57139000"]},{"commonName":"Granarolo","countryCode":"IT","countryName":"Italy","stateCode":"45","coords":["44.35859000","11.93459000"]},{"commonName":"Granarolo dell'Emilia e Viadagola","countryCode":"IT","countryName":"Italy","stateCode":"45","coords":["44.55327000","11.44291000"]},{"commonName":"Grizzana","countryCode":"IT","countryName":"Italy","stateCode":"45","coords":["44.25806000","11.15557000"]},{"commonName":"Grizzana Morandi","countryCode":"IT","countryName":"Italy","stateCode":"45","coords":["44.25820000","11.15288000"]},{"commonName":"Gropparello","countryCode":"IT","countryName":"Italy","stateCode":"45","coords":["44.83354000","9.72801000"]},{"commonName":"Gualtieri","countryCode":"IT","countryName":"Italy","stateCode":"45","coords":["44.89736000","10.62860000"]},{"commonName":"Guastalla","countryCode":"IT","countryName":"Italy","stateCode":"45","coords":["44.91172000","10.66186000"]},{"commonName":"Guiglia","countryCode":"IT","countryName":"Italy","stateCode":"45","coords":["44.42432000","10.96125000"]},{"commonName":"Imola","countryCode":"IT","countryName":"Italy","stateCode":"45","coords":["44.35916000","11.71320000"]},{"commonName":"Jolanda di Savoia","countryCode":"IT","countryName":"Italy","stateCode":"45","coords":["44.88319000","11.97910000"]},{"commonName":"La Saletta-Tamara","countryCode":"IT","countryName":"Italy","stateCode":"45","coords":["44.88151000","11.77236000"]},{"commonName":"Lagosanto","countryCode":"IT","countryName":"Italy","stateCode":"45","coords":["44.76282000","12.14005000"]},{"commonName":"Lama","countryCode":"IT","countryName":"Italy","stateCode":"45","coords":["44.30726000","10.73060000"]},{"commonName":"Langhirano","countryCode":"IT","countryName":"Italy","stateCode":"45","coords":["44.61913000","10.26652000"]},{"commonName":"Lavezzola","countryCode":"IT","countryName":"Italy","stateCode":"45","coords":["44.56099000","11.87557000"]},{"commonName":"Lentigione-Sorbolo a Mane","countryCode":"IT","countryName":"Italy","stateCode":"45","coords":["44.86667000","10.48333000"]},{"commonName":"Lesignano de'Bagni","countryCode":"IT","countryName":"Italy","stateCode":"45","coords":["44.64346000","10.30039000"]},{"commonName":"Lido Adriano","countryCode":"IT","countryName":"Italy","stateCode":"45","coords":["44.41673000","12.30552000"]},{"commonName":"Lido degli Estensi","countryCode":"IT","countryName":"Italy","stateCode":"45","coords":["44.66639000","12.25000000"]},{"commonName":"Lido di Pomposa-Lido degli Scacchi","countryCode":"IT","countryName":"Italy","stateCode":"45","coords":["44.70667000","12.23611000"]},{"commonName":"Ligonchio","countryCode":"IT","countryName":"Italy","stateCode":"45","coords":["44.31635000","10.34224000"]},{"commonName":"Limidi","countryCode":"IT","countryName":"Italy","stateCode":"45","coords":["44.76427000","10.92002000"]},{"commonName":"Lizzano in Belvedere","countryCode":"IT","countryName":"Italy","stateCode":"45","coords":["44.16135000","10.89408000"]},{"commonName":"Loiano","countryCode":"IT","countryName":"Italy","stateCode":"45","coords":["44.26806000","11.32841000"]},{"commonName":"Longara","countryCode":"IT","countryName":"Italy","stateCode":"45","coords":["44.57110000","11.30386000"]},{"commonName":"Longastrino","countryCode":"IT","countryName":"Italy","stateCode":"45","coords":["44.58848000","12.00982000"]},{"commonName":"Longiano","countryCode":"IT","countryName":"Italy","stateCode":"45","coords":["44.07446000","12.32970000"]},{"commonName":"Lugagnano Val d'Arda","countryCode":"IT","countryName":"Italy","stateCode":"45","coords":["44.82304000","9.82828000"]},{"commonName":"Luzzara","countryCode":"IT","countryName":"Italy","stateCode":"45","coords":["44.95925000","10.68953000"]},{"commonName":"Madonna Dell'Albero","countryCode":"IT","countryName":"Italy","stateCode":"45","coords":["44.38115000","12.20044000"]},{"commonName":"Magreta","countryCode":"IT","countryName":"Italy","stateCode":"45","coords":["44.60000000","10.80000000"]},{"commonName":"Malalbergo","countryCode":"IT","countryName":"Italy","stateCode":"45","coords":["44.71867000","11.53221000"]},{"commonName":"Manzolino","countryCode":"IT","countryName":"Italy","stateCode":"45","coords":["44.59577000","11.09982000"]},{"commonName":"Maranello","countryCode":"IT","countryName":"Italy","stateCode":"45","coords":["44.53101000","10.86888000"]},{"commonName":"Marano sul Panaro","countryCode":"IT","countryName":"Italy","stateCode":"45","coords":["44.45924000","10.96879000"]},{"commonName":"Marina di Ravenna","countryCode":"IT","countryName":"Italy","stateCode":"45","coords":["44.48625000","12.28087000"]},{"commonName":"Marina Romea","countryCode":"IT","countryName":"Italy","stateCode":"45","coords":["44.51494000","12.27113000"]},{"commonName":"Marsaglia","countryCode":"IT","countryName":"Italy","stateCode":"45","coords":["44.71228000","9.38353000"]},{"commonName":"Marzabotto","countryCode":"IT","countryName":"Italy","stateCode":"45","coords":["44.34297000","11.20593000"]},{"commonName":"Masi-Torello","countryCode":"IT","countryName":"Italy","stateCode":"45","coords":["44.79458000","11.80182000"]},{"commonName":"Massa Finalese","countryCode":"IT","countryName":"Italy","stateCode":"45","coords":["44.85240000","11.21429000"]},{"commonName":"Massa Fiscaglia","countryCode":"IT","countryName":"Italy","stateCode":"45","coords":["44.80983000","12.00746000"]},{"commonName":"Massenzatico","countryCode":"IT","countryName":"Italy","stateCode":"45","coords":["44.73477000","10.69736000"]},{"commonName":"Medesano","countryCode":"IT","countryName":"Italy","stateCode":"45","coords":["44.75824000","10.13794000"]},{"commonName":"Medicina-Buda","countryCode":"IT","countryName":"Italy","stateCode":"45","coords":["44.47867000","11.63812000"]},{"commonName":"Medolla","countryCode":"IT","countryName":"Italy","stateCode":"45","coords":["44.84667000","11.06760000"]},{"commonName":"Meldola","countryCode":"IT","countryName":"Italy","stateCode":"45","coords":["44.12775000","12.06260000"]},{"commonName":"Mercato Saraceno","countryCode":"IT","countryName":"Italy","stateCode":"45","coords":["43.96274000","12.19638000"]},{"commonName":"Mesola","countryCode":"IT","countryName":"Italy","stateCode":"45","coords":["44.91831000","12.23121000"]},{"commonName":"Mezzano","countryCode":"IT","countryName":"Italy","stateCode":"45","coords":["44.46625000","12.08632000"]},{"commonName":"Mezzano Inferiore","countryCode":"IT","countryName":"Italy","stateCode":"45","coords":["44.91291000","10.45838000"]},{"commonName":"Mezzogoro","countryCode":"IT","countryName":"Italy","stateCode":"45","coords":["44.90256000","12.09925000"]},{"commonName":"Mezzolara","countryCode":"IT","countryName":"Italy","stateCode":"45","coords":["44.58917000","11.56492000"]},{"commonName":"Migliarina","countryCode":"IT","countryName":"Italy","stateCode":"45","coords":["44.81042000","10.83600000"]},{"commonName":"Migliarino","countryCode":"IT","countryName":"Italy","stateCode":"45","coords":["44.76993000","11.93304000"]},{"commonName":"Migliaro","countryCode":"IT","countryName":"Italy","stateCode":"45","coords":["44.79916000","11.97440000"]},{"commonName":"Milano Marittima","countryCode":"IT","countryName":"Italy","stateCode":"45","coords":["44.27409000","12.35172000"]},{"commonName":"Minerbio","countryCode":"IT","countryName":"Italy","stateCode":"45","coords":["44.61811000","11.47257000"]},{"commonName":"Mirabello","countryCode":"IT","countryName":"Italy","stateCode":"45","coords":["44.82295000","11.45669000"]},{"commonName":"Mirandola","countryCode":"IT","countryName":"Italy","stateCode":"45","coords":["44.88515000","11.06902000"]},{"commonName":"Misano Adriatico","countryCode":"IT","countryName":"Italy","stateCode":"45","coords":["43.97714000","12.69805000"]},{"commonName":"Modena","countryCode":"IT","countryName":"Italy","stateCode":"45","coords":["44.64783000","10.92539000"]},{"commonName":"Modigliana","countryCode":"IT","countryName":"Italy","stateCode":"45","coords":["44.15954000","11.79286000"]},{"commonName":"Molinella","countryCode":"IT","countryName":"Italy","stateCode":"45","coords":["44.61758000","11.66719000"]},{"commonName":"Molino del Pallone","countryCode":"IT","countryName":"Italy","stateCode":"45","coords":["44.10028000","10.96135000"]},{"commonName":"Monchio delle Corti","countryCode":"IT","countryName":"Italy","stateCode":"45","coords":["44.41172000","10.12370000"]},{"commonName":"Mondaino","countryCode":"IT","countryName":"Italy","stateCode":"45","coords":["43.85796000","12.66845000"]},{"commonName":"Monghidoro","countryCode":"IT","countryName":"Italy","stateCode":"45","coords":["44.22327000","11.32331000"]},{"commonName":"Montalbano","countryCode":"IT","countryName":"Italy","stateCode":"45","coords":["43.95879000","12.71646000"]},{"commonName":"Montale","countryCode":"IT","countryName":"Italy","stateCode":"45","coords":["44.56923000","10.90771000"]},{"commonName":"Monte Colombo","countryCode":"IT","countryName":"Italy","stateCode":"45","coords":["43.92016000","12.55235000"]},{"commonName":"Monte San Giovanni","countryCode":"IT","countryName":"Italy","stateCode":"45","coords":["44.42014000","11.17170000"]},{"commonName":"Montecavolo","countryCode":"IT","countryName":"Italy","stateCode":"45","coords":["44.63275000","10.54264000"]},{"commonName":"Montecchio Emilia","countryCode":"IT","countryName":"Italy","stateCode":"45","coords":["44.69937000","10.45211000"]},{"commonName":"Montechiarugolo","countryCode":"IT","countryName":"Italy","stateCode":"45","coords":["44.69261000","10.42128000"]},{"commonName":"Montecreto","countryCode":"IT","countryName":"Italy","stateCode":"45","coords":["44.24596000","10.71760000"]},{"commonName":"Montefiore Conca","countryCode":"IT","countryName":"Italy","stateCode":"45","coords":["43.88916000","12.61145000"]},{"commonName":"Montefiorino","countryCode":"IT","countryName":"Italy","stateCode":"45","coords":["44.35382000","10.62375000"]},{"commonName":"Montegridolfo","countryCode":"IT","countryName":"Italy","stateCode":"45","coords":["43.85826000","12.68995000"]},{"commonName":"Monterenzio","countryCode":"IT","countryName":"Italy","stateCode":"45","coords":["44.32632000","11.40446000"]},{"commonName":"Montescudo","countryCode":"IT","countryName":"Italy","stateCode":"45","coords":["43.91753000","12.54083000"]},{"commonName":"Montese","countryCode":"IT","countryName":"Italy","stateCode":"45","coords":["44.26993000","10.94545000"]},{"commonName":"Montiano","countryCode":"IT","countryName":"Italy","stateCode":"45","coords":["44.08232000","12.30455000"]},{"commonName":"Monticelli d'Ongina","countryCode":"IT","countryName":"Italy","stateCode":"45","coords":["45.08851000","9.93424000"]},{"commonName":"Monticelli Terme","countryCode":"IT","countryName":"Italy","stateCode":"45","coords":["44.72881000","10.39444000"]},{"commonName":"Monzuno","countryCode":"IT","countryName":"Italy","stateCode":"45","coords":["44.27825000","11.26684000"]},{"commonName":"Morciano di Romagna","countryCode":"IT","countryName":"Italy","stateCode":"45","coords":["43.91440000","12.65104000"]},{"commonName":"Mordano","countryCode":"IT","countryName":"Italy","stateCode":"45","coords":["44.39696000","11.80763000"]},{"commonName":"Morfasso","countryCode":"IT","countryName":"Italy","stateCode":"45","coords":["44.72270000","9.70221000"]},{"commonName":"Mulino","countryCode":"IT","countryName":"Italy","stateCode":"45","coords":["44.49257000","11.04667000"]},{"commonName":"Neviano degli Arduini","countryCode":"IT","countryName":"Italy","stateCode":"45","coords":["44.58344000","10.31638000"]},{"commonName":"Nibbiano","countryCode":"IT","countryName":"Italy","stateCode":"45","coords":["44.90506000","9.32826000"]},{"commonName":"Niviano","countryCode":"IT","countryName":"Italy","stateCode":"45","coords":["44.94027000","9.62878000"]},{"commonName":"Noceto","countryCode":"IT","countryName":"Italy","stateCode":"45","coords":["44.80953000","10.17730000"]},{"commonName":"Nonantola","countryCode":"IT","countryName":"Italy","stateCode":"45","coords":["44.67785000","11.03785000"]},{"commonName":"Novafeltria","countryCode":"IT","countryName":"Italy","stateCode":"45","coords":["43.89486000","12.28894000"]},{"commonName":"Novellara","countryCode":"IT","countryName":"Italy","stateCode":"45","coords":["44.84488000","10.72745000"]},{"commonName":"Novi di Modena","countryCode":"IT","countryName":"Italy","stateCode":"45","coords":["44.88974000","10.90027000"]},{"commonName":"Ospedaletto","countryCode":"IT","countryName":"Italy","stateCode":"45","coords":["43.98380000","12.57056000"]},{"commonName":"Ostellato","countryCode":"IT","countryName":"Italy","stateCode":"45","coords":["44.74556000","11.94276000"]},{"commonName":"Osteria Grande","countryCode":"IT","countryName":"Italy","stateCode":"45","coords":["44.42845000","11.52180000"]},{"commonName":"Osteria Nuova","countryCode":"IT","countryName":"Italy","stateCode":"45","coords":["44.58457000","11.23739000"]},{"commonName":"Ottone","countryCode":"IT","countryName":"Italy","stateCode":"45","coords":["44.62325000","9.33267000"]},{"commonName":"Ozzano dell'Emilia","countryCode":"IT","countryName":"Italy","stateCode":"45","coords":["44.44427000","11.47552000"]},{"commonName":"Ozzano Taro","countryCode":"IT","countryName":"Italy","stateCode":"45","coords":["44.70969000","10.14086000"]},{"commonName":"Padulle","countryCode":"IT","countryName":"Italy","stateCode":"45","coords":["44.62945000","11.27738000"]},{"commonName":"Palagano","countryCode":"IT","countryName":"Italy","stateCode":"45","coords":["44.32152000","10.64660000"]},{"commonName":"Palanzano","countryCode":"IT","countryName":"Italy","stateCode":"45","coords":["44.43629000","10.19400000"]},{"commonName":"Panighina","countryCode":"IT","countryName":"Italy","stateCode":"45","coords":["44.17162000","12.16324000"]},{"commonName":"Parma","countryCode":"IT","countryName":"Italy","stateCode":"45","coords":["44.79935000","10.32618000"]},{"commonName":"Pavullo nel Frignano","countryCode":"IT","countryName":"Italy","stateCode":"45","coords":["44.33352000","10.83544000"]},{"commonName":"Pecorara","countryCode":"IT","countryName":"Italy","stateCode":"45","coords":["44.87582000","9.38387000"]},{"commonName":"Pellegrino Parmense","countryCode":"IT","countryName":"Italy","stateCode":"45","coords":["44.72950000","9.93240000"]},{"commonName":"Pennabilli","countryCode":"IT","countryName":"Italy","stateCode":"45","coords":["43.81746000","12.26708000"]},{"commonName":"Piacenza","countryCode":"IT","countryName":"Italy","stateCode":"45","coords":["45.05242000","9.69342000"]},{"commonName":"Pianello Val Tidone","countryCode":"IT","countryName":"Italy","stateCode":"45","coords":["44.94666000","9.40516000"]},{"commonName":"Piangipane","countryCode":"IT","countryName":"Italy","stateCode":"45","coords":["44.42198000","12.09066000"]},{"commonName":"Pianoro","countryCode":"IT","countryName":"Italy","stateCode":"45","coords":["44.38893000","11.34262000"]},{"commonName":"Pietracuta","countryCode":"IT","countryName":"Italy","stateCode":"45","coords":["43.95400000","12.37138000"]},{"commonName":"Pieve di Cento","countryCode":"IT","countryName":"Italy","stateCode":"45","coords":["44.71293000","11.30922000"]},{"commonName":"Pievepelago","countryCode":"IT","countryName":"Italy","stateCode":"45","coords":["44.20475000","10.61660000"]},{"commonName":"Pilastro","countryCode":"IT","countryName":"Italy","stateCode":"45","coords":["44.68254000","10.28879000"]},{"commonName":"Pinarella","countryCode":"IT","countryName":"Italy","stateCode":"45","coords":["44.24167000","12.37111000"]},{"commonName":"Piozzano","countryCode":"IT","countryName":"Italy","stateCode":"45","coords":["44.92533000","9.49559000"]},{"commonName":"Pisignano","countryCode":"IT","countryName":"Italy","stateCode":"45","coords":["44.23787000","12.26841000"]},{"commonName":"Piumazzo","countryCode":"IT","countryName":"Italy","stateCode":"45","coords":["44.54631000","11.06727000"]},{"commonName":"Pizzano","countryCode":"IT","countryName":"Italy","stateCode":"45","coords":["44.35500000","11.41499000"]},{"commonName":"Podenzano","countryCode":"IT","countryName":"Italy","stateCode":"45","coords":["44.95484000","9.68315000"]},{"commonName":"Poggio Berni","countryCode":"IT","countryName":"Italy","stateCode":"45","coords":["44.02639000","12.40944000"]},{"commonName":"Poggio Renatico","countryCode":"IT","countryName":"Italy","stateCode":"45","coords":["44.76581000","11.48695000"]},{"commonName":"Polesine Parmense","countryCode":"IT","countryName":"Italy","stateCode":"45","coords":["45.01682000","10.09015000"]},{"commonName":"Polinago","countryCode":"IT","countryName":"Italy","stateCode":"45","coords":["44.34502000","10.72597000"]},{"commonName":"Ponte dell'Olio","countryCode":"IT","countryName":"Italy","stateCode":"45","coords":["44.86762000","9.64433000"]},{"commonName":"Ponte della Venturina","countryCode":"IT","countryName":"Italy","stateCode":"45","coords":["44.13042000","10.99113000"]},{"commonName":"Ponte Ronca","countryCode":"IT","countryName":"Italy","stateCode":"45","coords":["44.50166000","11.18973000"]},{"commonName":"Ponte Taro","countryCode":"IT","countryName":"Italy","stateCode":"45","coords":["44.82872000","10.21037000"]},{"commonName":"Pontegradella","countryCode":"IT","countryName":"Italy","stateCode":"45","coords":["44.83813000","11.66280000"]},{"commonName":"Pontelangorino","countryCode":"IT","countryName":"Italy","stateCode":"45","coords":["44.86087000","12.14864000"]},{"commonName":"Pontenure","countryCode":"IT","countryName":"Italy","stateCode":"45","coords":["44.99821000","9.79139000"]},{"commonName":"Ponticella","countryCode":"IT","countryName":"Italy","stateCode":"45","coords":["44.45446000","11.37851000"]},{"commonName":"Porotto-Cassama","countryCode":"IT","countryName":"Italy","stateCode":"45","coords":["44.85000000","11.55000000"]},{"commonName":"Porporano","countryCode":"IT","countryName":"Italy","stateCode":"45","coords":["44.75266000","10.35054000"]},{"commonName":"Porretta Terme","countryCode":"IT","countryName":"Italy","stateCode":"45","coords":["44.16325000","10.97432000"]},{"commonName":"Portico di Romagna","countryCode":"IT","countryName":"Italy","stateCode":"45","coords":["44.02657000","11.78133000"]},{"commonName":"Portico e San Benedetto","countryCode":"IT","countryName":"Italy","stateCode":"45","coords":["44.02646000","11.78153000"]},{"commonName":"Porto Corsini","countryCode":"IT","countryName":"Italy","stateCode":"45","coords":["44.49410000","12.27875000"]},{"commonName":"Porto Fuori","countryCode":"IT","countryName":"Italy","stateCode":"45","coords":["44.40557000","12.25218000"]},{"commonName":"Porto Garibaldi","countryCode":"IT","countryName":"Italy","stateCode":"45","coords":["44.68123000","12.23678000"]},{"commonName":"Portomaggiore","countryCode":"IT","countryName":"Italy","stateCode":"45","coords":["44.69763000","11.80760000"]},{"commonName":"Poviglio","countryCode":"IT","countryName":"Italy","stateCode":"45","coords":["44.84227000","10.53936000"]},{"commonName":"Pozza","countryCode":"IT","countryName":"Italy","stateCode":"45","coords":["44.52641000","10.89234000"]},{"commonName":"Praticello","countryCode":"IT","countryName":"Italy","stateCode":"45","coords":["44.80436000","10.47310000"]},{"commonName":"Pratissolo","countryCode":"IT","countryName":"Italy","stateCode":"45","coords":["44.60416000","10.67400000"]},{"commonName":"Prato","countryCode":"IT","countryName":"Italy","stateCode":"45","coords":["44.71589000","10.74797000"]},{"commonName":"Predappio","countryCode":"IT","countryName":"Italy","stateCode":"45","coords":["44.10316000","11.98413000"]},{"commonName":"Premilcuore","countryCode":"IT","countryName":"Italy","stateCode":"45","coords":["43.98084000","11.78193000"]},{"commonName":"Prignano","countryCode":"IT","countryName":"Italy","stateCode":"45","coords":["44.43790000","10.69118000"]},{"commonName":"Prignano sulla Secchia","countryCode":"IT","countryName":"Italy","stateCode":"45","coords":["44.43836000","10.69190000"]},{"commonName":"Progresso","countryCode":"IT","countryName":"Italy","stateCode":"45","coords":["44.56892000","11.36420000"]},{"commonName":"Provincia di Ferrara","countryCode":"IT","countryName":"Italy","stateCode":"45","coords":["44.80000000","11.83333000"]},{"commonName":"Provincia di Forlì-Cesena","countryCode":"IT","countryName":"Italy","stateCode":"45","coords":["44.08333000","12.03333000"]},{"commonName":"Provincia di Modena","countryCode":"IT","countryName":"Italy","stateCode":"45","coords":["44.50000000","10.90000000"]},{"commonName":"Provincia di Parma","countryCode":"IT","countryName":"Italy","stateCode":"45","coords":["44.70000000","10.08333000"]},{"commonName":"Provincia di Piacenza","countryCode":"IT","countryName":"Italy","stateCode":"45","coords":["44.88333000","9.58333000"]},{"commonName":"Provincia di Ravenna","countryCode":"IT","countryName":"Italy","stateCode":"45","coords":["44.41667000","11.98333000"]},{"commonName":"Provincia di Reggio Emilia","countryCode":"IT","countryName":"Italy","stateCode":"45","coords":["44.61667000","10.61667000"]},{"commonName":"Provincia di Rimini","countryCode":"IT","countryName":"Italy","stateCode":"45","coords":["44.02405000","12.51858000"]},{"commonName":"Puianello","countryCode":"IT","countryName":"Italy","stateCode":"45","coords":["44.62630000","10.56420000"]},{"commonName":"Pulce","countryCode":"IT","countryName":"Italy","stateCode":"45","coords":["44.44909000","11.41153000"]},{"commonName":"Punta Marina","countryCode":"IT","countryName":"Italy","stateCode":"45","coords":["44.44272000","12.29089000"]},{"commonName":"Quarantoli","countryCode":"IT","countryName":"Italy","stateCode":"45","coords":["44.91954000","11.10324000"]},{"commonName":"Quartesana","countryCode":"IT","countryName":"Italy","stateCode":"45","coords":["44.80490000","11.73873000"]},{"commonName":"Quarto Inferiore","countryCode":"IT","countryName":"Italy","stateCode":"45","coords":["44.53090000","11.41679000"]},{"commonName":"Quattro Castella","countryCode":"IT","countryName":"Italy","stateCode":"45","coords":["44.63496000","10.47429000"]},{"commonName":"Ramiola","countryCode":"IT","countryName":"Italy","stateCode":"45","coords":["44.70055000","10.09110000"]},{"commonName":"Ramiseto","countryCode":"IT","countryName":"Italy","stateCode":"45","coords":["44.41284000","10.27689000"]},{"commonName":"Rastignano-Carteria di Sesto","countryCode":"IT","countryName":"Italy","stateCode":"45","coords":["44.43623000","11.35695000"]},{"commonName":"Ravarino","countryCode":"IT","countryName":"Italy","stateCode":"45","coords":["44.72475000","11.09588000"]},{"commonName":"Reggio nell'Emilia","countryCode":"IT","countryName":"Italy","stateCode":"45","coords":["44.69825000","10.63125000"]},{"commonName":"Reggiolo","countryCode":"IT","countryName":"Italy","stateCode":"45","coords":["44.91824000","10.81016000"]},{"commonName":"Renazzo","countryCode":"IT","countryName":"Italy","stateCode":"45","coords":["44.76527000","11.28605000"]},{"commonName":"Riale","countryCode":"IT","countryName":"Italy","stateCode":"45","coords":["44.48333000","11.23333000"]},{"commonName":"Riccione","countryCode":"IT","countryName":"Italy","stateCode":"45","coords":["43.99942000","12.65689000"]},{"commonName":"Riccò","countryCode":"IT","countryName":"Italy","stateCode":"45","coords":["44.70050000","10.12095000"]},{"commonName":"Rimini","countryCode":"IT","countryName":"Italy","stateCode":"45","coords":["44.05755000","12.56528000"]},{"commonName":"Rio Saliceto","countryCode":"IT","countryName":"Italy","stateCode":"45","coords":["44.81147000","10.80414000"]},{"commonName":"Riolunato","countryCode":"IT","countryName":"Italy","stateCode":"45","coords":["44.23102000","10.65310000"]},{"commonName":"Rivazzurra","countryCode":"IT","countryName":"Italy","stateCode":"45","coords":["44.04186000","12.60894000"]},{"commonName":"Rivergaro","countryCode":"IT","countryName":"Italy","stateCode":"45","coords":["44.91500000","9.60443000"]},{"commonName":"Ro","countryCode":"IT","countryName":"Italy","stateCode":"45","coords":["44.94695000","11.76006000"]},{"commonName":"Rocca San Casciano","countryCode":"IT","countryName":"Italy","stateCode":"45","coords":["44.05871000","11.84274000"]},{"commonName":"Roccabianca","countryCode":"IT","countryName":"Italy","stateCode":"45","coords":["45.00772000","10.21824000"]},{"commonName":"Rolo","countryCode":"IT","countryName":"Italy","stateCode":"45","coords":["44.88482000","10.85961000"]},{"commonName":"Roncocesi","countryCode":"IT","countryName":"Italy","stateCode":"45","coords":["44.73843000","10.57816000"]},{"commonName":"Roncofreddo","countryCode":"IT","countryName":"Italy","stateCode":"45","coords":["44.04222000","12.30083000"]},{"commonName":"Roncofreddo-Santa Paola","countryCode":"IT","countryName":"Italy","stateCode":"45","coords":["44.04251000","12.31523000"]},{"commonName":"Roteglia","countryCode":"IT","countryName":"Italy","stateCode":"45","coords":["44.48417000","10.68832000"]},{"commonName":"Rottofreno","countryCode":"IT","countryName":"Italy","stateCode":"45","coords":["45.05527000","9.55007000"]},{"commonName":"Roveleto","countryCode":"IT","countryName":"Italy","stateCode":"45","coords":["44.96332000","9.85390000"]},{"commonName":"Rovereto","countryCode":"IT","countryName":"Italy","stateCode":"45","coords":["44.83381000","10.95157000"]},{"commonName":"Rubiera","countryCode":"IT","countryName":"Italy","stateCode":"45","coords":["44.65158000","10.77940000"]},{"commonName":"Sala","countryCode":"IT","countryName":"Italy","stateCode":"45","coords":["44.15638000","12.38340000"]},{"commonName":"Sala Baganza","countryCode":"IT","countryName":"Italy","stateCode":"45","coords":["44.71563000","10.22622000"]},{"commonName":"Sala Bolognese","countryCode":"IT","countryName":"Italy","stateCode":"45","coords":["44.61387000","11.25669000"]},{"commonName":"Salsomaggiore Terme","countryCode":"IT","countryName":"Italy","stateCode":"45","coords":["44.81592000","9.98637000"]},{"commonName":"Saludecio","countryCode":"IT","countryName":"Italy","stateCode":"45","coords":["43.87540000","12.66118000"]},{"commonName":"Salvaterra","countryCode":"IT","countryName":"Italy","stateCode":"45","coords":["44.59925000","10.76860000"]},{"commonName":"Sam Marino","countryCode":"IT","countryName":"Italy","stateCode":"45","coords":["44.80738000","10.91438000"]},{"commonName":"San Bartolomeo","countryCode":"IT","countryName":"Italy","stateCode":"45","coords":["44.67402000","10.53941000"]},{"commonName":"San Bartolomeo In Bosco","countryCode":"IT","countryName":"Italy","stateCode":"45","coords":["44.73094000","11.63573000"]},{"commonName":"San Benedetto Val di Sambro","countryCode":"IT","countryName":"Italy","stateCode":"45","coords":["44.21405000","11.23567000"]},{"commonName":"San Biagio","countryCode":"IT","countryName":"Italy","stateCode":"45","coords":["44.58695000","11.86918000"]},{"commonName":"San Carlo","countryCode":"IT","countryName":"Italy","stateCode":"45","coords":["44.80361000","11.40999000"]},{"commonName":"San Cesario sul Panaro","countryCode":"IT","countryName":"Italy","stateCode":"45","coords":["44.56352000","11.03508000"]},{"commonName":"San Clemente","countryCode":"IT","countryName":"Italy","stateCode":"45","coords":["43.93269000","12.62707000"]},{"commonName":"San Damaso","countryCode":"IT","countryName":"Italy","stateCode":"45","coords":["44.60102000","10.97373000"]},{"commonName":"San Felice sul Panaro","countryCode":"IT","countryName":"Italy","stateCode":"45","coords":["44.83671000","11.13791000"]},{"commonName":"San Gabriele-Mondonuovo","countryCode":"IT","countryName":"Italy","stateCode":"45","coords":["44.66667000","11.58333000"]},{"commonName":"San Giorgio di Piano","countryCode":"IT","countryName":"Italy","stateCode":"45","coords":["44.64724000","11.37446000"]},{"commonName":"San Giorgio Piacentino","countryCode":"IT","countryName":"Italy","stateCode":"45","coords":["44.95198000","9.73773000"]},{"commonName":"San Giovanni in Marignano","countryCode":"IT","countryName":"Italy","stateCode":"45","coords":["43.93989000","12.71166000"]},{"commonName":"San Giovanni in Persiceto","countryCode":"IT","countryName":"Italy","stateCode":"45","coords":["44.63838000","11.18419000"]},{"commonName":"San Giovanni-San Bernardino","countryCode":"IT","countryName":"Italy","stateCode":"45","coords":["44.79297000","9.60871000"]},{"commonName":"San Giuseppe","countryCode":"IT","countryName":"Italy","stateCode":"45","coords":["44.72202000","12.21712000"]},{"commonName":"San Lazzaro","countryCode":"IT","countryName":"Italy","stateCode":"45","coords":["44.47050000","11.40851000"]},{"commonName":"San Leo","countryCode":"IT","countryName":"Italy","stateCode":"45","coords":["43.89637000","12.34460000"]},{"commonName":"San Martino","countryCode":"IT","countryName":"Italy","stateCode":"45","coords":["44.77794000","11.58751000"]},{"commonName":"San Martino dei Mulini","countryCode":"IT","countryName":"Italy","stateCode":"45","coords":["44.03182000","12.46396000"]},{"commonName":"San Martino in Argine","countryCode":"IT","countryName":"Italy","stateCode":"45","coords":["44.58876000","11.60650000"]},{"commonName":"San Martino in Rio","countryCode":"IT","countryName":"Italy","stateCode":"45","coords":["44.73368000","10.78490000"]},{"commonName":"San Mauro a Mare","countryCode":"IT","countryName":"Italy","stateCode":"45","coords":["44.16367000","12.44631000"]},{"commonName":"San Mauro Pascoli","countryCode":"IT","countryName":"Italy","stateCode":"45","coords":["44.10890000","12.41953000"]},{"commonName":"San Michele dei Mucchietti","countryCode":"IT","countryName":"Italy","stateCode":"45","coords":["44.50847000","10.74726000"]},{"commonName":"San Michele Tiorre","countryCode":"IT","countryName":"Italy","stateCode":"45","coords":["44.68530000","10.26317000"]},{"commonName":"San Nicolò","countryCode":"IT","countryName":"Italy","stateCode":"45","coords":["45.05685000","9.60540000"]},{"commonName":"San Pancrazio","countryCode":"IT","countryName":"Italy","stateCode":"45","coords":["44.35810000","12.07852000"]},{"commonName":"San Piero in Bagno","countryCode":"IT","countryName":"Italy","stateCode":"45","coords":["43.85793000","11.97716000"]},{"commonName":"San Pietro Capofiume","countryCode":"IT","countryName":"Italy","stateCode":"45","coords":["44.65040000","11.64802000"]},{"commonName":"San Pietro in Casale","countryCode":"IT","countryName":"Italy","stateCode":"45","coords":["44.70079000","11.40492000"]},{"commonName":"San Pietro in Cerro","countryCode":"IT","countryName":"Italy","stateCode":"45","coords":["45.02137000","9.94987000"]},{"commonName":"San Pietro In Vincoli","countryCode":"IT","countryName":"Italy","stateCode":"45","coords":["44.30051000","12.14556000"]},{"commonName":"San Polo","countryCode":"IT","countryName":"Italy","stateCode":"45","coords":["44.97868000","9.74070000"]},{"commonName":"San Polo d'Enza","countryCode":"IT","countryName":"Italy","stateCode":"45","coords":["44.62690000","10.42667000"]},{"commonName":"San Possidonio","countryCode":"IT","countryName":"Italy","stateCode":"45","coords":["44.87402000","10.98087000"]},{"commonName":"San Prospero","countryCode":"IT","countryName":"Italy","stateCode":"45","coords":["44.78967000","11.02210000"]},{"commonName":"San Secondo Parmense","countryCode":"IT","countryName":"Italy","stateCode":"45","coords":["44.92218000","10.23038000"]},{"commonName":"San Venanzio","countryCode":"IT","countryName":"Italy","stateCode":"45","coords":["44.74517000","11.43727000"]},{"commonName":"San Vincenzo","countryCode":"IT","countryName":"Italy","stateCode":"45","coords":["44.73878000","11.43668000"]},{"commonName":"San Vito","countryCode":"IT","countryName":"Italy","stateCode":"45","coords":["44.55822000","10.97432000"]},{"commonName":"Sant'Agata Bolognese","countryCode":"IT","countryName":"Italy","stateCode":"45","coords":["44.66016000","11.13292000"]},{"commonName":"Sant'Agata Feltria","countryCode":"IT","countryName":"Italy","stateCode":"45","coords":["43.86282000","12.20690000"]},{"commonName":"Sant'Agostino","countryCode":"IT","countryName":"Italy","stateCode":"45","coords":["44.79218000","11.38522000"]},{"commonName":"Sant'Alberto","countryCode":"IT","countryName":"Italy","stateCode":"45","coords":["44.53822000","12.16191000"]},{"commonName":"Sant'Andrea","countryCode":"IT","countryName":"Italy","stateCode":"45","coords":["44.03328000","12.41893000"]},{"commonName":"Sant'Andrea in Casale","countryCode":"IT","countryName":"Italy","stateCode":"45","coords":["43.93333000","12.65000000"]},{"commonName":"Sant'Antonio","countryCode":"IT","countryName":"Italy","stateCode":"45","coords":["44.36586000","10.83646000"]},{"commonName":"Sant'Ilario d'Enza","countryCode":"IT","countryName":"Italy","stateCode":"45","coords":["44.75890000","10.44737000"]},{"commonName":"Santa Croce Scuole","countryCode":"IT","countryName":"Italy","stateCode":"45","coords":["44.76281000","10.84944000"]},{"commonName":"Santa Giustina","countryCode":"IT","countryName":"Italy","stateCode":"45","coords":["44.06778000","12.48500000"]},{"commonName":"Santa Maria Codifiume","countryCode":"IT","countryName":"Italy","stateCode":"45","coords":["44.66424000","11.65099000"]},{"commonName":"Santa Maria Nuova","countryCode":"IT","countryName":"Italy","stateCode":"45","coords":["44.20000000","12.19389000"]},{"commonName":"Santa Monica-Cella","countryCode":"IT","countryName":"Italy","stateCode":"45","coords":["43.95765000","12.68846000"]},{"commonName":"Santa Sofia","countryCode":"IT","countryName":"Italy","stateCode":"45","coords":["43.94724000","11.90867000"]},{"commonName":"Santa Vittoria","countryCode":"IT","countryName":"Italy","stateCode":"45","coords":["44.85483000","10.63348000"]},{"commonName":"Santarcangelo","countryCode":"IT","countryName":"Italy","stateCode":"45","coords":["44.06326000","12.44657000"]},{"commonName":"Santerno","countryCode":"IT","countryName":"Italy","stateCode":"45","coords":["44.43697000","12.05533000"]},{"commonName":"Santo Stefano-Carraie","countryCode":"IT","countryName":"Italy","stateCode":"45","coords":["44.31525000","12.18573000"]},{"commonName":"Sarmato","countryCode":"IT","countryName":"Italy","stateCode":"45","coords":["45.05679000","9.49683000"]},{"commonName":"Sarsina","countryCode":"IT","countryName":"Italy","stateCode":"45","coords":["43.91981000","12.14255000"]},{"commonName":"Sasso Marconi","countryCode":"IT","countryName":"Italy","stateCode":"45","coords":["44.40064000","11.25177000"]},{"commonName":"Sassuolo","countryCode":"IT","countryName":"Italy","stateCode":"45","coords":["44.54320000","10.78480000"]},{"commonName":"Savarna-Conventello","countryCode":"IT","countryName":"Italy","stateCode":"45","coords":["44.50717000","12.10621000"]},{"commonName":"Savignano sul Panaro","countryCode":"IT","countryName":"Italy","stateCode":"45","coords":["44.48036000","11.03510000"]},{"commonName":"Savignano sul Rubicone","countryCode":"IT","countryName":"Italy","stateCode":"45","coords":["44.09009000","12.39935000"]},{"commonName":"Savigno","countryCode":"IT","countryName":"Italy","stateCode":"45","coords":["44.39186000","11.07481000"]},{"commonName":"Savio","countryCode":"IT","countryName":"Italy","stateCode":"45","coords":["44.31139000","12.29472000"]},{"commonName":"Scandiano","countryCode":"IT","countryName":"Italy","stateCode":"45","coords":["44.59830000","10.69558000"]},{"commonName":"Scortichino","countryCode":"IT","countryName":"Italy","stateCode":"45","coords":["44.88333000","11.33333000"]},{"commonName":"Secchiano","countryCode":"IT","countryName":"Italy","stateCode":"45","coords":["43.92399000","12.31615000"]},{"commonName":"Serra di Maiolo","countryCode":"IT","countryName":"Italy","stateCode":"45","coords":["43.87304000","12.31129000"]},{"commonName":"Serramazzoni","countryCode":"IT","countryName":"Italy","stateCode":"45","coords":["44.42735000","10.79055000"]},{"commonName":"Serravalle","countryCode":"IT","countryName":"Italy","stateCode":"45","coords":["44.96532000","12.04664000"]},{"commonName":"Sesto Imolese","countryCode":"IT","countryName":"Italy","stateCode":"45","coords":["44.45952000","11.72919000"]},{"commonName":"Sestola","countryCode":"IT","countryName":"Italy","stateCode":"45","coords":["44.22994000","10.77349000"]},{"commonName":"Sissa","countryCode":"IT","countryName":"Italy","stateCode":"45","coords":["44.95927000","10.26058000"]},{"commonName":"Sogliano al Rubicone","countryCode":"IT","countryName":"Italy","stateCode":"45","coords":["44.00500000","12.30122000"]},{"commonName":"Solara","countryCode":"IT","countryName":"Italy","stateCode":"45","coords":["44.77163000","11.09287000"]},{"commonName":"Soliera","countryCode":"IT","countryName":"Italy","stateCode":"45","coords":["44.73387000","10.92177000"]},{"commonName":"Solignano","countryCode":"IT","countryName":"Italy","stateCode":"45","coords":["44.61306000","9.97548000"]},{"commonName":"Solignano Nuovo","countryCode":"IT","countryName":"Italy","stateCode":"45","coords":["44.52746000","10.92626000"]},{"commonName":"Soragna","countryCode":"IT","countryName":"Italy","stateCode":"45","coords":["44.92686000","10.12013000"]},{"commonName":"Sorbara","countryCode":"IT","countryName":"Italy","stateCode":"45","coords":["44.74808000","11.00731000"]},{"commonName":"Sorbolo","countryCode":"IT","countryName":"Italy","stateCode":"45","coords":["44.84587000","10.44375000"]},{"commonName":"Spilamberto","countryCode":"IT","countryName":"Italy","stateCode":"45","coords":["44.53273000","11.01697000"]},{"commonName":"Stazione Valmozzola","countryCode":"IT","countryName":"Italy","stateCode":"45","coords":["44.57879000","9.94290000"]},{"commonName":"Talamello","countryCode":"IT","countryName":"Italy","stateCode":"45","coords":["43.90566000","12.28484000"]},{"commonName":"Taneto","countryCode":"IT","countryName":"Italy","stateCode":"45","coords":["44.77202000","10.45563000"]},{"commonName":"Terenzo","countryCode":"IT","countryName":"Italy","stateCode":"45","coords":["44.61048000","10.08956000"]},{"commonName":"Tizzano Val Parma","countryCode":"IT","countryName":"Italy","stateCode":"45","coords":["44.51931000","10.19819000"]},{"commonName":"Toano","countryCode":"IT","countryName":"Italy","stateCode":"45","coords":["44.37601000","10.56311000"]},{"commonName":"Tornolo","countryCode":"IT","countryName":"Italy","stateCode":"45","coords":["44.48524000","9.62744000"]},{"commonName":"Torriana","countryCode":"IT","countryName":"Italy","stateCode":"45","coords":["43.98485000","12.38541000"]},{"commonName":"Torrile","countryCode":"IT","countryName":"Italy","stateCode":"45","coords":["44.92522000","10.32381000"]},{"commonName":"Toscanella","countryCode":"IT","countryName":"Italy","stateCode":"45","coords":["44.38248000","11.63965000"]},{"commonName":"Trarivi","countryCode":"IT","countryName":"Italy","stateCode":"45","coords":["43.93672000","12.54400000"]},{"commonName":"Traversetolo","countryCode":"IT","countryName":"Italy","stateCode":"45","coords":["44.64244000","10.38036000"]},{"commonName":"Travo","countryCode":"IT","countryName":"Italy","stateCode":"45","coords":["44.86321000","9.54430000"]},{"commonName":"Trebbo","countryCode":"IT","countryName":"Italy","stateCode":"45","coords":["44.55629000","11.31901000"]},{"commonName":"Trecasali","countryCode":"IT","countryName":"Italy","stateCode":"45","coords":["44.93747000","10.27279000"]},{"commonName":"Tredozio","countryCode":"IT","countryName":"Italy","stateCode":"45","coords":["44.07958000","11.74140000"]},{"commonName":"Tresigallo-Final di Rero","countryCode":"IT","countryName":"Italy","stateCode":"45","coords":["44.81598000","11.89472000"]},{"commonName":"Vado","countryCode":"IT","countryName":"Italy","stateCode":"45","coords":["44.31689000","11.25851000"]},{"commonName":"Varano De' Melegari","countryCode":"IT","countryName":"Italy","stateCode":"45","coords":["44.68806000","10.01148000"]},{"commonName":"Varsi","countryCode":"IT","countryName":"Italy","stateCode":"45","coords":["44.66274000","9.84879000"]},{"commonName":"Veggia-Villalunga","countryCode":"IT","countryName":"Italy","stateCode":"45","coords":["44.56070000","10.75621000"]},{"commonName":"Venezzano","countryCode":"IT","countryName":"Italy","stateCode":"45","coords":["44.68333000","11.33333000"]},{"commonName":"Ventoso","countryCode":"IT","countryName":"Italy","stateCode":"45","coords":["44.58621000","10.68767000"]},{"commonName":"Vergato","countryCode":"IT","countryName":"Italy","stateCode":"45","coords":["44.28232000","11.10953000"]},{"commonName":"Verghereto","countryCode":"IT","countryName":"Italy","stateCode":"45","coords":["43.79450000","12.00520000"]},{"commonName":"Vernasca","countryCode":"IT","countryName":"Italy","stateCode":"45","coords":["44.79867000","9.83054000"]},{"commonName":"Verucchio","countryCode":"IT","countryName":"Italy","stateCode":"45","coords":["43.98171000","12.42317000"]},{"commonName":"Vetto","countryCode":"IT","countryName":"Italy","stateCode":"45","coords":["44.48407000","10.33882000"]},{"commonName":"Vezzano sul Crostolo","countryCode":"IT","countryName":"Italy","stateCode":"45","coords":["44.60241000","10.54469000"]},{"commonName":"Viano","countryCode":"IT","countryName":"Italy","stateCode":"45","coords":["44.54516000","10.62435000"]},{"commonName":"Vicofertile","countryCode":"IT","countryName":"Italy","stateCode":"45","coords":["44.78557000","10.26200000"]},{"commonName":"Vigarano Mainarda","countryCode":"IT","countryName":"Italy","stateCode":"45","coords":["44.84079000","11.49354000"]},{"commonName":"Vigarano Pieve","countryCode":"IT","countryName":"Italy","stateCode":"45","coords":["44.86126000","11.50950000"]},{"commonName":"Vigatto","countryCode":"IT","countryName":"Italy","stateCode":"45","coords":["44.71999000","10.33037000"]},{"commonName":"Vignola","countryCode":"IT","countryName":"Italy","stateCode":"45","coords":["44.48383000","11.01096000"]},{"commonName":"Vigolzone","countryCode":"IT","countryName":"Italy","stateCode":"45","coords":["44.91394000","9.66852000"]},{"commonName":"Villa Fontana","countryCode":"IT","countryName":"Italy","stateCode":"45","coords":["44.49455000","11.60885000"]},{"commonName":"Villa Minozzo","countryCode":"IT","countryName":"Italy","stateCode":"45","coords":["44.36480000","10.46545000"]},{"commonName":"Villa Verucchio","countryCode":"IT","countryName":"Italy","stateCode":"45","coords":["44.00510000","12.43575000"]},{"commonName":"Villanova","countryCode":"IT","countryName":"Italy","stateCode":"45","coords":["45.02597000","9.99865000"]},{"commonName":"Villarotta","countryCode":"IT","countryName":"Italy","stateCode":"45","coords":["44.92517000","10.74382000"]},{"commonName":"Voghiera","countryCode":"IT","countryName":"Italy","stateCode":"45","coords":["44.75558000","11.75182000"]},{"commonName":"Voltana","countryCode":"IT","countryName":"Italy","stateCode":"45","coords":["44.54109000","11.93533000"]},{"commonName":"Zerba","countryCode":"IT","countryName":"Italy","stateCode":"45","coords":["44.66551000","9.28795000"]},{"commonName":"Ziano Piacentino","countryCode":"IT","countryName":"Italy","stateCode":"45","coords":["44.99980000","9.39486000"]},{"commonName":"Zibello","countryCode":"IT","countryName":"Italy","stateCode":"45","coords":["45.01847000","10.12968000"]},{"commonName":"Zocca","countryCode":"IT","countryName":"Italy","stateCode":"45","coords":["44.34566000","10.99308000"]},{"commonName":"Zola Predosa","countryCode":"IT","countryName":"Italy","stateCode":"45","coords":["44.48967000","11.21831000"]}]