[{"commonName":"Abbateggio","countryCode":"IT","countryName":"Italy","stateCode":"65","coords":["42.22421000","14.01001000"]},{"commonName":"Acciano","countryCode":"IT","countryName":"Italy","stateCode":"65","coords":["42.17677000","13.71783000"]},{"commonName":"Aielli","countryCode":"IT","countryName":"Italy","stateCode":"65","coords":["42.08146000","13.59113000"]},{"commonName":"Alanno","countryCode":"IT","countryName":"Italy","stateCode":"65","coords":["42.29552000","13.97084000"]},{"commonName":"Alba Adriatica","countryCode":"IT","countryName":"Italy","stateCode":"65","coords":["42.83176000","13.92590000"]},{"commonName":"Alfedena","countryCode":"IT","countryName":"Italy","stateCode":"65","coords":["41.73545000","14.03500000"]},{"commonName":"Altino","countryCode":"IT","countryName":"Italy","stateCode":"65","coords":["42.09954000","14.33267000"]},{"commonName":"Ancarano","countryCode":"IT","countryName":"Italy","stateCode":"65","coords":["42.83767000","13.74662000"]},{"commonName":"Anversa degli Abruzzi","countryCode":"IT","countryName":"Italy","stateCode":"65","coords":["41.99478000","13.80379000"]},{"commonName":"Archi","countryCode":"IT","countryName":"Italy","stateCode":"65","coords":["42.09135000","14.38270000"]},{"commonName":"Ari","countryCode":"IT","countryName":"Italy","stateCode":"65","coords":["42.28967000","14.25856000"]},{"commonName":"Arielli","countryCode":"IT","countryName":"Italy","stateCode":"65","coords":["42.26003000","14.31004000"]},{"commonName":"Arsita","countryCode":"IT","countryName":"Italy","stateCode":"65","coords":["42.50266000","13.78516000"]},{"commonName":"Ateleta","countryCode":"IT","countryName":"Italy","stateCode":"65","coords":["41.85435000","14.19806000"]},{"commonName":"Atessa","countryCode":"IT","countryName":"Italy","stateCode":"65","coords":["42.07018000","14.45049000"]},{"commonName":"Atri","countryCode":"IT","countryName":"Italy","stateCode":"65","coords":["42.57642000","13.98899000"]},{"commonName":"Avezzano","countryCode":"IT","countryName":"Italy","stateCode":"65","coords":["42.02896000","13.42641000"]},{"commonName":"Balsorano","countryCode":"IT","countryName":"Italy","stateCode":"65","coords":["41.80982000","13.55980000"]},{"commonName":"Balsorano Nuovo","countryCode":"IT","countryName":"Italy","stateCode":"65","coords":["41.80881000","13.56069000"]},{"commonName":"Barberi","countryCode":"IT","countryName":"Italy","stateCode":"65","coords":["42.44072000","14.04268000"]},{"commonName":"Barete","countryCode":"IT","countryName":"Italy","stateCode":"65","coords":["42.45009000","13.28061000"]},{"commonName":"Barisciano","countryCode":"IT","countryName":"Italy","stateCode":"65","coords":["42.32465000","13.59036000"]},{"commonName":"Barrea","countryCode":"IT","countryName":"Italy","stateCode":"65","coords":["41.75543000","13.99095000"]},{"commonName":"Basciano","countryCode":"IT","countryName":"Italy","stateCode":"65","coords":["42.59639000","13.73561000"]},{"commonName":"Bellante","countryCode":"IT","countryName":"Italy","stateCode":"65","coords":["42.74421000","13.80234000"]},{"commonName":"Bellante Stazione","countryCode":"IT","countryName":"Italy","stateCode":"65","coords":["42.70650000","13.83953000"]},{"commonName":"Bisegna","countryCode":"IT","countryName":"Italy","stateCode":"65","coords":["41.92113000","13.75760000"]},{"commonName":"Bisenti","countryCode":"IT","countryName":"Italy","stateCode":"65","coords":["42.52883000","13.79950000"]},{"commonName":"Bolognano","countryCode":"IT","countryName":"Italy","stateCode":"65","coords":["42.21814000","13.96011000"]},{"commonName":"Bomba","countryCode":"IT","countryName":"Italy","stateCode":"65","coords":["42.03343000","14.36656000"]},{"commonName":"Borgo Santa Maria Immacolata","countryCode":"IT","countryName":"Italy","stateCode":"65","coords":["42.61172000","14.04553000"]},{"commonName":"Borrello","countryCode":"IT","countryName":"Italy","stateCode":"65","coords":["41.91730000","14.30535000"]},{"commonName":"Brittoli","countryCode":"IT","countryName":"Italy","stateCode":"65","coords":["42.31518000","13.86026000"]},{"commonName":"Bucchianico","countryCode":"IT","countryName":"Italy","stateCode":"65","coords":["42.30368000","14.18377000"]},{"commonName":"Bugnara","countryCode":"IT","countryName":"Italy","stateCode":"65","coords":["42.02383000","13.86141000"]},{"commonName":"Bussi sul Tirino","countryCode":"IT","countryName":"Italy","stateCode":"65","coords":["42.21321000","13.82511000"]},{"commonName":"Cagnano Amiterno","countryCode":"IT","countryName":"Italy","stateCode":"65","coords":["42.45744000","13.22789000"]},{"commonName":"Calascio","countryCode":"IT","countryName":"Italy","stateCode":"65","coords":["42.32595000","13.69699000"]},{"commonName":"Campli","countryCode":"IT","countryName":"Italy","stateCode":"65","coords":["42.72679000","13.68692000"]},{"commonName":"Campo di Giove","countryCode":"IT","countryName":"Italy","stateCode":"65","coords":["42.01013000","14.03941000"]},{"commonName":"Campotosto","countryCode":"IT","countryName":"Italy","stateCode":"65","coords":["42.55884000","13.36799000"]},{"commonName":"Canistro Inferiore","countryCode":"IT","countryName":"Italy","stateCode":"65","coords":["41.94101000","13.41194000"]},{"commonName":"Canosa Sannita","countryCode":"IT","countryName":"Italy","stateCode":"65","coords":["42.29629000","14.30514000"]},{"commonName":"Cansano","countryCode":"IT","countryName":"Italy","stateCode":"65","coords":["42.00350000","14.01341000"]},{"commonName":"Canzano","countryCode":"IT","countryName":"Italy","stateCode":"65","coords":["42.64564000","13.80410000"]},{"commonName":"Capestrano","countryCode":"IT","countryName":"Italy","stateCode":"65","coords":["42.26807000","13.76779000"]},{"commonName":"Capistrello","countryCode":"IT","countryName":"Italy","stateCode":"65","coords":["41.97223000","13.39616000"]},{"commonName":"Capitignano","countryCode":"IT","countryName":"Italy","stateCode":"65","coords":["42.52041000","13.30122000"]},{"commonName":"Caporciano","countryCode":"IT","countryName":"Italy","stateCode":"65","coords":["42.25001000","13.67455000"]},{"commonName":"Cappadocia","countryCode":"IT","countryName":"Italy","stateCode":"65","coords":["42.00755000","13.27806000"]},{"commonName":"Cappelle sul Tavo","countryCode":"IT","countryName":"Italy","stateCode":"65","coords":["42.47709000","14.10735000"]},{"commonName":"Caramanico Terme","countryCode":"IT","countryName":"Italy","stateCode":"65","coords":["42.15593000","14.00480000"]},{"commonName":"Carapelle Calvisio","countryCode":"IT","countryName":"Italy","stateCode":"65","coords":["42.29908000","13.68643000"]},{"commonName":"Carpineto della Nora","countryCode":"IT","countryName":"Italy","stateCode":"65","coords":["42.33365000","13.86062000"]},{"commonName":"Carpineto Sinello","countryCode":"IT","countryName":"Italy","stateCode":"65","coords":["42.01044000","14.50418000"]},{"commonName":"Carsoli","countryCode":"IT","countryName":"Italy","stateCode":"65","coords":["42.09882000","13.08856000"]},{"commonName":"Carunchio","countryCode":"IT","countryName":"Italy","stateCode":"65","coords":["41.91761000","14.52683000"]},{"commonName":"Casacanditella","countryCode":"IT","countryName":"Italy","stateCode":"65","coords":["42.24643000","14.20040000"]},{"commonName":"Casalanguida","countryCode":"IT","countryName":"Italy","stateCode":"65","coords":["42.03752000","14.49613000"]},{"commonName":"Casalbordino-Miracoli","countryCode":"IT","countryName":"Italy","stateCode":"65","coords":["42.15354000","14.59912000"]},{"commonName":"Casalincontrada","countryCode":"IT","countryName":"Italy","stateCode":"65","coords":["42.29744000","14.13511000"]},{"commonName":"Casoli","countryCode":"IT","countryName":"Italy","stateCode":"65","coords":["42.61723000","13.97910000"]},{"commonName":"Castel Castagna","countryCode":"IT","countryName":"Italy","stateCode":"65","coords":["42.54294000","13.71640000"]},{"commonName":"Castel del Monte","countryCode":"IT","countryName":"Italy","stateCode":"65","coords":["42.36544000","13.72592000"]},{"commonName":"Castel di Ieri","countryCode":"IT","countryName":"Italy","stateCode":"65","coords":["42.11353000","13.74200000"]},{"commonName":"Castel di Sangro","countryCode":"IT","countryName":"Italy","stateCode":"65","coords":["41.78392000","14.10653000"]},{"commonName":"Castel Frentano","countryCode":"IT","countryName":"Italy","stateCode":"65","coords":["42.19875000","14.35643000"]},{"commonName":"Castelguidone","countryCode":"IT","countryName":"Italy","stateCode":"65","coords":["41.82258000","14.52286000"]},{"commonName":"Castellafiume","countryCode":"IT","countryName":"Italy","stateCode":"65","coords":["41.98913000","13.33440000"]},{"commonName":"Castellalto","countryCode":"IT","countryName":"Italy","stateCode":"65","coords":["42.67705000","13.82101000"]},{"commonName":"Castelli","countryCode":"IT","countryName":"Italy","stateCode":"65","coords":["42.48476000","13.71201000"]},{"commonName":"Castelnuovo Vomano","countryCode":"IT","countryName":"Italy","stateCode":"65","coords":["42.62933000","13.85003000"]},{"commonName":"Castelvecchio Calvisio","countryCode":"IT","countryName":"Italy","stateCode":"65","coords":["42.31134000","13.68720000"]},{"commonName":"Castelvecchio Subequo","countryCode":"IT","countryName":"Italy","stateCode":"65","coords":["42.12881000","13.72868000"]},{"commonName":"Castiglione a Casauria","countryCode":"IT","countryName":"Italy","stateCode":"65","coords":["42.23601000","13.89832000"]},{"commonName":"Castiglione Messer Marino","countryCode":"IT","countryName":"Italy","stateCode":"65","coords":["41.86833000","14.44996000"]},{"commonName":"Castiglione Messer Raimondo","countryCode":"IT","countryName":"Italy","stateCode":"65","coords":["42.53194000","13.87953000"]},{"commonName":"Castilenti","countryCode":"IT","countryName":"Italy","stateCode":"65","coords":["42.53334000","13.91710000"]},{"commonName":"Catignano","countryCode":"IT","countryName":"Italy","stateCode":"65","coords":["42.34697000","13.95190000"]},{"commonName":"Celano","countryCode":"IT","countryName":"Italy","stateCode":"65","coords":["42.08077000","13.51700000"]},{"commonName":"Celenza sul Trigno","countryCode":"IT","countryName":"Italy","stateCode":"65","coords":["41.87198000","14.57893000"]},{"commonName":"Cellino Attanasio","countryCode":"IT","countryName":"Italy","stateCode":"65","coords":["42.58574000","13.86050000"]},{"commonName":"Cepagatti","countryCode":"IT","countryName":"Italy","stateCode":"65","coords":["42.36506000","14.07424000"]},{"commonName":"Cerchio","countryCode":"IT","countryName":"Italy","stateCode":"65","coords":["42.06357000","13.60006000"]},{"commonName":"Cermignano","countryCode":"IT","countryName":"Italy","stateCode":"65","coords":["42.59131000","13.79540000"]},{"commonName":"Cerratina","countryCode":"IT","countryName":"Italy","stateCode":"65","coords":["42.39007000","14.10338000"]},{"commonName":"Chieti","countryCode":"IT","countryName":"Italy","stateCode":"65","coords":["42.34827000","14.16494000"]},{"commonName":"Città Sant'Angelo","countryCode":"IT","countryName":"Italy","stateCode":"65","coords":["42.51254000","14.06203000"]},{"commonName":"Civita d'Antino","countryCode":"IT","countryName":"Italy","stateCode":"65","coords":["41.88629000","13.47215000"]},{"commonName":"Civitaluparella","countryCode":"IT","countryName":"Italy","stateCode":"65","coords":["41.94490000","14.30135000"]},{"commonName":"Civitaquana","countryCode":"IT","countryName":"Italy","stateCode":"65","coords":["42.32578000","13.90012000"]},{"commonName":"Civitella Alfedena","countryCode":"IT","countryName":"Italy","stateCode":"65","coords":["41.76533000","13.94271000"]},{"commonName":"Civitella Casanova","countryCode":"IT","countryName":"Italy","stateCode":"65","coords":["42.36391000","13.88514000"]},{"commonName":"Civitella del Tronto","countryCode":"IT","countryName":"Italy","stateCode":"65","coords":["42.77298000","13.67626000"]},{"commonName":"Civitella Messer Raimondo","countryCode":"IT","countryName":"Italy","stateCode":"65","coords":["42.08893000","14.21701000"]},{"commonName":"Civitella Roveto","countryCode":"IT","countryName":"Italy","stateCode":"65","coords":["41.91329000","13.42396000"]},{"commonName":"Cocullo","countryCode":"IT","countryName":"Italy","stateCode":"65","coords":["42.03283000","13.77500000"]},{"commonName":"Collarmele","countryCode":"IT","countryName":"Italy","stateCode":"65","coords":["42.06031000","13.62670000"]},{"commonName":"Collecorvino","countryCode":"IT","countryName":"Italy","stateCode":"65","coords":["42.46024000","14.01564000"]},{"commonName":"Colledara","countryCode":"IT","countryName":"Italy","stateCode":"65","coords":["42.53918000","13.67556000"]},{"commonName":"Colledimacine","countryCode":"IT","countryName":"Italy","stateCode":"65","coords":["42.00370000","14.20079000"]},{"commonName":"Colledimezzo","countryCode":"IT","countryName":"Italy","stateCode":"65","coords":["41.98606000","14.38690000"]},{"commonName":"Collelongo","countryCode":"IT","countryName":"Italy","stateCode":"65","coords":["41.88659000","13.58380000"]},{"commonName":"Collepietro","countryCode":"IT","countryName":"Italy","stateCode":"65","coords":["42.22089000","13.78101000"]},{"commonName":"Colleranesco","countryCode":"IT","countryName":"Italy","stateCode":"65","coords":["42.72112000","13.93732000"]},{"commonName":"Cologna Spiaggia","countryCode":"IT","countryName":"Italy","stateCode":"65","coords":["42.72152000","13.98311000"]},{"commonName":"Colonnella","countryCode":"IT","countryName":"Italy","stateCode":"65","coords":["42.87230000","13.86987000"]},{"commonName":"Cominio","countryCode":"IT","countryName":"Italy","stateCode":"65","coords":["42.31248000","13.43250000"]},{"commonName":"Controguerra","countryCode":"IT","countryName":"Italy","stateCode":"65","coords":["42.85398000","13.81775000"]},{"commonName":"Coppito","countryCode":"IT","countryName":"Italy","stateCode":"65","coords":["42.36730000","13.34358000"]},{"commonName":"Corfinio","countryCode":"IT","countryName":"Italy","stateCode":"65","coords":["42.12149000","13.83940000"]},{"commonName":"Corropoli","countryCode":"IT","countryName":"Italy","stateCode":"65","coords":["42.82720000","13.83471000"]},{"commonName":"Cortino","countryCode":"IT","countryName":"Italy","stateCode":"65","coords":["42.62186000","13.50774000"]},{"commonName":"Corvara","countryCode":"IT","countryName":"Italy","stateCode":"65","coords":["42.27511000","13.87363000"]},{"commonName":"Crecchio","countryCode":"IT","countryName":"Italy","stateCode":"65","coords":["42.29778000","14.32656000"]},{"commonName":"Crognaleto","countryCode":"IT","countryName":"Italy","stateCode":"65","coords":["42.58771000","13.48890000"]},{"commonName":"Cugnoli","countryCode":"IT","countryName":"Italy","stateCode":"65","coords":["42.30692000","13.93490000"]},{"commonName":"Cupello","countryCode":"IT","countryName":"Italy","stateCode":"65","coords":["42.06936000","14.67054000"]},{"commonName":"Dogliola","countryCode":"IT","countryName":"Italy","stateCode":"65","coords":["41.94238000","14.63507000"]},{"commonName":"Elice","countryCode":"IT","countryName":"Italy","stateCode":"65","coords":["42.52279000","13.97071000"]},{"commonName":"Fallo","countryCode":"IT","countryName":"Italy","stateCode":"65","coords":["41.93833000","14.32362000"]},{"commonName":"Fano Adriano","countryCode":"IT","countryName":"Italy","stateCode":"65","coords":["42.55230000","13.53764000"]},{"commonName":"Fara Filiorum Petri","countryCode":"IT","countryName":"Italy","stateCode":"65","coords":["42.24152000","14.18026000"]},{"commonName":"Fara San Martino","countryCode":"IT","countryName":"Italy","stateCode":"65","coords":["42.09248000","14.20896000"]},{"commonName":"Farindola","countryCode":"IT","countryName":"Italy","stateCode":"65","coords":["42.44292000","13.82137000"]},{"commonName":"Filetto","countryCode":"IT","countryName":"Italy","stateCode":"65","coords":["42.22931000","14.24501000"]},{"commonName":"Fonte Umano-San Martino Alta","countryCode":"IT","countryName":"Italy","stateCode":"65","coords":["42.52084000","14.10760000"]},{"commonName":"Fontecchio","countryCode":"IT","countryName":"Italy","stateCode":"65","coords":["42.23027000","13.60613000"]},{"commonName":"Fossa","countryCode":"IT","countryName":"Italy","stateCode":"65","coords":["42.29273000","13.48779000"]},{"commonName":"Fossacesia","countryCode":"IT","countryName":"Italy","stateCode":"65","coords":["42.24198000","14.48339000"]},{"commonName":"Fraine","countryCode":"IT","countryName":"Italy","stateCode":"65","coords":["41.90624000","14.48788000"]},{"commonName":"Francavilla al Mare","countryCode":"IT","countryName":"Italy","stateCode":"65","coords":["42.42158000","14.28217000"]},{"commonName":"Fresagrandinaria","countryCode":"IT","countryName":"Italy","stateCode":"65","coords":["41.97900000","14.66211000"]},{"commonName":"Frisa","countryCode":"IT","countryName":"Italy","stateCode":"65","coords":["42.26572000","14.37625000"]},{"commonName":"Furci","countryCode":"IT","countryName":"Italy","stateCode":"65","coords":["42.00746000","14.58802000"]},{"commonName":"Gagliano Aterno","countryCode":"IT","countryName":"Italy","stateCode":"65","coords":["42.12598000","13.70023000"]},{"commonName":"Gamberale","countryCode":"IT","countryName":"Italy","stateCode":"65","coords":["41.90529000","14.20845000"]},{"commonName":"Gessopalena","countryCode":"IT","countryName":"Italy","stateCode":"65","coords":["42.05521000","14.27367000"]},{"commonName":"Gioia dei Marsi","countryCode":"IT","countryName":"Italy","stateCode":"65","coords":["41.95697000","13.69057000"]},{"commonName":"Gissi","countryCode":"IT","countryName":"Italy","stateCode":"65","coords":["42.01803000","14.54484000"]},{"commonName":"Giuliano Teatino","countryCode":"IT","countryName":"Italy","stateCode":"65","coords":["42.31220000","14.28082000"]},{"commonName":"Giulianova","countryCode":"IT","countryName":"Italy","stateCode":"65","coords":["42.75381000","13.96650000"]},{"commonName":"Goriano Sicoli","countryCode":"IT","countryName":"Italy","stateCode":"65","coords":["42.08011000","13.77459000"]},{"commonName":"Guardiagrele","countryCode":"IT","countryName":"Italy","stateCode":"65","coords":["42.19406000","14.21939000"]},{"commonName":"Guilmi","countryCode":"IT","countryName":"Italy","stateCode":"65","coords":["41.99653000","14.47882000"]},{"commonName":"Imposte","countryCode":"IT","countryName":"Italy","stateCode":"65","coords":["42.68634000","13.52829000"]},{"commonName":"Introdacqua","countryCode":"IT","countryName":"Italy","stateCode":"65","coords":["42.00968000","13.89779000"]},{"commonName":"Isola del Gran Sasso d'Italia","countryCode":"IT","countryName":"Italy","stateCode":"65","coords":["42.50324000","13.65721000"]},{"commonName":"L'Aquila","countryCode":"IT","countryName":"Italy","stateCode":"65","coords":["42.35055000","13.39954000"]},{"commonName":"Lama dei Peligni","countryCode":"IT","countryName":"Italy","stateCode":"65","coords":["42.04214000","14.18678000"]},{"commonName":"Lanciano","countryCode":"IT","countryName":"Italy","stateCode":"65","coords":["42.22718000","14.39024000"]},{"commonName":"Lecce Nei Marsi","countryCode":"IT","countryName":"Italy","stateCode":"65","coords":["41.93436000","13.68430000"]},{"commonName":"Lentella","countryCode":"IT","countryName":"Italy","stateCode":"65","coords":["41.99576000","14.67692000"]},{"commonName":"Lettomanoppello","countryCode":"IT","countryName":"Italy","stateCode":"65","coords":["42.24336000","14.03843000"]},{"commonName":"Lettopalena","countryCode":"IT","countryName":"Italy","stateCode":"65","coords":["42.00251000","14.15652000"]},{"commonName":"Liscia","countryCode":"IT","countryName":"Italy","stateCode":"65","coords":["41.95524000","14.55532000"]},{"commonName":"Loreto Aprutino","countryCode":"IT","countryName":"Italy","stateCode":"65","coords":["42.43104000","13.98057000"]},{"commonName":"Luco dei Marsi","countryCode":"IT","countryName":"Italy","stateCode":"65","coords":["41.95925000","13.47349000"]},{"commonName":"Lucoli","countryCode":"IT","countryName":"Italy","stateCode":"65","coords":["42.29093000","13.33799000"]},{"commonName":"Magliano De'Marsi","countryCode":"IT","countryName":"Italy","stateCode":"65","coords":["42.09153000","13.36379000"]},{"commonName":"Manoppello","countryCode":"IT","countryName":"Italy","stateCode":"65","coords":["42.25918000","14.06024000"]},{"commonName":"Manoppello Scalo","countryCode":"IT","countryName":"Italy","stateCode":"65","coords":["42.30762000","14.05363000"]},{"commonName":"Marina di San Vito","countryCode":"IT","countryName":"Italy","stateCode":"65","coords":["42.30514000","14.44844000"]},{"commonName":"Marina di Vasto","countryCode":"IT","countryName":"Italy","stateCode":"65","coords":["42.09373000","14.72683000"]},{"commonName":"Martinsicuro","countryCode":"IT","countryName":"Italy","stateCode":"65","coords":["42.88031000","13.91326000"]},{"commonName":"Massa d'Albe-Corona","countryCode":"IT","countryName":"Italy","stateCode":"65","coords":["42.10723000","13.39429000"]},{"commonName":"Miglianico","countryCode":"IT","countryName":"Italy","stateCode":"65","coords":["42.35773000","14.29179000"]},{"commonName":"Molina Aterno","countryCode":"IT","countryName":"Italy","stateCode":"65","coords":["42.14903000","13.73540000"]},{"commonName":"Montazzoli","countryCode":"IT","countryName":"Italy","stateCode":"65","coords":["41.94887000","14.43069000"]},{"commonName":"Montebello di Bertona","countryCode":"IT","countryName":"Italy","stateCode":"65","coords":["42.41686000","13.87119000"]},{"commonName":"Montebello sul Sangro","countryCode":"IT","countryName":"Italy","stateCode":"65","coords":["41.98663000","14.32402000"]},{"commonName":"Monteferrante","countryCode":"IT","countryName":"Italy","stateCode":"65","coords":["41.95396000","14.38856000"]},{"commonName":"Montefino","countryCode":"IT","countryName":"Italy","stateCode":"65","coords":["42.54551000","13.88479000"]},{"commonName":"Montelapiano","countryCode":"IT","countryName":"Italy","stateCode":"65","coords":["41.96267000","14.34212000"]},{"commonName":"Montenerodomo","countryCode":"IT","countryName":"Italy","stateCode":"65","coords":["41.97682000","14.25177000"]},{"commonName":"Monteodorisio","countryCode":"IT","countryName":"Italy","stateCode":"65","coords":["42.08485000","14.65386000"]},{"commonName":"Montereale","countryCode":"IT","countryName":"Italy","stateCode":"65","coords":["42.52332000","13.24585000"]},{"commonName":"Montesilvano Marina","countryCode":"IT","countryName":"Italy","stateCode":"65","coords":["42.51140000","14.14507000"]},{"commonName":"Monticchio","countryCode":"IT","countryName":"Italy","stateCode":"65","coords":["42.32035000","13.46382000"]},{"commonName":"Montorio al Vomano","countryCode":"IT","countryName":"Italy","stateCode":"65","coords":["42.58123000","13.63715000"]},{"commonName":"Morino","countryCode":"IT","countryName":"Italy","stateCode":"65","coords":["41.86442000","13.45700000"]},{"commonName":"Morro d'Oro","countryCode":"IT","countryName":"Italy","stateCode":"65","coords":["42.66291000","13.92129000"]},{"commonName":"Mosciano Sant'Angelo","countryCode":"IT","countryName":"Italy","stateCode":"65","coords":["42.74700000","13.88891000"]},{"commonName":"Moscufo","countryCode":"IT","countryName":"Italy","stateCode":"65","coords":["42.42713000","14.05434000"]},{"commonName":"Mozzagrogna","countryCode":"IT","countryName":"Italy","stateCode":"65","coords":["42.21267000","14.44258000"]},{"commonName":"Navelli","countryCode":"IT","countryName":"Italy","stateCode":"65","coords":["42.23721000","13.72961000"]},{"commonName":"Nepezzano","countryCode":"IT","countryName":"Italy","stateCode":"65","coords":["42.68994000","13.75650000"]},{"commonName":"Nereto","countryCode":"IT","countryName":"Italy","stateCode":"65","coords":["42.81548000","13.81989000"]},{"commonName":"Nerito","countryCode":"IT","countryName":"Italy","stateCode":"65","coords":["42.54763000","13.47759000"]},{"commonName":"Nocciano","countryCode":"IT","countryName":"Italy","stateCode":"65","coords":["42.33366000","13.98571000"]},{"commonName":"Notaresco","countryCode":"IT","countryName":"Italy","stateCode":"65","coords":["42.65742000","13.89491000"]},{"commonName":"Nucleo Industriale di Bazzano","countryCode":"IT","countryName":"Italy","stateCode":"65","coords":["42.33623000","13.46755000"]},{"commonName":"Ofena","countryCode":"IT","countryName":"Italy","stateCode":"65","coords":["42.32536000","13.75864000"]},{"commonName":"Opi","countryCode":"IT","countryName":"Italy","stateCode":"65","coords":["41.77838000","13.82932000"]},{"commonName":"Oricola","countryCode":"IT","countryName":"Italy","stateCode":"65","coords":["42.04922000","13.03939000"]},{"commonName":"Orsogna","countryCode":"IT","countryName":"Italy","stateCode":"65","coords":["42.22344000","14.28085000"]},{"commonName":"Ortona","countryCode":"IT","countryName":"Italy","stateCode":"65","coords":["42.35087000","14.40342000"]},{"commonName":"Ortona dei Marsi","countryCode":"IT","countryName":"Italy","stateCode":"65","coords":["41.99820000","13.72909000"]},{"commonName":"Ortucchio","countryCode":"IT","countryName":"Italy","stateCode":"65","coords":["41.95525000","13.64651000"]},{"commonName":"Ovindoli","countryCode":"IT","countryName":"Italy","stateCode":"65","coords":["42.13765000","13.51603000"]},{"commonName":"Pacentro","countryCode":"IT","countryName":"Italy","stateCode":"65","coords":["42.05043000","13.99151000"]},{"commonName":"Paganica-Tempera","countryCode":"IT","countryName":"Italy","stateCode":"65","coords":["42.35715000","13.47138000"]},{"commonName":"Pagliare","countryCode":"IT","countryName":"Italy","stateCode":"65","coords":["42.64372000","13.95171000"]},{"commonName":"Paglieta","countryCode":"IT","countryName":"Italy","stateCode":"65","coords":["42.16139000","14.50306000"]},{"commonName":"Palena","countryCode":"IT","countryName":"Italy","stateCode":"65","coords":["41.98353000","14.13696000"]},{"commonName":"Palmoli","countryCode":"IT","countryName":"Italy","stateCode":"65","coords":["41.93944000","14.58142000"]},{"commonName":"Palombaro","countryCode":"IT","countryName":"Italy","stateCode":"65","coords":["42.12323000","14.22989000"]},{"commonName":"Penna Sant'Andrea","countryCode":"IT","countryName":"Italy","stateCode":"65","coords":["42.59403000","13.77215000"]},{"commonName":"Pennadomo","countryCode":"IT","countryName":"Italy","stateCode":"65","coords":["42.00394000","14.32338000"]},{"commonName":"Pennapiedimonte","countryCode":"IT","countryName":"Italy","stateCode":"65","coords":["42.15563000","14.19432000"]},{"commonName":"Penne","countryCode":"IT","countryName":"Italy","stateCode":"65","coords":["42.45474000","13.92754000"]},{"commonName":"Perano","countryCode":"IT","countryName":"Italy","stateCode":"65","coords":["42.10460000","14.39581000"]},{"commonName":"Pereto","countryCode":"IT","countryName":"Italy","stateCode":"65","coords":["42.05821000","13.10231000"]},{"commonName":"Pescara","countryCode":"IT","countryName":"Italy","stateCode":"65","coords":["42.45840000","14.20283000"]},{"commonName":"Pescasseroli","countryCode":"IT","countryName":"Italy","stateCode":"65","coords":["41.80343000","13.78707000"]},{"commonName":"Pescina","countryCode":"IT","countryName":"Italy","stateCode":"65","coords":["42.02351000","13.65116000"]},{"commonName":"Pescocostanzo","countryCode":"IT","countryName":"Italy","stateCode":"65","coords":["41.88722000","14.06614000"]},{"commonName":"Pescosansonesco Nuovo","countryCode":"IT","countryName":"Italy","stateCode":"65","coords":["42.25524000","13.88480000"]},{"commonName":"Pettorano sul Gizio","countryCode":"IT","countryName":"Italy","stateCode":"65","coords":["41.97326000","13.96001000"]},{"commonName":"Pianella","countryCode":"IT","countryName":"Italy","stateCode":"65","coords":["42.39918000","14.04781000"]},{"commonName":"Pianola","countryCode":"IT","countryName":"Italy","stateCode":"65","coords":["42.32341000","13.40394000"]},{"commonName":"Pianura Vomano","countryCode":"IT","countryName":"Italy","stateCode":"65","coords":["42.63028000","13.91548000"]},{"commonName":"Picciano","countryCode":"IT","countryName":"Italy","stateCode":"65","coords":["42.47525000","13.98990000"]},{"commonName":"Pietracamela","countryCode":"IT","countryName":"Italy","stateCode":"65","coords":["42.52344000","13.55431000"]},{"commonName":"Pietraferrazzana","countryCode":"IT","countryName":"Italy","stateCode":"65","coords":["41.96943000","14.37451000"]},{"commonName":"Pietranico","countryCode":"IT","countryName":"Italy","stateCode":"65","coords":["42.27565000","13.91077000"]},{"commonName":"Pineto","countryCode":"IT","countryName":"Italy","stateCode":"65","coords":["42.60879000","14.06639000"]},{"commonName":"Pizzoferrato","countryCode":"IT","countryName":"Italy","stateCode":"65","coords":["41.92244000","14.23632000"]},{"commonName":"Pizzoli","countryCode":"IT","countryName":"Italy","stateCode":"65","coords":["42.43603000","13.29886000"]},{"commonName":"Poggio Picenze","countryCode":"IT","countryName":"Italy","stateCode":"65","coords":["42.32061000","13.54036000"]},{"commonName":"Poggiofiorito","countryCode":"IT","countryName":"Italy","stateCode":"65","coords":["42.25414000","14.32082000"]},{"commonName":"Pollutri","countryCode":"IT","countryName":"Italy","stateCode":"65","coords":["42.13784000","14.59172000"]},{"commonName":"Popoli","countryCode":"IT","countryName":"Italy","stateCode":"65","coords":["42.16866000","13.82997000"]},{"commonName":"Prata d'Ansidonia","countryCode":"IT","countryName":"Italy","stateCode":"65","coords":["42.27793000","13.60830000"]},{"commonName":"Pratola Peligna","countryCode":"IT","countryName":"Italy","stateCode":"65","coords":["42.09701000","13.87467000"]},{"commonName":"Pretoro","countryCode":"IT","countryName":"Italy","stateCode":"65","coords":["42.21923000","14.14248000"]},{"commonName":"Preturo","countryCode":"IT","countryName":"Italy","stateCode":"65","coords":["42.37808000","13.29633000"]},{"commonName":"Prezza","countryCode":"IT","countryName":"Italy","stateCode":"65","coords":["42.05789000","13.83592000"]},{"commonName":"Progetto Case Bazzano","countryCode":"IT","countryName":"Italy","stateCode":"65","coords":["42.33643000","13.44410000"]},{"commonName":"Progetto Case Coppito 3","countryCode":"IT","countryName":"Italy","stateCode":"65","coords":["42.36981000","13.31973000"]},{"commonName":"Progetto Case Sassa Nsi","countryCode":"IT","countryName":"Italy","stateCode":"65","coords":["42.36560000","13.31509000"]},{"commonName":"Provincia dell' Aquila","countryCode":"IT","countryName":"Italy","stateCode":"65","coords":["42.08333000","13.66667000"]},{"commonName":"Provincia di Chieti","countryCode":"IT","countryName":"Italy","stateCode":"65","coords":["42.11667000","14.35000000"]},{"commonName":"Provincia di Pescara","countryCode":"IT","countryName":"Italy","stateCode":"65","coords":["42.33333000","13.95000000"]},{"commonName":"Provincia di Teramo","countryCode":"IT","countryName":"Italy","stateCode":"65","coords":["42.65000000","13.68333000"]},{"commonName":"Quadri","countryCode":"IT","countryName":"Italy","stateCode":"65","coords":["41.92402000","14.28768000"]},{"commonName":"Raiano","countryCode":"IT","countryName":"Italy","stateCode":"65","coords":["42.10158000","13.81386000"]},{"commonName":"Rapino","countryCode":"IT","countryName":"Italy","stateCode":"65","coords":["42.20931000","14.18493000"]},{"commonName":"Ripa Teatina","countryCode":"IT","countryName":"Italy","stateCode":"65","coords":["42.36603000","14.24441000"]},{"commonName":"Rivisondoli","countryCode":"IT","countryName":"Italy","stateCode":"65","coords":["41.87023000","14.06671000"]},{"commonName":"Rocca di Botte","countryCode":"IT","countryName":"Italy","stateCode":"65","coords":["42.03102000","13.07185000"]},{"commonName":"Rocca di Cambio","countryCode":"IT","countryName":"Italy","stateCode":"65","coords":["42.23755000","13.48906000"]},{"commonName":"Rocca di Mezzo","countryCode":"IT","countryName":"Italy","stateCode":"65","coords":["42.20441000","13.51840000"]},{"commonName":"Rocca Pia","countryCode":"IT","countryName":"Italy","stateCode":"65","coords":["41.93429000","13.97726000"]},{"commonName":"Rocca San Giovanni","countryCode":"IT","countryName":"Italy","stateCode":"65","coords":["42.24604000","14.46162000"]},{"commonName":"Roccacasale","countryCode":"IT","countryName":"Italy","stateCode":"65","coords":["42.12249000","13.88758000"]},{"commonName":"Roccamorice","countryCode":"IT","countryName":"Italy","stateCode":"65","coords":["42.21274000","14.02531000"]},{"commonName":"Roccaraso","countryCode":"IT","countryName":"Italy","stateCode":"65","coords":["41.84872000","14.07846000"]},{"commonName":"Roccascalegna","countryCode":"IT","countryName":"Italy","stateCode":"65","coords":["42.06212000","14.30802000"]},{"commonName":"Roccaspinalveti-Santa Giusta","countryCode":"IT","countryName":"Italy","stateCode":"65","coords":["41.94233000","14.47092000"]},{"commonName":"Roccavivi","countryCode":"IT","countryName":"Italy","stateCode":"65","coords":["41.81214000","13.53662000"]},{"commonName":"Roio del Sangro","countryCode":"IT","countryName":"Italy","stateCode":"65","coords":["41.91153000","14.37382000"]},{"commonName":"Rosciano","countryCode":"IT","countryName":"Italy","stateCode":"65","coords":["42.32227000","14.04555000"]},{"commonName":"Rosello","countryCode":"IT","countryName":"Italy","stateCode":"65","coords":["41.90116000","14.34919000"]},{"commonName":"Roseto degli Abruzzi","countryCode":"IT","countryName":"Italy","stateCode":"65","coords":["42.67164000","14.01481000"]},{"commonName":"Salino","countryCode":"IT","countryName":"Italy","stateCode":"65","coords":["42.78571000","13.91400000"]},{"commonName":"Salle","countryCode":"IT","countryName":"Italy","stateCode":"65","coords":["42.17756000","13.96091000"]},{"commonName":"Salvo Marina","countryCode":"IT","countryName":"Italy","stateCode":"65","coords":["42.07037000","14.76597000"]},{"commonName":"Sambuceto","countryCode":"IT","countryName":"Italy","stateCode":"65","coords":["42.42168000","14.18747000"]},{"commonName":"San Benedetto dei Marsi","countryCode":"IT","countryName":"Italy","stateCode":"65","coords":["42.00760000","13.62381000"]},{"commonName":"San Benedetto in Perillis","countryCode":"IT","countryName":"Italy","stateCode":"65","coords":["42.18377000","13.76996000"]},{"commonName":"San Buono","countryCode":"IT","countryName":"Italy","stateCode":"65","coords":["41.98140000","14.56818000"]},{"commonName":"San Demetrio Ne' Vestini","countryCode":"IT","countryName":"Italy","stateCode":"65","coords":["42.28963000","13.55519000"]},{"commonName":"San Giovanni Lipioni","countryCode":"IT","countryName":"Italy","stateCode":"65","coords":["41.84383000","14.56271000"]},{"commonName":"San Martino Bassa","countryCode":"IT","countryName":"Italy","stateCode":"65","coords":["42.51827000","14.13045000"]},{"commonName":"San Martino sulla Marrucina","countryCode":"IT","countryName":"Italy","stateCode":"65","coords":["42.22419000","14.21577000"]},{"commonName":"San Nicolò a Tordino","countryCode":"IT","countryName":"Italy","stateCode":"65","coords":["42.69648000","13.79708000"]},{"commonName":"San Panfilo d'Ocre","countryCode":"IT","countryName":"Italy","stateCode":"65","coords":["42.28616000","13.47518000"]},{"commonName":"San Pio delle Camere","countryCode":"IT","countryName":"Italy","stateCode":"65","coords":["42.28423000","13.65570000"]},{"commonName":"San Rocco","countryCode":"IT","countryName":"Italy","stateCode":"65","coords":["42.24294000","14.12891000"]},{"commonName":"San Salvo","countryCode":"IT","countryName":"Italy","stateCode":"65","coords":["42.04413000","14.73335000"]},{"commonName":"San Valentino in Abruzzo Citeriore","countryCode":"IT","countryName":"Italy","stateCode":"65","coords":["42.23304000","13.98561000"]},{"commonName":"San Vincenzo Valle Roveto","countryCode":"IT","countryName":"Italy","stateCode":"65","coords":["41.84452000","13.53566000"]},{"commonName":"San Vito Chietino","countryCode":"IT","countryName":"Italy","stateCode":"65","coords":["42.29014000","14.44270000"]},{"commonName":"Sant'Egidio alla Vibrata","countryCode":"IT","countryName":"Italy","stateCode":"65","coords":["42.81705000","13.72164000"]},{"commonName":"Sant'Eufemia a Maiella","countryCode":"IT","countryName":"Italy","stateCode":"65","coords":["42.12613000","14.02651000"]},{"commonName":"Sant'Eusanio del Sangro","countryCode":"IT","countryName":"Italy","stateCode":"65","coords":["42.16908000","14.32776000"]},{"commonName":"Sant'Eusanio Forconese","countryCode":"IT","countryName":"Italy","stateCode":"65","coords":["42.28951000","13.52425000"]},{"commonName":"Sant'Omero","countryCode":"IT","countryName":"Italy","stateCode":"65","coords":["42.79011000","13.78906000"]},{"commonName":"Santa Maria Imbaro","countryCode":"IT","countryName":"Italy","stateCode":"65","coords":["42.21999000","14.45027000"]},{"commonName":"Santa Teresa","countryCode":"IT","countryName":"Italy","stateCode":"65","coords":["42.42753000","14.15816000"]},{"commonName":"Sante Marie","countryCode":"IT","countryName":"Italy","stateCode":"65","coords":["42.10369000","13.20163000"]},{"commonName":"Santo Stefano di Sessanio","countryCode":"IT","countryName":"Italy","stateCode":"65","coords":["42.34339000","13.64477000"]},{"commonName":"Sassa","countryCode":"IT","countryName":"Italy","stateCode":"65","coords":["42.35204000","13.29924000"]},{"commonName":"Scafa","countryCode":"IT","countryName":"Italy","stateCode":"65","coords":["42.26575000","13.99665000"]},{"commonName":"Scanno","countryCode":"IT","countryName":"Italy","stateCode":"65","coords":["41.90442000","13.87961000"]},{"commonName":"Scerne","countryCode":"IT","countryName":"Italy","stateCode":"65","coords":["42.64754000","14.03791000"]},{"commonName":"Scerni","countryCode":"IT","countryName":"Italy","stateCode":"65","coords":["42.10418000","14.57428000"]},{"commonName":"Schiavi di Abruzzo","countryCode":"IT","countryName":"Italy","stateCode":"65","coords":["41.81311000","14.48655000"]},{"commonName":"Scontrone","countryCode":"IT","countryName":"Italy","stateCode":"65","coords":["41.74681000","14.03880000"]},{"commonName":"Scoppito","countryCode":"IT","countryName":"Italy","stateCode":"65","coords":["42.36948000","13.25936000"]},{"commonName":"Scurcola Marsicana","countryCode":"IT","countryName":"Italy","stateCode":"65","coords":["42.06313000","13.33919000"]},{"commonName":"Secinaro","countryCode":"IT","countryName":"Italy","stateCode":"65","coords":["42.15062000","13.68145000"]},{"commonName":"Selva","countryCode":"IT","countryName":"Italy","stateCode":"65","coords":["42.11442000","14.34425000"]},{"commonName":"Serramonacesca","countryCode":"IT","countryName":"Italy","stateCode":"65","coords":["42.24795000","14.09297000"]},{"commonName":"Silvi","countryCode":"IT","countryName":"Italy","stateCode":"65","coords":["42.54984000","14.11759000"]},{"commonName":"Spoltore","countryCode":"IT","countryName":"Italy","stateCode":"65","coords":["42.45501000","14.13988000"]},{"commonName":"Sulmona","countryCode":"IT","countryName":"Italy","stateCode":"65","coords":["42.04945000","13.92578000"]},{"commonName":"Tagliacozzo","countryCode":"IT","countryName":"Italy","stateCode":"65","coords":["42.06933000","13.25469000"]},{"commonName":"Taranta Peligna","countryCode":"IT","countryName":"Italy","stateCode":"65","coords":["42.02052000","14.17103000"]},{"commonName":"Teramo","countryCode":"IT","countryName":"Italy","stateCode":"65","coords":["42.66123000","13.69901000"]},{"commonName":"Tione degli Abruzzi","countryCode":"IT","countryName":"Italy","stateCode":"65","coords":["42.20393000","13.63570000"]},{"commonName":"Tocco da Casauria","countryCode":"IT","countryName":"Italy","stateCode":"65","coords":["42.21203000","13.91547000"]},{"commonName":"Tollo","countryCode":"IT","countryName":"Italy","stateCode":"65","coords":["42.34542000","14.32360000"]},{"commonName":"Torano Nuovo","countryCode":"IT","countryName":"Italy","stateCode":"65","coords":["42.82305000","13.77729000"]},{"commonName":"Torino di Sangro","countryCode":"IT","countryName":"Italy","stateCode":"65","coords":["42.19100000","14.54272000"]},{"commonName":"Tornareccio","countryCode":"IT","countryName":"Italy","stateCode":"65","coords":["42.03763000","14.41525000"]},{"commonName":"Tornimparte","countryCode":"IT","countryName":"Italy","stateCode":"65","coords":["42.29007000","13.30092000"]},{"commonName":"Torre de' Passeri","countryCode":"IT","countryName":"Italy","stateCode":"65","coords":["42.24324000","13.93330000"]},{"commonName":"Torrebruna","countryCode":"IT","countryName":"Italy","stateCode":"65","coords":["41.86742000","14.54148000"]},{"commonName":"Torrevecchia","countryCode":"IT","countryName":"Italy","stateCode":"65","coords":["42.38274000","14.21331000"]},{"commonName":"Torricella","countryCode":"IT","countryName":"Italy","stateCode":"65","coords":["42.65904000","13.65719000"]},{"commonName":"Torricella Peligna","countryCode":"IT","countryName":"Italy","stateCode":"65","coords":["42.02397000","14.25854000"]},{"commonName":"Tortoreto","countryCode":"IT","countryName":"Italy","stateCode":"65","coords":["42.80371000","13.91346000"]},{"commonName":"Tortoreto Lido","countryCode":"IT","countryName":"Italy","stateCode":"65","coords":["42.79956000","13.94205000"]},{"commonName":"Tossicia","countryCode":"IT","countryName":"Italy","stateCode":"65","coords":["42.54472000","13.64595000"]},{"commonName":"Trasacco","countryCode":"IT","countryName":"Italy","stateCode":"65","coords":["41.95742000","13.53270000"]},{"commonName":"Treglio","countryCode":"IT","countryName":"Italy","stateCode":"65","coords":["42.26184000","14.42315000"]},{"commonName":"Tufillo","countryCode":"IT","countryName":"Italy","stateCode":"65","coords":["41.91685000","14.62558000"]},{"commonName":"Turrivalignani","countryCode":"IT","countryName":"Italy","stateCode":"65","coords":["42.26296000","14.02852000"]},{"commonName":"Vacri","countryCode":"IT","countryName":"Italy","stateCode":"65","coords":["42.29764000","14.22901000"]},{"commonName":"Valle Castellana","countryCode":"IT","countryName":"Italy","stateCode":"65","coords":["42.73614000","13.49709000"]},{"commonName":"Vallecupa","countryCode":"IT","countryName":"Italy","stateCode":"65","coords":["42.25366000","13.57467000"]},{"commonName":"Vasto","countryCode":"IT","countryName":"Italy","stateCode":"65","coords":["42.11150000","14.70649000"]},{"commonName":"Vicoli","countryCode":"IT","countryName":"Italy","stateCode":"65","coords":["42.34095000","13.89688000"]},{"commonName":"Villa Caldari","countryCode":"IT","countryName":"Italy","stateCode":"65","coords":["42.29566000","14.36157000"]},{"commonName":"Villa Celiera","countryCode":"IT","countryName":"Italy","stateCode":"65","coords":["42.38184000","13.85860000"]},{"commonName":"Villa Lempa","countryCode":"IT","countryName":"Italy","stateCode":"65","coords":["42.79345000","13.64433000"]},{"commonName":"Villa Raspa","countryCode":"IT","countryName":"Italy","stateCode":"65","coords":["42.45542000","14.18457000"]},{"commonName":"Villa Rosa","countryCode":"IT","countryName":"Italy","stateCode":"65","coords":["42.85059000","13.92015000"]},{"commonName":"Villa Sant'Angelo","countryCode":"IT","countryName":"Italy","stateCode":"65","coords":["42.27043000","13.53710000"]},{"commonName":"Villa Santa Lucia degli Abruzzi","countryCode":"IT","countryName":"Italy","stateCode":"65","coords":["42.33286000","13.77792000"]},{"commonName":"Villa Santa Maria","countryCode":"IT","countryName":"Italy","stateCode":"65","coords":["41.95130000","14.35148000"]},{"commonName":"Villagrande","countryCode":"IT","countryName":"Italy","stateCode":"65","coords":["42.29533000","13.29999000"]},{"commonName":"Villalago","countryCode":"IT","countryName":"Italy","stateCode":"65","coords":["41.93514000","13.83868000"]},{"commonName":"Villalfonsina","countryCode":"IT","countryName":"Italy","stateCode":"65","coords":["42.16038000","14.56932000"]},{"commonName":"Villamagna","countryCode":"IT","countryName":"Italy","stateCode":"65","coords":["42.32984000","14.23689000"]},{"commonName":"Villanova","countryCode":"IT","countryName":"Italy","stateCode":"65","coords":["42.38251000","14.12338000"]},{"commonName":"Villavallelonga","countryCode":"IT","countryName":"Italy","stateCode":"65","coords":["41.87104000","13.62088000"]},{"commonName":"Villetta Barrea","countryCode":"IT","countryName":"Italy","stateCode":"65","coords":["41.77646000","13.93892000"]},{"commonName":"Vittorito","countryCode":"IT","countryName":"Italy","stateCode":"65","coords":["42.12703000","13.81670000"]}]