[{"commonName":"Acerno","countryCode":"IT","countryName":"Italy","stateCode":"72","coords":["40.73771000","15.05695000"]},{"commonName":"Acerra","countryCode":"IT","countryName":"Italy","stateCode":"72","coords":["40.94477000","14.37140000"]},{"commonName":"Afragola","countryCode":"IT","countryName":"Italy","stateCode":"72","coords":["40.92298000","14.30935000"]},{"commonName":"Agerola","countryCode":"IT","countryName":"Italy","stateCode":"72","coords":["40.63771000","14.53884000"]},{"commonName":"Agropoli","countryCode":"IT","countryName":"Italy","stateCode":"72","coords":["40.34923000","14.99067000"]},{"commonName":"Aiello del Sabato","countryCode":"IT","countryName":"Italy","stateCode":"72","coords":["40.88847000","14.82123000"]},{"commonName":"Ailano","countryCode":"IT","countryName":"Italy","stateCode":"72","coords":["41.39001000","14.20536000"]},{"commonName":"Airola","countryCode":"IT","countryName":"Italy","stateCode":"72","coords":["41.05871000","14.55924000"]},{"commonName":"Albanella","countryCode":"IT","countryName":"Italy","stateCode":"72","coords":["40.47943000","15.11454000"]},{"commonName":"Alfano","countryCode":"IT","countryName":"Italy","stateCode":"72","coords":["40.17687000","15.42450000"]},{"commonName":"Alife","countryCode":"IT","countryName":"Italy","stateCode":"72","coords":["41.32612000","14.33403000"]},{"commonName":"Altavilla Irpina","countryCode":"IT","countryName":"Italy","stateCode":"72","coords":["41.00619000","14.78093000"]},{"commonName":"Altavilla Silentina","countryCode":"IT","countryName":"Italy","stateCode":"72","coords":["40.53012000","15.13153000"]},{"commonName":"Alvignano","countryCode":"IT","countryName":"Italy","stateCode":"72","coords":["41.24427000","14.33671000"]},{"commonName":"Amalfi","countryCode":"IT","countryName":"Italy","stateCode":"72","coords":["40.63490000","14.60238000"]},{"commonName":"Amodio-Massariola","countryCode":"IT","countryName":"Italy","stateCode":"72","coords":["40.88872000","14.09091000"]},{"commonName":"Amorosi","countryCode":"IT","countryName":"Italy","stateCode":"72","coords":["41.20273000","14.46598000"]},{"commonName":"Anacapri","countryCode":"IT","countryName":"Italy","stateCode":"72","coords":["40.55170000","14.21225000"]},{"commonName":"Andretta-Mattinella","countryCode":"IT","countryName":"Italy","stateCode":"72","coords":["40.93742000","15.32485000"]},{"commonName":"Angri","countryCode":"IT","countryName":"Italy","stateCode":"72","coords":["40.73815000","14.57070000"]},{"commonName":"Annunziata","countryCode":"IT","countryName":"Italy","stateCode":"72","coords":["41.12100000","14.36518000"]},{"commonName":"Antessano","countryCode":"IT","countryName":"Italy","stateCode":"72","coords":["40.73293000","14.77744000"]},{"commonName":"Apice Vecchio","countryCode":"IT","countryName":"Italy","stateCode":"72","coords":["41.12012000","14.93104000"]},{"commonName":"Apollosa","countryCode":"IT","countryName":"Italy","stateCode":"72","coords":["41.09156000","14.69625000"]},{"commonName":"Aquara","countryCode":"IT","countryName":"Italy","stateCode":"72","coords":["40.44391000","15.25386000"]},{"commonName":"Aquilonia","countryCode":"IT","countryName":"Italy","stateCode":"72","coords":["40.98688000","15.47510000"]},{"commonName":"Arenella","countryCode":"IT","countryName":"Italy","stateCode":"72","coords":["40.85734000","14.22280000"]},{"commonName":"Ariano","countryCode":"IT","countryName":"Italy","stateCode":"72","coords":["40.65668000","15.02481000"]},{"commonName":"Ariano Irpino-Martiri","countryCode":"IT","countryName":"Italy","stateCode":"72","coords":["41.16024000","15.10625000"]},{"commonName":"Arienzo","countryCode":"IT","countryName":"Italy","stateCode":"72","coords":["41.02734000","14.49770000"]},{"commonName":"Ariola","countryCode":"IT","countryName":"Italy","stateCode":"72","coords":["40.62795000","15.43453000"]},{"commonName":"Arola-Preazzano","countryCode":"IT","countryName":"Italy","stateCode":"72","coords":["40.63333000","14.43333000"]},{"commonName":"Arpaia","countryCode":"IT","countryName":"Italy","stateCode":"72","coords":["41.03678000","14.55175000"]},{"commonName":"Arpaise","countryCode":"IT","countryName":"Italy","stateCode":"72","coords":["41.02977000","14.74387000"]},{"commonName":"Arpino","countryCode":"IT","countryName":"Italy","stateCode":"72","coords":["40.88882000","14.32015000"]},{"commonName":"Arzano","countryCode":"IT","countryName":"Italy","stateCode":"72","coords":["40.90959000","14.26519000"]},{"commonName":"Ascea","countryCode":"IT","countryName":"Italy","stateCode":"72","coords":["40.14082000","15.18583000"]},{"commonName":"Atena Lucana","countryCode":"IT","countryName":"Italy","stateCode":"72","coords":["40.45464000","15.55633000"]},{"commonName":"Atrani","countryCode":"IT","countryName":"Italy","stateCode":"72","coords":["40.63617000","14.60933000"]},{"commonName":"Atripalda","countryCode":"IT","countryName":"Italy","stateCode":"72","coords":["40.91867000","14.82721000"]},{"commonName":"Auletta","countryCode":"IT","countryName":"Italy","stateCode":"72","coords":["40.56116000","15.42313000"]},{"commonName":"Avella","countryCode":"IT","countryName":"Italy","stateCode":"72","coords":["40.95995000","14.60087000"]},{"commonName":"Avellino","countryCode":"IT","countryName":"Italy","stateCode":"72","coords":["40.91494000","14.79103000"]},{"commonName":"Aversa","countryCode":"IT","countryName":"Italy","stateCode":"72","coords":["40.97259000","14.20745000"]},{"commonName":"Avvocata","countryCode":"IT","countryName":"Italy","stateCode":"72","coords":["40.85432000","14.24325000"]},{"commonName":"Bacoli","countryCode":"IT","countryName":"Italy","stateCode":"72","coords":["40.79672000","14.07349000"]},{"commonName":"Bagnoli","countryCode":"IT","countryName":"Italy","stateCode":"72","coords":["40.81322000","14.16807000"]},{"commonName":"Bagnoli Irpino","countryCode":"IT","countryName":"Italy","stateCode":"72","coords":["40.83103000","15.07173000"]},{"commonName":"Baia","countryCode":"IT","countryName":"Italy","stateCode":"72","coords":["41.30366000","14.25016000"]},{"commonName":"Baiano","countryCode":"IT","countryName":"Italy","stateCode":"72","coords":["40.95142000","14.61650000"]},{"commonName":"Banzano","countryCode":"IT","countryName":"Italy","stateCode":"72","coords":["40.84338000","14.80182000"]},{"commonName":"Barano d'Ischia","countryCode":"IT","countryName":"Italy","stateCode":"72","coords":["40.71472000","13.92522000"]},{"commonName":"Baronissi","countryCode":"IT","countryName":"Italy","stateCode":"72","coords":["40.74817000","14.77380000"]},{"commonName":"Barra","countryCode":"IT","countryName":"Italy","stateCode":"72","coords":["40.84255000","14.31849000"]},{"commonName":"Baselice","countryCode":"IT","countryName":"Italy","stateCode":"72","coords":["41.39296000","14.97363000"]},{"commonName":"Battipaglia","countryCode":"IT","countryName":"Italy","stateCode":"72","coords":["40.60861000","14.98209000"]},{"commonName":"Bellizzi","countryCode":"IT","countryName":"Italy","stateCode":"72","coords":["40.61981000","14.94685000"]},{"commonName":"Bellona","countryCode":"IT","countryName":"Italy","stateCode":"72","coords":["41.16052000","14.23313000"]},{"commonName":"Bellosguardo","countryCode":"IT","countryName":"Italy","stateCode":"72","coords":["40.42222000","15.31219000"]},{"commonName":"Beltiglio-San Giovanni","countryCode":"IT","countryName":"Italy","stateCode":"72","coords":["41.06239000","14.75273000"]},{"commonName":"Benevento","countryCode":"IT","countryName":"Italy","stateCode":"72","coords":["41.13070000","14.77816000"]},{"commonName":"Bisaccia","countryCode":"IT","countryName":"Italy","stateCode":"72","coords":["41.00923000","15.37699000"]},{"commonName":"Bisaccia Nuova","countryCode":"IT","countryName":"Italy","stateCode":"72","coords":["41.00960000","15.35546000"]},{"commonName":"Bivio Mortola","countryCode":"IT","countryName":"Italy","stateCode":"72","coords":["41.39557000","13.89663000"]},{"commonName":"Bivio Santa Cecilia","countryCode":"IT","countryName":"Italy","stateCode":"72","coords":["40.52224000","15.00018000"]},{"commonName":"Bonea","countryCode":"IT","countryName":"Italy","stateCode":"72","coords":["41.07312000","14.61683000"]},{"commonName":"Bonito","countryCode":"IT","countryName":"Italy","stateCode":"72","coords":["41.09857000","15.00071000"]},{"commonName":"Borgo","countryCode":"IT","countryName":"Italy","stateCode":"72","coords":["40.84022000","14.78364000"]},{"commonName":"Boscoreale","countryCode":"IT","countryName":"Italy","stateCode":"72","coords":["40.77274000","14.48118000"]},{"commonName":"Boscotrecase","countryCode":"IT","countryName":"Italy","stateCode":"72","coords":["40.77296000","14.46185000"]},{"commonName":"Bracigliano","countryCode":"IT","countryName":"Italy","stateCode":"72","coords":["40.81880000","14.70772000"]},{"commonName":"Brezza","countryCode":"IT","countryName":"Italy","stateCode":"72","coords":["41.11073000","14.11201000"]},{"commonName":"Brusciano","countryCode":"IT","countryName":"Italy","stateCode":"72","coords":["40.92237000","14.42386000"]},{"commonName":"Bucciano","countryCode":"IT","countryName":"Italy","stateCode":"72","coords":["41.07756000","14.56898000"]},{"commonName":"Buccino","countryCode":"IT","countryName":"Italy","stateCode":"72","coords":["40.63670000","15.38116000"]},{"commonName":"Buonabitacolo","countryCode":"IT","countryName":"Italy","stateCode":"72","coords":["40.26855000","15.62119000"]},{"commonName":"Buonalbergo","countryCode":"IT","countryName":"Italy","stateCode":"72","coords":["41.22236000","14.97799000"]},{"commonName":"Caggiano","countryCode":"IT","countryName":"Italy","stateCode":"72","coords":["40.56240000","15.49629000"]},{"commonName":"Caianello","countryCode":"IT","countryName":"Italy","stateCode":"72","coords":["41.30509000","14.08516000"]},{"commonName":"Caiazzo","countryCode":"IT","countryName":"Italy","stateCode":"72","coords":["41.18435000","14.35946000"]},{"commonName":"Cairano","countryCode":"IT","countryName":"Italy","stateCode":"72","coords":["40.89552000","15.37069000"]},{"commonName":"Caivano","countryCode":"IT","countryName":"Italy","stateCode":"72","coords":["40.95753000","14.30591000"]},{"commonName":"Calabritto","countryCode":"IT","countryName":"Italy","stateCode":"72","coords":["40.78342000","15.22285000"]},{"commonName":"Calitri","countryCode":"IT","countryName":"Italy","stateCode":"72","coords":["40.92569000","15.40393000"]},{"commonName":"Calvanico","countryCode":"IT","countryName":"Italy","stateCode":"72","coords":["40.77616000","14.82697000"]},{"commonName":"Calvi","countryCode":"IT","countryName":"Italy","stateCode":"72","coords":["41.07162000","14.86524000"]},{"commonName":"Calvi Risorta","countryCode":"IT","countryName":"Italy","stateCode":"72","coords":["41.21598000","14.13092000"]},{"commonName":"Calvizzano","countryCode":"IT","countryName":"Italy","stateCode":"72","coords":["40.90782000","14.18581000"]},{"commonName":"Camerota","countryCode":"IT","countryName":"Italy","stateCode":"72","coords":["40.03262000","15.37048000"]},{"commonName":"Camigliano","countryCode":"IT","countryName":"Italy","stateCode":"72","coords":["41.18116000","14.20978000"]},{"commonName":"Campagna","countryCode":"IT","countryName":"Italy","stateCode":"72","coords":["40.66661000","15.10638000"]},{"commonName":"Campanarello","countryCode":"IT","countryName":"Italy","stateCode":"72","coords":["41.04717000","14.91418000"]},{"commonName":"Campolattaro","countryCode":"IT","countryName":"Italy","stateCode":"72","coords":["41.28693000","14.73043000"]},{"commonName":"Campoli del Monte Taburno","countryCode":"IT","countryName":"Italy","stateCode":"72","coords":["41.13074000","14.64649000"]},{"commonName":"Campora","countryCode":"IT","countryName":"Italy","stateCode":"72","coords":["40.30541000","15.29236000"]},{"commonName":"Camposano","countryCode":"IT","countryName":"Italy","stateCode":"72","coords":["40.95242000","14.52991000"]},{"commonName":"Cancello-Arnone","countryCode":"IT","countryName":"Italy","stateCode":"72","coords":["41.07340000","14.02542000"]},{"commonName":"Candida","countryCode":"IT","countryName":"Italy","stateCode":"72","coords":["40.94148000","14.87230000"]},{"commonName":"Cannalonga","countryCode":"IT","countryName":"Italy","stateCode":"72","coords":["40.24461000","15.29325000"]},{"commonName":"Capaccio","countryCode":"IT","countryName":"Italy","stateCode":"72","coords":["40.42435000","15.07981000"]},{"commonName":"Capaccio Scalo","countryCode":"IT","countryName":"Italy","stateCode":"72","coords":["40.45531000","15.00891000"]},{"commonName":"Capezzano Inferiore","countryCode":"IT","countryName":"Italy","stateCode":"72","coords":["40.70067000","14.77301000"]},{"commonName":"Capezzano-Cologna","countryCode":"IT","countryName":"Italy","stateCode":"72","coords":["40.71518000","14.77364000"]},{"commonName":"Capitignano","countryCode":"IT","countryName":"Italy","stateCode":"72","coords":["40.71851000","14.90465000"]},{"commonName":"Capodrise","countryCode":"IT","countryName":"Italy","stateCode":"72","coords":["41.04268000","14.30607000"]},{"commonName":"Caposele","countryCode":"IT","countryName":"Italy","stateCode":"72","coords":["40.81553000","15.22337000"]},{"commonName":"Capri","countryCode":"IT","countryName":"Italy","stateCode":"72","coords":["40.55073000","14.24263000"]},{"commonName":"Capriati A Volturno","countryCode":"IT","countryName":"Italy","stateCode":"72","coords":["41.46801000","14.14602000"]},{"commonName":"Capriglia","countryCode":"IT","countryName":"Italy","stateCode":"72","coords":["40.73216000","14.76035000"]},{"commonName":"Capriglia Irpina","countryCode":"IT","countryName":"Italy","stateCode":"72","coords":["40.96032000","14.77724000"]},{"commonName":"Capua","countryCode":"IT","countryName":"Italy","stateCode":"72","coords":["41.10519000","14.21269000"]},{"commonName":"Carano","countryCode":"IT","countryName":"Italy","stateCode":"72","coords":["41.20526000","13.90972000"]},{"commonName":"Carbonara di Nola","countryCode":"IT","countryName":"Italy","stateCode":"72","coords":["40.87441000","14.57884000"]},{"commonName":"Cardito","countryCode":"IT","countryName":"Italy","stateCode":"72","coords":["40.94590000","14.29952000"]},{"commonName":"Carife","countryCode":"IT","countryName":"Italy","stateCode":"72","coords":["41.02667000","15.21044000"]},{"commonName":"Carifi-Torello-Priscoli","countryCode":"IT","countryName":"Italy","stateCode":"72","coords":["40.79136000","14.73212000"]},{"commonName":"Carinaro","countryCode":"IT","countryName":"Italy","stateCode":"72","coords":["40.98291000","14.21963000"]},{"commonName":"Carinola","countryCode":"IT","countryName":"Italy","stateCode":"72","coords":["41.18775000","13.98240000"]},{"commonName":"Casagiove","countryCode":"IT","countryName":"Italy","stateCode":"72","coords":["41.07124000","14.31163000"]},{"commonName":"Casal di Principe","countryCode":"IT","countryName":"Italy","stateCode":"72","coords":["41.00996000","14.13013000"]},{"commonName":"Casal Velino","countryCode":"IT","countryName":"Italy","stateCode":"72","coords":["40.19034000","15.11137000"]},{"commonName":"Casalbore","countryCode":"IT","countryName":"Italy","stateCode":"72","coords":["41.23373000","15.00752000"]},{"commonName":"Casalbuono","countryCode":"IT","countryName":"Italy","stateCode":"72","coords":["40.21425000","15.68717000"]},{"commonName":"Casalduni","countryCode":"IT","countryName":"Italy","stateCode":"72","coords":["41.26080000","14.69532000"]},{"commonName":"Casale","countryCode":"IT","countryName":"Italy","stateCode":"72","coords":["41.21972000","14.00231000"]},{"commonName":"Casaletto Spartano","countryCode":"IT","countryName":"Italy","stateCode":"72","coords":["40.15134000","15.62058000"]},{"commonName":"Casali-San Potito","countryCode":"IT","countryName":"Italy","stateCode":"72","coords":["40.76390000","14.67501000"]},{"commonName":"Casalnuovo di Napoli","countryCode":"IT","countryName":"Italy","stateCode":"72","coords":["40.90969000","14.34205000"]},{"commonName":"Casaluce","countryCode":"IT","countryName":"Italy","stateCode":"72","coords":["40.99785000","14.19671000"]},{"commonName":"Casamarciano","countryCode":"IT","countryName":"Italy","stateCode":"72","coords":["40.93191000","14.55324000"]},{"commonName":"Casamicciola Terme","countryCode":"IT","countryName":"Italy","stateCode":"72","coords":["40.74661000","13.91202000"]},{"commonName":"Casandrino","countryCode":"IT","countryName":"Italy","stateCode":"72","coords":["40.92845000","14.24744000"]},{"commonName":"Casanova","countryCode":"IT","countryName":"Italy","stateCode":"72","coords":["41.19254000","13.96344000"]},{"commonName":"Casapesenna","countryCode":"IT","countryName":"Italy","stateCode":"72","coords":["40.99151000","14.13613000"]},{"commonName":"Casapulla","countryCode":"IT","countryName":"Italy","stateCode":"72","coords":["41.07665000","14.28927000"]},{"commonName":"Casarea","countryCode":"IT","countryName":"Italy","stateCode":"72","coords":["40.88828000","14.36349000"]},{"commonName":"Casavatore","countryCode":"IT","countryName":"Italy","stateCode":"72","coords":["40.89921000","14.27663000"]},{"commonName":"Cascano","countryCode":"IT","countryName":"Italy","stateCode":"72","coords":["41.23232000","13.96927000"]},{"commonName":"Caselle in Pittari","countryCode":"IT","countryName":"Italy","stateCode":"72","coords":["40.17319000","15.54311000"]},{"commonName":"Caserta","countryCode":"IT","countryName":"Italy","stateCode":"72","coords":["41.07262000","14.33231000"]},{"commonName":"Casola","countryCode":"IT","countryName":"Italy","stateCode":"72","coords":["41.09513000","14.38172000"]},{"commonName":"Casola di Napoli","countryCode":"IT","countryName":"Italy","stateCode":"72","coords":["40.69780000","14.53006000"]},{"commonName":"Casoria","countryCode":"IT","countryName":"Italy","stateCode":"72","coords":["40.90751000","14.29300000"]},{"commonName":"Cassano Irpino","countryCode":"IT","countryName":"Italy","stateCode":"72","coords":["40.87042000","15.02595000"]},{"commonName":"Castel Baronia","countryCode":"IT","countryName":"Italy","stateCode":"72","coords":["41.04832000","15.18884000"]},{"commonName":"Castel Campagnano","countryCode":"IT","countryName":"Italy","stateCode":"72","coords":["41.18240000","14.45300000"]},{"commonName":"Castel di Sasso","countryCode":"IT","countryName":"Italy","stateCode":"72","coords":["41.19242000","14.27773000"]},{"commonName":"Castel Morrone","countryCode":"IT","countryName":"Italy","stateCode":"72","coords":["41.12102000","14.35473000"]},{"commonName":"Castel San Giorgio","countryCode":"IT","countryName":"Italy","stateCode":"72","coords":["40.78198000","14.70090000"]},{"commonName":"Castel San Lorenzo","countryCode":"IT","countryName":"Italy","stateCode":"72","coords":["40.41979000","15.22523000"]},{"commonName":"Castel Volturno","countryCode":"IT","countryName":"Italy","stateCode":"72","coords":["41.03288000","13.94354000"]},{"commonName":"Castelcivita","countryCode":"IT","countryName":"Italy","stateCode":"72","coords":["40.49367000","15.23354000"]},{"commonName":"Castelfranci","countryCode":"IT","countryName":"Italy","stateCode":"72","coords":["40.93066000","15.04331000"]},{"commonName":"Castelfranco in Miscano","countryCode":"IT","countryName":"Italy","stateCode":"72","coords":["41.30072000","15.08607000"]},{"commonName":"Castellammare di Stabia","countryCode":"IT","countryName":"Italy","stateCode":"72","coords":["40.70211000","14.48685000"]},{"commonName":"Castello del Matese","countryCode":"IT","countryName":"Italy","stateCode":"72","coords":["41.36672000","14.37773000"]},{"commonName":"Castello di Cisterna","countryCode":"IT","countryName":"Italy","stateCode":"72","coords":["40.91594000","14.41117000"]},{"commonName":"Castelnuovo Cilento","countryCode":"IT","countryName":"Italy","stateCode":"72","coords":["40.21846000","15.17802000"]},{"commonName":"Castelnuovo di Conza","countryCode":"IT","countryName":"Italy","stateCode":"72","coords":["40.82062000","15.31875000"]},{"commonName":"Castelpagano","countryCode":"IT","countryName":"Italy","stateCode":"72","coords":["41.40177000","14.80711000"]},{"commonName":"Castelpoto","countryCode":"IT","countryName":"Italy","stateCode":"72","coords":["41.14066000","14.70069000"]},{"commonName":"Castelvenere","countryCode":"IT","countryName":"Italy","stateCode":"72","coords":["41.23445000","14.54750000"]},{"commonName":"Castelvetere in Val Fortore","countryCode":"IT","countryName":"Italy","stateCode":"72","coords":["41.44257000","14.94118000"]},{"commonName":"Castelvetere sul Calore","countryCode":"IT","countryName":"Italy","stateCode":"72","coords":["40.92980000","14.98640000"]},{"commonName":"Castiglione del Genovesi","countryCode":"IT","countryName":"Italy","stateCode":"72","coords":["40.72367000","14.84796000"]},{"commonName":"Cautano","countryCode":"IT","countryName":"Italy","stateCode":"72","coords":["41.15009000","14.64425000"]},{"commonName":"Cava Dè Tirreni","countryCode":"IT","countryName":"Italy","stateCode":"72","coords":["40.69954000","14.70773000"]},{"commonName":"Celle di Bulgheria","countryCode":"IT","countryName":"Italy","stateCode":"72","coords":["40.09540000","15.40324000"]},{"commonName":"Cellole","countryCode":"IT","countryName":"Italy","stateCode":"72","coords":["41.20338000","13.85332000"]},{"commonName":"Centola","countryCode":"IT","countryName":"Italy","stateCode":"72","coords":["40.06980000","15.31191000"]},{"commonName":"Centro Urbano","countryCode":"IT","countryName":"Italy","stateCode":"72","coords":["40.81986000","15.31953000"]},{"commonName":"Ceppaloni","countryCode":"IT","countryName":"Italy","stateCode":"72","coords":["41.04523000","14.76102000"]},{"commonName":"Ceraso","countryCode":"IT","countryName":"Italy","stateCode":"72","coords":["40.19430000","15.25606000"]},{"commonName":"Cercola","countryCode":"IT","countryName":"Italy","stateCode":"72","coords":["40.86043000","14.35733000"]},{"commonName":"Cerreto Sannita","countryCode":"IT","countryName":"Italy","stateCode":"72","coords":["41.28296000","14.56147000"]},{"commonName":"Cervinara","countryCode":"IT","countryName":"Italy","stateCode":"72","coords":["41.02042000","14.61444000"]},{"commonName":"Cervino","countryCode":"IT","countryName":"Italy","stateCode":"72","coords":["41.04001000","14.42403000"]},{"commonName":"Cesa","countryCode":"IT","countryName":"Italy","stateCode":"72","coords":["40.96287000","14.23081000"]},{"commonName":"Cesinali","countryCode":"IT","countryName":"Italy","stateCode":"72","coords":["40.89711000","14.82774000"]},{"commonName":"Cetara","countryCode":"IT","countryName":"Italy","stateCode":"72","coords":["40.64756000","14.70091000"]},{"commonName":"Chiaia","countryCode":"IT","countryName":"Italy","stateCode":"72","coords":["40.83255000","14.22677000"]},{"commonName":"Chiaiano","countryCode":"IT","countryName":"Italy","stateCode":"72","coords":["40.88101000","14.20759000"]},{"commonName":"Chianche","countryCode":"IT","countryName":"Italy","stateCode":"72","coords":["41.04632000","14.78904000"]},{"commonName":"Chiusano di San Domenico","countryCode":"IT","countryName":"Italy","stateCode":"72","coords":["40.93312000","14.91634000"]},{"commonName":"Cicciano","countryCode":"IT","countryName":"Italy","stateCode":"72","coords":["40.96402000","14.53487000"]},{"commonName":"Cicerale","countryCode":"IT","countryName":"Italy","stateCode":"72","coords":["40.34404000","15.12959000"]},{"commonName":"Cimitile","countryCode":"IT","countryName":"Italy","stateCode":"72","coords":["40.94231000","14.52558000"]},{"commonName":"Ciorlano","countryCode":"IT","countryName":"Italy","stateCode":"72","coords":["41.45022000","14.15832000"]},{"commonName":"Circello","countryCode":"IT","countryName":"Italy","stateCode":"72","coords":["41.35455000","14.80910000"]},{"commonName":"Colle Sannita","countryCode":"IT","countryName":"Italy","stateCode":"72","coords":["41.36374000","14.83450000"]},{"commonName":"Colliano","countryCode":"IT","countryName":"Italy","stateCode":"72","coords":["40.72293000","15.28969000"]},{"commonName":"Comiziano","countryCode":"IT","countryName":"Italy","stateCode":"72","coords":["40.95163000","14.55124000"]},{"commonName":"Conca dei Marini","countryCode":"IT","countryName":"Italy","stateCode":"72","coords":["40.61754000","14.57311000"]},{"commonName":"Conca della Campania","countryCode":"IT","countryName":"Italy","stateCode":"72","coords":["41.33174000","13.99142000"]},{"commonName":"Contrada","countryCode":"IT","countryName":"Italy","stateCode":"72","coords":["40.86811000","14.77747000"]},{"commonName":"Controne","countryCode":"IT","countryName":"Italy","stateCode":"72","coords":["40.51018000","15.20404000"]},{"commonName":"Contursi Terme","countryCode":"IT","countryName":"Italy","stateCode":"72","coords":["40.65026000","15.24163000"]},{"commonName":"Coperchia","countryCode":"IT","countryName":"Italy","stateCode":"72","coords":["40.72005000","14.76654000"]},{"commonName":"Corbara","countryCode":"IT","countryName":"Italy","stateCode":"72","coords":["40.72278000","14.59187000"]},{"commonName":"Corleto Monforte","countryCode":"IT","countryName":"Italy","stateCode":"72","coords":["40.43756000","15.38013000"]},{"commonName":"Country Park","countryCode":"IT","countryName":"Italy","stateCode":"72","coords":["40.88234000","14.07786000"]},{"commonName":"Crispano","countryCode":"IT","countryName":"Italy","stateCode":"72","coords":["40.95251000","14.28993000"]},{"commonName":"Cuccaro Vetere","countryCode":"IT","countryName":"Italy","stateCode":"72","coords":["40.16404000","15.30677000"]},{"commonName":"Curti","countryCode":"IT","countryName":"Italy","stateCode":"72","coords":["41.07616000","14.28039000"]},{"commonName":"Cusano Mutri","countryCode":"IT","countryName":"Italy","stateCode":"72","coords":["41.33624000","14.51013000"]},{"commonName":"Domicella","countryCode":"IT","countryName":"Italy","stateCode":"72","coords":["40.88019000","14.58716000"]},{"commonName":"Dragonea","countryCode":"IT","countryName":"Italy","stateCode":"72","coords":["40.67917000","14.71094000"]},{"commonName":"Dragoni","countryCode":"IT","countryName":"Italy","stateCode":"72","coords":["41.27619000","14.30368000"]},{"commonName":"Dugenta","countryCode":"IT","countryName":"Italy","stateCode":"72","coords":["41.13468000","14.45353000"]},{"commonName":"Durazzano","countryCode":"IT","countryName":"Italy","stateCode":"72","coords":["41.06286000","14.44947000"]},{"commonName":"Eboli","countryCode":"IT","countryName":"Italy","stateCode":"72","coords":["40.61747000","15.05693000"]},{"commonName":"Ercolano","countryCode":"IT","countryName":"Italy","stateCode":"72","coords":["40.80783000","14.35012000"]},{"commonName":"Faiano","countryCode":"IT","countryName":"Italy","stateCode":"72","coords":["40.66254000","14.90244000"]},{"commonName":"Faicchio","countryCode":"IT","countryName":"Italy","stateCode":"72","coords":["41.27816000","14.47740000"]},{"commonName":"Falciano del Massico","countryCode":"IT","countryName":"Italy","stateCode":"72","coords":["41.16271000","13.94812000"]},{"commonName":"Faraldo-Nocelleto","countryCode":"IT","countryName":"Italy","stateCode":"72","coords":["40.77992000","14.76363000"]},{"commonName":"Felitto","countryCode":"IT","countryName":"Italy","stateCode":"72","coords":["40.37351000","15.24306000"]},{"commonName":"Fisciano","countryCode":"IT","countryName":"Italy","stateCode":"72","coords":["40.77175000","14.79454000"]},{"commonName":"Flumeri","countryCode":"IT","countryName":"Italy","stateCode":"72","coords":["41.07623000","15.15072000"]},{"commonName":"Foglianise","countryCode":"IT","countryName":"Italy","stateCode":"72","coords":["41.16127000","14.67112000"]},{"commonName":"Foiano di Val Fortore","countryCode":"IT","countryName":"Italy","stateCode":"72","coords":["41.35283000","14.97635000"]},{"commonName":"Fontanarosa","countryCode":"IT","countryName":"Italy","stateCode":"72","coords":["41.01812000","15.02055000"]},{"commonName":"Fontegreca","countryCode":"IT","countryName":"Italy","stateCode":"72","coords":["41.45653000","14.18385000"]},{"commonName":"Forchia","countryCode":"IT","countryName":"Italy","stateCode":"72","coords":["41.03144000","14.53573000"]},{"commonName":"Forino","countryCode":"IT","countryName":"Italy","stateCode":"72","coords":["40.85829000","14.73254000"]},{"commonName":"Forio","countryCode":"IT","countryName":"Italy","stateCode":"72","coords":["40.73757000","13.86003000"]},{"commonName":"Formicola","countryCode":"IT","countryName":"Italy","stateCode":"72","coords":["41.21084000","14.23462000"]},{"commonName":"Fragneto L'Abate","countryCode":"IT","countryName":"Italy","stateCode":"72","coords":["41.25580000","14.78382000"]},{"commonName":"Fragneto Monforte","countryCode":"IT","countryName":"Italy","stateCode":"72","coords":["41.24634000","14.76342000"]},{"commonName":"Franche","countryCode":"IT","countryName":"Italy","stateCode":"72","coords":["40.67175000","14.52139000"]},{"commonName":"Francolise","countryCode":"IT","countryName":"Italy","stateCode":"72","coords":["41.18501000","14.05672000"]},{"commonName":"Frasso Telesino","countryCode":"IT","countryName":"Italy","stateCode":"72","coords":["41.15682000","14.52783000"]},{"commonName":"Frattamaggiore","countryCode":"IT","countryName":"Italy","stateCode":"72","coords":["40.94140000","14.27588000"]},{"commonName":"Frattaminore","countryCode":"IT","countryName":"Italy","stateCode":"72","coords":["40.95580000","14.27201000"]},{"commonName":"Frigento","countryCode":"IT","countryName":"Italy","stateCode":"72","coords":["41.01103000","15.10026000"]},{"commonName":"Frignano","countryCode":"IT","countryName":"Italy","stateCode":"72","coords":["40.99811000","14.17913000"]},{"commonName":"Fuorigrotta","countryCode":"IT","countryName":"Italy","stateCode":"72","coords":["40.83333000","14.20000000"]},{"commonName":"Fuorni","countryCode":"IT","countryName":"Italy","stateCode":"72","coords":["40.64063000","14.84925000"]},{"commonName":"Furore","countryCode":"IT","countryName":"Italy","stateCode":"72","coords":["40.62061000","14.54904000"]},{"commonName":"Futani","countryCode":"IT","countryName":"Italy","stateCode":"72","coords":["40.15156000","15.32366000"]},{"commonName":"Gallo","countryCode":"IT","countryName":"Italy","stateCode":"72","coords":["41.46499000","14.22519000"]},{"commonName":"Gallo Matese","countryCode":"IT","countryName":"Italy","stateCode":"72","coords":["41.46452000","14.22502000"]},{"commonName":"Galluccio","countryCode":"IT","countryName":"Italy","stateCode":"72","coords":["41.35232000","13.95372000"]},{"commonName":"Gesualdo","countryCode":"IT","countryName":"Italy","stateCode":"72","coords":["41.00554000","15.07262000"]},{"commonName":"Giano Vetusto","countryCode":"IT","countryName":"Italy","stateCode":"72","coords":["41.20272000","14.19342000"]},{"commonName":"Giffoni Valle Piana","countryCode":"IT","countryName":"Italy","stateCode":"72","coords":["40.71811000","14.94235000"]},{"commonName":"Ginestra degli Schiavoni","countryCode":"IT","countryName":"Italy","stateCode":"72","coords":["41.27992000","15.04374000"]},{"commonName":"Gioi","countryCode":"IT","countryName":"Italy","stateCode":"72","coords":["40.28970000","15.21806000"]},{"commonName":"Gioia Sannitica","countryCode":"IT","countryName":"Italy","stateCode":"72","coords":["41.29965000","14.44381000"]},{"commonName":"Giugliano in Campania","countryCode":"IT","countryName":"Italy","stateCode":"72","coords":["40.92849000","14.20197000"]},{"commonName":"Giungano","countryCode":"IT","countryName":"Italy","stateCode":"72","coords":["40.39450000","15.10792000"]},{"commonName":"Gragnano","countryCode":"IT","countryName":"Italy","stateCode":"72","coords":["40.68907000","14.52036000"]},{"commonName":"Grazzanise","countryCode":"IT","countryName":"Italy","stateCode":"72","coords":["41.08970000","14.09878000"]},{"commonName":"Greci","countryCode":"IT","countryName":"Italy","stateCode":"72","coords":["41.25182000","15.16915000"]},{"commonName":"Gricignano di Aversa","countryCode":"IT","countryName":"Italy","stateCode":"72","coords":["40.97973000","14.23087000"]},{"commonName":"Grottaminarda","countryCode":"IT","countryName":"Italy","stateCode":"72","coords":["41.06972000","15.05894000"]},{"commonName":"Grottola","countryCode":"IT","countryName":"Italy","stateCode":"72","coords":["41.31708000","14.04121000"]},{"commonName":"Grottolella","countryCode":"IT","countryName":"Italy","stateCode":"72","coords":["40.97144000","14.78894000"]},{"commonName":"Grumo Nevano","countryCode":"IT","countryName":"Italy","stateCode":"72","coords":["40.93591000","14.25983000"]},{"commonName":"Guardia Lombardi","countryCode":"IT","countryName":"Italy","stateCode":"72","coords":["40.95177000","15.20878000"]},{"commonName":"Guardia Sanframondi","countryCode":"IT","countryName":"Italy","stateCode":"72","coords":["41.25640000","14.59851000"]},{"commonName":"Ischia","countryCode":"IT","countryName":"Italy","stateCode":"72","coords":["40.73793000","13.94862000"]},{"commonName":"Ischia Porto","countryCode":"IT","countryName":"Italy","stateCode":"72","coords":["40.73913000","13.95100000"]},{"commonName":"Ispani","countryCode":"IT","countryName":"Italy","stateCode":"72","coords":["40.08730000","15.55827000"]},{"commonName":"Lacco Ameno","countryCode":"IT","countryName":"Italy","stateCode":"72","coords":["40.74901000","13.88718000"]},{"commonName":"Lacedonia","countryCode":"IT","countryName":"Italy","stateCode":"72","coords":["41.05022000","15.42169000"]},{"commonName":"Lancusi-Penta-Bolano","countryCode":"IT","countryName":"Italy","stateCode":"72","coords":["40.76125000","14.78524000"]},{"commonName":"Lanzara","countryCode":"IT","countryName":"Italy","stateCode":"72","coords":["40.77473000","14.67619000"]},{"commonName":"Lapio","countryCode":"IT","countryName":"Italy","stateCode":"72","coords":["40.98293000","14.94650000"]},{"commonName":"Laura","countryCode":"IT","countryName":"Italy","stateCode":"72","coords":["40.43220000","14.98886000"]},{"commonName":"Laureana Cilento","countryCode":"IT","countryName":"Italy","stateCode":"72","coords":["40.30110000","15.03876000"]},{"commonName":"Laurino","countryCode":"IT","countryName":"Italy","stateCode":"72","coords":["40.33915000","15.33810000"]},{"commonName":"Laurito","countryCode":"IT","countryName":"Italy","stateCode":"72","coords":["40.16915000","15.40741000"]},{"commonName":"Lauro","countryCode":"IT","countryName":"Italy","stateCode":"72","coords":["40.87972000","14.63013000"]},{"commonName":"Laviano","countryCode":"IT","countryName":"Italy","stateCode":"72","coords":["40.78619000","15.30791000"]},{"commonName":"Letino","countryCode":"IT","countryName":"Italy","stateCode":"72","coords":["41.45302000","14.25542000"]},{"commonName":"Lettere","countryCode":"IT","countryName":"Italy","stateCode":"72","coords":["40.70491000","14.54494000"]},{"commonName":"Liberi","countryCode":"IT","countryName":"Italy","stateCode":"72","coords":["41.22648000","14.28985000"]},{"commonName":"Licinella-Torre di Paestum","countryCode":"IT","countryName":"Italy","stateCode":"72","coords":["40.40656000","14.99764000"]},{"commonName":"Licusati","countryCode":"IT","countryName":"Italy","stateCode":"72","coords":["40.05410000","15.36437000"]},{"commonName":"Limatola","countryCode":"IT","countryName":"Italy","stateCode":"72","coords":["41.14012000","14.39437000"]},{"commonName":"Lioni","countryCode":"IT","countryName":"Italy","stateCode":"72","coords":["40.88083000","15.18335000"]},{"commonName":"Liveri","countryCode":"IT","countryName":"Italy","stateCode":"72","coords":["40.90406000","14.56536000"]},{"commonName":"Luogosano","countryCode":"IT","countryName":"Italy","stateCode":"72","coords":["40.98643000","14.99206000"]},{"commonName":"Lusciano","countryCode":"IT","countryName":"Italy","stateCode":"72","coords":["40.97001000","14.19043000"]},{"commonName":"Lustra","countryCode":"IT","countryName":"Italy","stateCode":"72","coords":["40.28830000","15.06826000"]},{"commonName":"Luzzano","countryCode":"IT","countryName":"Italy","stateCode":"72","coords":["41.06818000","14.53611000"]},{"commonName":"Macchia","countryCode":"IT","countryName":"Italy","stateCode":"72","coords":["40.65353000","14.97879000"]},{"commonName":"Maccoli-Perrillo","countryCode":"IT","countryName":"Italy","stateCode":"72","coords":["41.08762000","14.80585000"]},{"commonName":"Macerata Campania","countryCode":"IT","countryName":"Italy","stateCode":"72","coords":["41.06327000","14.27750000"]},{"commonName":"Maddaloni","countryCode":"IT","countryName":"Italy","stateCode":"72","coords":["41.03578000","14.38230000"]},{"commonName":"Magliano Vetere","countryCode":"IT","countryName":"Italy","stateCode":"72","coords":["40.34701000","15.23666000"]},{"commonName":"Maiori","countryCode":"IT","countryName":"Italy","stateCode":"72","coords":["40.64848000","14.64070000"]},{"commonName":"Malche-Santa Croce-Serroni","countryCode":"IT","countryName":"Italy","stateCode":"72","coords":["40.70925000","14.90668000"]},{"commonName":"Manocalzati","countryCode":"IT","countryName":"Italy","stateCode":"72","coords":["40.94151000","14.84767000"]},{"commonName":"Marano di Napoli","countryCode":"IT","countryName":"Italy","stateCode":"72","coords":["40.89710000","14.18824000"]},{"commonName":"Marcianise","countryCode":"IT","countryName":"Italy","stateCode":"72","coords":["41.03064000","14.29868000"]},{"commonName":"Mariglianella","countryCode":"IT","countryName":"Italy","stateCode":"72","coords":["40.92962000","14.43703000"]},{"commonName":"Marigliano","countryCode":"IT","countryName":"Italy","stateCode":"72","coords":["40.92480000","14.45612000"]},{"commonName":"Marina di Camerota","countryCode":"IT","countryName":"Italy","stateCode":"72","coords":["40.00356000","15.36717000"]},{"commonName":"Marina di Casal Velino","countryCode":"IT","countryName":"Italy","stateCode":"72","coords":["40.17665000","15.12218000"]},{"commonName":"Marzanello","countryCode":"IT","countryName":"Italy","stateCode":"72","coords":["41.31447000","14.11611000"]},{"commonName":"Marzano Appio","countryCode":"IT","countryName":"Italy","stateCode":"72","coords":["41.31772000","14.04502000"]},{"commonName":"Marzano di Nola","countryCode":"IT","countryName":"Italy","stateCode":"72","coords":["40.90141000","14.58359000"]},{"commonName":"Massa di Somma","countryCode":"IT","countryName":"Italy","stateCode":"72","coords":["40.84551000","14.37513000"]},{"commonName":"Massa Lubrense","countryCode":"IT","countryName":"Italy","stateCode":"72","coords":["40.60937000","14.37202000"]},{"commonName":"Masseria Vecchia Ovest","countryCode":"IT","countryName":"Italy","stateCode":"72","coords":["40.88966000","14.06573000"]},{"commonName":"Matinella","countryCode":"IT","countryName":"Italy","stateCode":"72","coords":["40.50158000","15.06692000"]},{"commonName":"Melito di Napoli","countryCode":"IT","countryName":"Italy","stateCode":"72","coords":["40.91948000","14.23104000"]},{"commonName":"Melito Irpino","countryCode":"IT","countryName":"Italy","stateCode":"72","coords":["41.10312000","15.05235000"]},{"commonName":"Melizzano","countryCode":"IT","countryName":"Italy","stateCode":"72","coords":["41.16181000","14.50554000"]},{"commonName":"Mercato","countryCode":"IT","countryName":"Italy","stateCode":"72","coords":["40.71612000","14.94010000"]},{"commonName":"Mercato San Severino","countryCode":"IT","countryName":"Italy","stateCode":"72","coords":["40.78468000","14.75369000"]},{"commonName":"Mercogliano","countryCode":"IT","countryName":"Italy","stateCode":"72","coords":["40.92157000","14.74491000"]},{"commonName":"Meta","countryCode":"IT","countryName":"Italy","stateCode":"72","coords":["40.64081000","14.41582000"]},{"commonName":"Miano","countryCode":"IT","countryName":"Italy","stateCode":"72","coords":["40.88816000","14.25339000"]},{"commonName":"Mignano Monte Lungo","countryCode":"IT","countryName":"Italy","stateCode":"72","coords":["41.40592000","13.98552000"]},{"commonName":"Minori","countryCode":"IT","countryName":"Italy","stateCode":"72","coords":["40.65030000","14.62684000"]},{"commonName":"Mirabella Eclano","countryCode":"IT","countryName":"Italy","stateCode":"72","coords":["41.04496000","15.00022000"]},{"commonName":"Moiano","countryCode":"IT","countryName":"Italy","stateCode":"72","coords":["41.07968000","14.54431000"]},{"commonName":"Moio della Civitella-Pellare","countryCode":"IT","countryName":"Italy","stateCode":"72","coords":["40.24710000","15.26886000"]},{"commonName":"Molinara","countryCode":"IT","countryName":"Italy","stateCode":"72","coords":["41.29728000","14.90867000"]},{"commonName":"Mondragone","countryCode":"IT","countryName":"Italy","stateCode":"72","coords":["41.11399000","13.89157000"]},{"commonName":"Montaguto","countryCode":"IT","countryName":"Italy","stateCode":"72","coords":["41.24873000","15.24845000"]},{"commonName":"Montano Antilia","countryCode":"IT","countryName":"Italy","stateCode":"72","coords":["40.16264000","15.36315000"]},{"commonName":"Monte di Procida","countryCode":"IT","countryName":"Italy","stateCode":"72","coords":["40.79809000","14.05023000"]},{"commonName":"Monte San Giacomo","countryCode":"IT","countryName":"Italy","stateCode":"72","coords":["40.34411000","15.54221000"]},{"commonName":"Montecalvario","countryCode":"IT","countryName":"Italy","stateCode":"72","coords":["40.84436000","14.24555000"]},{"commonName":"Montecalvo Irpino","countryCode":"IT","countryName":"Italy","stateCode":"72","coords":["41.19616000","15.03446000"]},{"commonName":"Montecorice","countryCode":"IT","countryName":"Italy","stateCode":"72","coords":["40.23444000","14.98504000"]},{"commonName":"Montecorvino Pugliano","countryCode":"IT","countryName":"Italy","stateCode":"72","coords":["40.67921000","14.94475000"]},{"commonName":"Montecorvino Rovella","countryCode":"IT","countryName":"Italy","stateCode":"72","coords":["40.69180000","14.97862000"]},{"commonName":"Montedecoro","countryCode":"IT","countryName":"Italy","stateCode":"72","coords":["41.02772000","14.41774000"]},{"commonName":"Montefalcione","countryCode":"IT","countryName":"Italy","stateCode":"72","coords":["40.96173000","14.88312000"]},{"commonName":"Montefalcone di Val Fortore","countryCode":"IT","countryName":"Italy","stateCode":"72","coords":["41.32430000","15.00898000"]},{"commonName":"Monteforte Cilento","countryCode":"IT","countryName":"Italy","stateCode":"72","coords":["40.36481000","15.19486000"]},{"commonName":"Monteforte Irpino","countryCode":"IT","countryName":"Italy","stateCode":"72","coords":["40.90246000","14.74400000"]},{"commonName":"Montefredane","countryCode":"IT","countryName":"Italy","stateCode":"72","coords":["40.95978000","14.81374000"]},{"commonName":"Montefusco","countryCode":"IT","countryName":"Italy","stateCode":"72","coords":["41.03691000","14.85498000"]},{"commonName":"Montella","countryCode":"IT","countryName":"Italy","stateCode":"72","coords":["40.84372000","15.01785000"]},{"commonName":"Montemarano","countryCode":"IT","countryName":"Italy","stateCode":"72","coords":["40.91414000","14.99766000"]},{"commonName":"Montemiletto","countryCode":"IT","countryName":"Italy","stateCode":"72","coords":["41.01168000","14.90034000"]},{"commonName":"Monterusciello","countryCode":"IT","countryName":"Italy","stateCode":"72","coords":["40.86874000","14.08276000"]},{"commonName":"Montesano sulla Marcellana","countryCode":"IT","countryName":"Italy","stateCode":"72","coords":["40.27610000","15.70390000"]},{"commonName":"Montesarchio","countryCode":"IT","countryName":"Italy","stateCode":"72","coords":["41.06227000","14.64096000"]},{"commonName":"Monteverde","countryCode":"IT","countryName":"Italy","stateCode":"72","coords":["40.99858000","15.53361000"]},{"commonName":"Monticelli","countryCode":"IT","countryName":"Italy","stateCode":"72","coords":["40.65000000","15.01667000"]},{"commonName":"Montoro Superiore","countryCode":"IT","countryName":"Italy","stateCode":"72","coords":["40.81699000","14.79841000"]},{"commonName":"Morcone","countryCode":"IT","countryName":"Italy","stateCode":"72","coords":["41.34269000","14.66889000"]},{"commonName":"Morigerati","countryCode":"IT","countryName":"Italy","stateCode":"72","coords":["40.14056000","15.55508000"]},{"commonName":"Morra de Sanctis","countryCode":"IT","countryName":"Italy","stateCode":"72","coords":["40.92902000","15.24285000"]},{"commonName":"Moschiano","countryCode":"IT","countryName":"Italy","stateCode":"72","coords":["40.87311000","14.65594000"]},{"commonName":"Mugnano del Cardinale","countryCode":"IT","countryName":"Italy","stateCode":"72","coords":["40.94248000","14.63610000"]},{"commonName":"Mugnano di Napoli","countryCode":"IT","countryName":"Italy","stateCode":"72","coords":["40.90936000","14.20984000"]},{"commonName":"Musci","countryCode":"IT","countryName":"Italy","stateCode":"72","coords":["40.87861000","14.36600000"]},{"commonName":"Naples","countryCode":"IT","countryName":"Italy","stateCode":"72","coords":["40.85216000","14.26811000"]},{"commonName":"Napoli","countryCode":"IT","countryName":"Italy","stateCode":"72","coords":["40.88333000","14.41667000"]},{"commonName":"Nocelleto","countryCode":"IT","countryName":"Italy","stateCode":"72","coords":["41.17067000","14.01565000"]},{"commonName":"Nocera Inferiore","countryCode":"IT","countryName":"Italy","stateCode":"72","coords":["40.74540000","14.64542000"]},{"commonName":"Nocera Superiore","countryCode":"IT","countryName":"Italy","stateCode":"72","coords":["40.74248000","14.67447000"]},{"commonName":"Nola","countryCode":"IT","countryName":"Italy","stateCode":"72","coords":["40.92606000","14.52816000"]},{"commonName":"Novi Velia","countryCode":"IT","countryName":"Italy","stateCode":"72","coords":["40.22262000","15.28600000"]},{"commonName":"Nuova Conza della Campania","countryCode":"IT","countryName":"Italy","stateCode":"72","coords":["40.85860000","15.33645000"]},{"commonName":"Nusco","countryCode":"IT","countryName":"Italy","stateCode":"72","coords":["40.88820000","15.09185000"]},{"commonName":"Ogliastro Cilento","countryCode":"IT","countryName":"Italy","stateCode":"72","coords":["40.35113000","15.04638000"]},{"commonName":"Olevano sul Tusciano","countryCode":"IT","countryName":"Italy","stateCode":"72","coords":["40.65721000","15.02305000"]},{"commonName":"Oliveto Citra","countryCode":"IT","countryName":"Italy","stateCode":"72","coords":["40.69039000","15.23346000"]},{"commonName":"Omignano","countryCode":"IT","countryName":"Italy","stateCode":"72","coords":["40.24932000","15.08406000"]},{"commonName":"Orria","countryCode":"IT","countryName":"Italy","stateCode":"72","coords":["40.29971000","15.17116000"]},{"commonName":"Orta di Atella","countryCode":"IT","countryName":"Italy","stateCode":"72","coords":["40.96441000","14.26854000"]},{"commonName":"Ospedaletto d'Alpinolo","countryCode":"IT","countryName":"Italy","stateCode":"72","coords":["40.93906000","14.74652000"]},{"commonName":"Ottati","countryCode":"IT","countryName":"Italy","stateCode":"72","coords":["40.46291000","15.31526000"]},{"commonName":"Ottaviano","countryCode":"IT","countryName":"Italy","stateCode":"72","coords":["40.85193000","14.47826000"]},{"commonName":"Padula","countryCode":"IT","countryName":"Italy","stateCode":"72","coords":["40.33901000","15.65634000"]},{"commonName":"Paduli","countryCode":"IT","countryName":"Italy","stateCode":"72","coords":["41.16793000","14.88688000"]},{"commonName":"Pagani","countryCode":"IT","countryName":"Italy","stateCode":"72","coords":["40.74199000","14.61448000"]},{"commonName":"Pagliarone","countryCode":"IT","countryName":"Italy","stateCode":"72","coords":["40.63006000","14.91325000"]},{"commonName":"Pago del Vallo di Lauro","countryCode":"IT","countryName":"Italy","stateCode":"72","coords":["40.89721000","14.60764000"]},{"commonName":"Pago Veiano","countryCode":"IT","countryName":"Italy","stateCode":"72","coords":["41.24243000","14.86497000"]},{"commonName":"Palinuro","countryCode":"IT","countryName":"Italy","stateCode":"72","coords":["40.03681000","15.28812000"]},{"commonName":"Palma Campania","countryCode":"IT","countryName":"Italy","stateCode":"72","coords":["40.86608000","14.55170000"]},{"commonName":"Palomonte","countryCode":"IT","countryName":"Italy","stateCode":"72","coords":["40.66251000","15.29186000"]},{"commonName":"Pannarano","countryCode":"IT","countryName":"Italy","stateCode":"72","coords":["41.01082000","14.70293000"]},{"commonName":"Paolisi","countryCode":"IT","countryName":"Italy","stateCode":"72","coords":["41.03731000","14.57918000"]},{"commonName":"Parete","countryCode":"IT","countryName":"Italy","stateCode":"72","coords":["40.95891000","14.16193000"]},{"commonName":"Parolise","countryCode":"IT","countryName":"Italy","stateCode":"72","coords":["40.93045000","14.88172000"]},{"commonName":"Pascarola","countryCode":"IT","countryName":"Italy","stateCode":"72","coords":["40.97643000","14.30500000"]},{"commonName":"Passo di Mirabella-Pianopantano","countryCode":"IT","countryName":"Italy","stateCode":"72","coords":["41.05468000","15.01649000"]},{"commonName":"Pastorano","countryCode":"IT","countryName":"Italy","stateCode":"72","coords":["41.18082000","14.19823000"]},{"commonName":"Paternopoli","countryCode":"IT","countryName":"Italy","stateCode":"72","coords":["40.97268000","15.03242000"]},{"commonName":"Paupisi","countryCode":"IT","countryName":"Italy","stateCode":"72","coords":["41.19662000","14.66457000"]},{"commonName":"Pellezzano","countryCode":"IT","countryName":"Italy","stateCode":"72","coords":["40.72521000","14.75744000"]},{"commonName":"Pendino","countryCode":"IT","countryName":"Italy","stateCode":"72","coords":["40.84708000","14.26321000"]},{"commonName":"Perdifumo","countryCode":"IT","countryName":"Italy","stateCode":"72","coords":["40.26694000","15.01652000"]},{"commonName":"Perito","countryCode":"IT","countryName":"Italy","stateCode":"72","coords":["40.29854000","15.14746000"]},{"commonName":"Pertosa","countryCode":"IT","countryName":"Italy","stateCode":"72","coords":["40.54346000","15.45009000"]},{"commonName":"Pesco Sannita","countryCode":"IT","countryName":"Italy","stateCode":"72","coords":["41.23273000","14.81122000"]},{"commonName":"Petina","countryCode":"IT","countryName":"Italy","stateCode":"72","coords":["40.53211000","15.37346000"]},{"commonName":"Petruro Irpino","countryCode":"IT","countryName":"Italy","stateCode":"72","coords":["41.03192000","14.79754000"]},{"commonName":"Pezzano-Filetta","countryCode":"IT","countryName":"Italy","stateCode":"72","coords":["40.69773000","14.86971000"]},{"commonName":"Piaggine","countryCode":"IT","countryName":"Italy","stateCode":"72","coords":["40.34498000","15.37777000"]},{"commonName":"Piana di Monte Verna","countryCode":"IT","countryName":"Italy","stateCode":"72","coords":["41.16712000","14.33373000"]},{"commonName":"Pianillo","countryCode":"IT","countryName":"Italy","stateCode":"72","coords":["40.63416000","14.54922000"]},{"commonName":"Piano","countryCode":"IT","countryName":"Italy","stateCode":"72","coords":["40.82050000","14.76005000"]},{"commonName":"Piano di Sorrento","countryCode":"IT","countryName":"Italy","stateCode":"72","coords":["40.62806000","14.41729000"]},{"commonName":"Pianura","countryCode":"IT","countryName":"Italy","stateCode":"72","coords":["40.85907000","14.17314000"]},{"commonName":"Piazza del Galdo-Sant'Angelo","countryCode":"IT","countryName":"Italy","stateCode":"72","coords":["40.77390000","14.71696000"]},{"commonName":"Piazza di Pandola","countryCode":"IT","countryName":"Italy","stateCode":"72","coords":["40.80748000","14.77180000"]},{"commonName":"Piazza Roma","countryCode":"IT","countryName":"Italy","stateCode":"72","coords":["40.70434000","14.54300000"]},{"commonName":"Piazza-Tralia-Pendolo","countryCode":"IT","countryName":"Italy","stateCode":"72","coords":["40.67351000","14.50455000"]},{"commonName":"Piazzola","countryCode":"IT","countryName":"Italy","stateCode":"72","coords":["40.87265000","14.50016000"]},{"commonName":"Piazzolla","countryCode":"IT","countryName":"Italy","stateCode":"72","coords":["40.88964000","14.51579000"]},{"commonName":"Piedimonte","countryCode":"IT","countryName":"Italy","stateCode":"72","coords":["41.18886000","13.89856000"]},{"commonName":"Piedimonte Matese","countryCode":"IT","countryName":"Italy","stateCode":"72","coords":["41.35082000","14.36803000"]},{"commonName":"Piegolelle-San Bartolomeo","countryCode":"IT","countryName":"Italy","stateCode":"72","coords":["40.68583000","14.82312000"]},{"commonName":"Pietradefusi","countryCode":"IT","countryName":"Italy","stateCode":"72","coords":["41.04316000","14.88415000"]},{"commonName":"Pietramelara","countryCode":"IT","countryName":"Italy","stateCode":"72","coords":["41.27086000","14.18711000"]},{"commonName":"Pietraroja","countryCode":"IT","countryName":"Italy","stateCode":"72","coords":["41.34782000","14.54963000"]},{"commonName":"Pietrastornina","countryCode":"IT","countryName":"Italy","stateCode":"72","coords":["40.99535000","14.71833000"]},{"commonName":"Pietravairano","countryCode":"IT","countryName":"Italy","stateCode":"72","coords":["41.32522000","14.16592000"]},{"commonName":"Pietre","countryCode":"IT","countryName":"Italy","stateCode":"72","coords":["40.70048000","14.61993000"]},{"commonName":"Pietrelcina","countryCode":"IT","countryName":"Italy","stateCode":"72","coords":["41.19942000","14.84414000"]},{"commonName":"Pignataro Maggiore","countryCode":"IT","countryName":"Italy","stateCode":"72","coords":["41.19006000","14.16978000"]},{"commonName":"Pimonte","countryCode":"IT","countryName":"Italy","stateCode":"72","coords":["40.67361000","14.50984000"]},{"commonName":"Piscinola","countryCode":"IT","countryName":"Italy","stateCode":"72","coords":["40.89299000","14.23394000"]},{"commonName":"Pisciotta","countryCode":"IT","countryName":"Italy","stateCode":"72","coords":["40.10890000","15.23456000"]},{"commonName":"Poggiomarino","countryCode":"IT","countryName":"Italy","stateCode":"72","coords":["40.80114000","14.54066000"]},{"commonName":"Poggioreale","countryCode":"IT","countryName":"Italy","stateCode":"72","coords":["40.86543000","14.28877000"]},{"commonName":"Policastro Bussentino","countryCode":"IT","countryName":"Italy","stateCode":"72","coords":["40.07511000","15.52165000"]},{"commonName":"Polla","countryCode":"IT","countryName":"Italy","stateCode":"72","coords":["40.51433000","15.49715000"]},{"commonName":"Pollena Trocchia","countryCode":"IT","countryName":"Italy","stateCode":"72","coords":["40.85134000","14.37911000"]},{"commonName":"Pollica","countryCode":"IT","countryName":"Italy","stateCode":"72","coords":["40.19070000","15.05716000"]},{"commonName":"Polvica","countryCode":"IT","countryName":"Italy","stateCode":"72","coords":["40.69484000","14.64019000"]},{"commonName":"Pomigliano d'Arco","countryCode":"IT","countryName":"Italy","stateCode":"72","coords":["40.90975000","14.38316000"]},{"commonName":"Pompei","countryCode":"IT","countryName":"Italy","stateCode":"72","coords":["40.74574000","14.49698000"]},{"commonName":"Ponte","countryCode":"IT","countryName":"Italy","stateCode":"72","coords":["41.21554000","14.69826000"]},{"commonName":"Pontecagnano","countryCode":"IT","countryName":"Italy","stateCode":"72","coords":["40.64448000","14.87628000"]},{"commonName":"Pontelandolfo","countryCode":"IT","countryName":"Italy","stateCode":"72","coords":["41.29231000","14.68956000"]},{"commonName":"Pontelatone","countryCode":"IT","countryName":"Italy","stateCode":"72","coords":["41.19460000","14.24814000"]},{"commonName":"Ponticelli","countryCode":"IT","countryName":"Italy","stateCode":"72","coords":["40.85420000","14.33038000"]},{"commonName":"Portici","countryCode":"IT","countryName":"Italy","stateCode":"72","coords":["40.81563000","14.33716000"]},{"commonName":"Portico di Caserta","countryCode":"IT","countryName":"Italy","stateCode":"72","coords":["41.05562000","14.28022000"]},{"commonName":"Porto","countryCode":"IT","countryName":"Italy","stateCode":"72","coords":["40.84395000","14.25724000"]},{"commonName":"Posillipo","countryCode":"IT","countryName":"Italy","stateCode":"72","coords":["40.81279000","14.20001000"]},{"commonName":"Positano","countryCode":"IT","countryName":"Italy","stateCode":"72","coords":["40.62829000","14.48427000"]},{"commonName":"Postiglione","countryCode":"IT","countryName":"Italy","stateCode":"72","coords":["40.55901000","15.23236000"]},{"commonName":"Pozzillo","countryCode":"IT","countryName":"Italy","stateCode":"72","coords":["41.20337000","14.19530000"]},{"commonName":"Pozzuoli","countryCode":"IT","countryName":"Italy","stateCode":"72","coords":["40.84394000","14.09520000"]},{"commonName":"Praiano","countryCode":"IT","countryName":"Italy","stateCode":"72","coords":["40.61213000","14.52461000"]},{"commonName":"Prata di Principato Ultra","countryCode":"IT","countryName":"Italy","stateCode":"72","coords":["40.98626000","14.83803000"]},{"commonName":"Prata Sannita Centro","countryCode":"IT","countryName":"Italy","stateCode":"72","coords":["41.43282000","14.20272000"]},{"commonName":"Pratella","countryCode":"IT","countryName":"Italy","stateCode":"72","coords":["41.40579000","14.17913000"]},{"commonName":"Prato Perillo","countryCode":"IT","countryName":"Italy","stateCode":"72","coords":["40.39690000","15.52503000"]},{"commonName":"Pratola Serra","countryCode":"IT","countryName":"Italy","stateCode":"72","coords":["40.98655000","14.85149000"]},{"commonName":"Pratole","countryCode":"IT","countryName":"Italy","stateCode":"72","coords":["40.62580000","14.92565000"]},{"commonName":"Prepezzano","countryCode":"IT","countryName":"Italy","stateCode":"72","coords":["40.72754000","14.89123000"]},{"commonName":"Presenzano","countryCode":"IT","countryName":"Italy","stateCode":"72","coords":["41.37823000","14.09162000"]},{"commonName":"Prignano Cilento","countryCode":"IT","countryName":"Italy","stateCode":"72","coords":["40.33335000","15.06739000"]},{"commonName":"Procida","countryCode":"IT","countryName":"Italy","stateCode":"72","coords":["40.75636000","14.01457000"]},{"commonName":"Provincia di Avellino","countryCode":"IT","countryName":"Italy","stateCode":"72","coords":["40.98333000","15.15000000"]},{"commonName":"Provincia di Benevento","countryCode":"IT","countryName":"Italy","stateCode":"72","coords":["41.21792000","14.74640000"]},{"commonName":"Provincia di Caserta","countryCode":"IT","countryName":"Italy","stateCode":"72","coords":["41.23333000","14.16667000"]},{"commonName":"Provincia di Salerno","countryCode":"IT","countryName":"Italy","stateCode":"72","coords":["40.45000000","15.26667000"]},{"commonName":"Puglianello","countryCode":"IT","countryName":"Italy","stateCode":"72","coords":["41.22179000","14.45023000"]},{"commonName":"Pugliano","countryCode":"IT","countryName":"Italy","stateCode":"72","coords":["40.67876000","14.94543000"]},{"commonName":"Quadrelle","countryCode":"IT","countryName":"Italy","stateCode":"72","coords":["40.94851000","14.63934000"]},{"commonName":"Quadrivio","countryCode":"IT","countryName":"Italy","stateCode":"72","coords":["40.62494000","15.10353000"]},{"commonName":"Qualiano","countryCode":"IT","countryName":"Italy","stateCode":"72","coords":["40.91899000","14.15352000"]},{"commonName":"Quarto","countryCode":"IT","countryName":"Italy","stateCode":"72","coords":["40.87822000","14.14352000"]},{"commonName":"Quindici","countryCode":"IT","countryName":"Italy","stateCode":"72","coords":["40.86497000","14.64663000"]},{"commonName":"Ravello","countryCode":"IT","countryName":"Italy","stateCode":"72","coords":["40.64932000","14.61167000"]},{"commonName":"Raviscanina","countryCode":"IT","countryName":"Italy","stateCode":"72","coords":["41.37090000","14.24335000"]},{"commonName":"Recale","countryCode":"IT","countryName":"Italy","stateCode":"72","coords":["41.05702000","14.30270000"]},{"commonName":"Reino","countryCode":"IT","countryName":"Italy","stateCode":"72","coords":["41.29219000","14.82347000"]},{"commonName":"Rettifilo-Vannullo","countryCode":"IT","countryName":"Italy","stateCode":"72","coords":["40.45125000","15.02794000"]},{"commonName":"Riardo","countryCode":"IT","countryName":"Italy","stateCode":"72","coords":["41.26197000","14.15045000"]},{"commonName":"Ricigliano","countryCode":"IT","countryName":"Italy","stateCode":"72","coords":["40.66803000","15.47790000"]},{"commonName":"Rocca San Felice","countryCode":"IT","countryName":"Italy","stateCode":"72","coords":["40.95014000","15.16656000"]},{"commonName":"Roccabascerana","countryCode":"IT","countryName":"Italy","stateCode":"72","coords":["41.01842000","14.71684000"]},{"commonName":"Roccadaspide","countryCode":"IT","countryName":"Italy","stateCode":"72","coords":["40.42333000","15.19118000"]},{"commonName":"Roccagloriosa","countryCode":"IT","countryName":"Italy","stateCode":"72","coords":["40.10628000","15.43642000"]},{"commonName":"Roccamonfina","countryCode":"IT","countryName":"Italy","stateCode":"72","coords":["41.28683000","13.97905000"]},{"commonName":"Roccapiemonte","countryCode":"IT","countryName":"Italy","stateCode":"72","coords":["40.76009000","14.69089000"]},{"commonName":"Roccarainola","countryCode":"IT","countryName":"Italy","stateCode":"72","coords":["40.97250000","14.54283000"]},{"commonName":"Roccaromana","countryCode":"IT","countryName":"Italy","stateCode":"72","coords":["41.27360000","14.22190000"]},{"commonName":"Rocchetta","countryCode":"IT","countryName":"Italy","stateCode":"72","coords":["41.23716000","14.15765000"]},{"commonName":"Rofrano","countryCode":"IT","countryName":"Italy","stateCode":"72","coords":["40.21277000","15.42848000"]},{"commonName":"Roscigno","countryCode":"IT","countryName":"Italy","stateCode":"72","coords":["40.39997000","15.34585000"]},{"commonName":"Rotondi","countryCode":"IT","countryName":"Italy","stateCode":"72","coords":["41.03293000","14.59548000"]},{"commonName":"Rutino","countryCode":"IT","countryName":"Italy","stateCode":"72","coords":["40.30072000","15.07328000"]},{"commonName":"Ruviano","countryCode":"IT","countryName":"Italy","stateCode":"72","coords":["41.21063000","14.40983000"]},{"commonName":"Sacco","countryCode":"IT","countryName":"Italy","stateCode":"72","coords":["40.37671000","15.37783000"]},{"commonName":"Sala","countryCode":"IT","countryName":"Italy","stateCode":"72","coords":["40.85536000","14.87343000"]},{"commonName":"Sala Consilina","countryCode":"IT","countryName":"Italy","stateCode":"72","coords":["40.40134000","15.59140000"]},{"commonName":"Salento","countryCode":"IT","countryName":"Italy","stateCode":"72","coords":["40.24913000","15.18938000"]},{"commonName":"Salerno","countryCode":"IT","countryName":"Italy","stateCode":"72","coords":["40.67545000","14.79328000"]},{"commonName":"Salitto-Valle","countryCode":"IT","countryName":"Italy","stateCode":"72","coords":["40.67412000","15.02241000"]},{"commonName":"Salvitelle","countryCode":"IT","countryName":"Italy","stateCode":"72","coords":["40.59064000","15.45760000"]},{"commonName":"Salza Irpina","countryCode":"IT","countryName":"Italy","stateCode":"72","coords":["40.91893000","14.88996000"]},{"commonName":"San Bartolomeo in Galdo","countryCode":"IT","countryName":"Italy","stateCode":"72","coords":["41.41595000","15.01709000"]},{"commonName":"San Carlo All'Arena","countryCode":"IT","countryName":"Italy","stateCode":"72","coords":["40.86511000","14.26291000"]},{"commonName":"San Castrese","countryCode":"IT","countryName":"Italy","stateCode":"72","coords":["41.25862000","13.86541000"]},{"commonName":"San Cipriano d'Aversa","countryCode":"IT","countryName":"Italy","stateCode":"72","coords":["40.99881000","14.13173000"]},{"commonName":"San Cipriano Picentino","countryCode":"IT","countryName":"Italy","stateCode":"72","coords":["40.72008000","14.87195000"]},{"commonName":"San Clemente","countryCode":"IT","countryName":"Italy","stateCode":"72","coords":["41.34027000","13.95597000"]},{"commonName":"San Felice A Cancello","countryCode":"IT","countryName":"Italy","stateCode":"72","coords":["41.01702000","14.48736000"]},{"commonName":"San Ferdinando","countryCode":"IT","countryName":"Italy","stateCode":"72","coords":["40.83342000","14.24751000"]},{"commonName":"San Gennaro Vesuviano","countryCode":"IT","countryName":"Italy","stateCode":"72","coords":["40.86226000","14.52414000"]},{"commonName":"San Giorgio","countryCode":"IT","countryName":"Italy","stateCode":"72","coords":["41.27065000","14.31278000"]},{"commonName":"San Giorgio a Cremano","countryCode":"IT","countryName":"Italy","stateCode":"72","coords":["40.83261000","14.34162000"]},{"commonName":"San Giorgio del Sannio","countryCode":"IT","countryName":"Italy","stateCode":"72","coords":["41.06844000","14.85322000"]},{"commonName":"San Giorgio la Molara","countryCode":"IT","countryName":"Italy","stateCode":"72","coords":["41.27667000","14.93099000"]},{"commonName":"San Giovanni A Piro","countryCode":"IT","countryName":"Italy","stateCode":"72","coords":["40.05150000","15.44620000"]},{"commonName":"San Giovanni a Teduccio","countryCode":"IT","countryName":"Italy","stateCode":"72","coords":["40.83808000","14.30606000"]},{"commonName":"San Giuseppe","countryCode":"IT","countryName":"Italy","stateCode":"72","coords":["40.84507000","14.25170000"]},{"commonName":"San Giuseppe Vesuviano","countryCode":"IT","countryName":"Italy","stateCode":"72","coords":["40.83560000","14.50487000"]},{"commonName":"San Gregorio Magno","countryCode":"IT","countryName":"Italy","stateCode":"72","coords":["40.65992000","15.39914000"]},{"commonName":"San Gregorio Matese","countryCode":"IT","countryName":"Italy","stateCode":"72","coords":["41.38556000","14.37217000"]},{"commonName":"San Leucio del Sannio-Cavuoti","countryCode":"IT","countryName":"Italy","stateCode":"72","coords":["41.07442000","14.75744000"]},{"commonName":"San Lorenzello","countryCode":"IT","countryName":"Italy","stateCode":"72","coords":["41.27602000","14.54173000"]},{"commonName":"San Lorenzo","countryCode":"IT","countryName":"Italy","stateCode":"72","coords":["40.75405000","14.58974000"]},{"commonName":"San Lorenzo Maggiore","countryCode":"IT","countryName":"Italy","stateCode":"72","coords":["41.24885000","14.62438000"]},{"commonName":"San Lupo","countryCode":"IT","countryName":"Italy","stateCode":"72","coords":["41.26148000","14.63528000"]},{"commonName":"San Mango Piemonte","countryCode":"IT","countryName":"Italy","stateCode":"72","coords":["40.70024000","14.83919000"]},{"commonName":"San Mango sul Calore","countryCode":"IT","countryName":"Italy","stateCode":"72","coords":["40.95890000","14.97251000"]},{"commonName":"San Marcellino","countryCode":"IT","countryName":"Italy","stateCode":"72","coords":["40.99001000","14.17583000"]},{"commonName":"San Marco","countryCode":"IT","countryName":"Italy","stateCode":"72","coords":["40.26740000","14.93897000"]},{"commonName":"San Marco dei Cavoti","countryCode":"IT","countryName":"Italy","stateCode":"72","coords":["41.30881000","14.87924000"]},{"commonName":"San Marco Evangelista","countryCode":"IT","countryName":"Italy","stateCode":"72","coords":["41.03702000","14.33979000"]},{"commonName":"San Martino Sannita","countryCode":"IT","countryName":"Italy","stateCode":"72","coords":["41.06546000","14.83492000"]},{"commonName":"San Martino Valle Caudina","countryCode":"IT","countryName":"Italy","stateCode":"72","coords":["41.02764000","14.66446000"]},{"commonName":"San Marzano sul Sarno","countryCode":"IT","countryName":"Italy","stateCode":"72","coords":["40.77801000","14.58006000"]},{"commonName":"San Mauro Cilento","countryCode":"IT","countryName":"Italy","stateCode":"72","coords":["40.22628000","15.04476000"]},{"commonName":"San Mauro la Bruca","countryCode":"IT","countryName":"Italy","stateCode":"72","coords":["40.12246000","15.29109000"]},{"commonName":"San Michele","countryCode":"IT","countryName":"Italy","stateCode":"72","coords":["40.62023000","14.55018000"]},{"commonName":"San Michele di Serino","countryCode":"IT","countryName":"Italy","stateCode":"72","coords":["40.87562000","14.85464000"]},{"commonName":"San Nazzaro","countryCode":"IT","countryName":"Italy","stateCode":"72","coords":["41.05172000","14.85724000"]},{"commonName":"San Nicola Baronia","countryCode":"IT","countryName":"Italy","stateCode":"72","coords":["41.05808000","15.20006000"]},{"commonName":"San Nicola la Strada","countryCode":"IT","countryName":"Italy","stateCode":"72","coords":["41.05237000","14.33334000"]},{"commonName":"San Nicola Manfredi","countryCode":"IT","countryName":"Italy","stateCode":"72","coords":["41.07510000","14.82430000"]},{"commonName":"San Paolo Bel Sito","countryCode":"IT","countryName":"Italy","stateCode":"72","coords":["40.91354000","14.54862000"]},{"commonName":"San Pietro","countryCode":"IT","countryName":"Italy","stateCode":"72","coords":["40.82398000","14.78476000"]},{"commonName":"San Pietro a Patierno","countryCode":"IT","countryName":"Italy","stateCode":"72","coords":["40.88566000","14.29008000"]},{"commonName":"San Pietro al Tanagro","countryCode":"IT","countryName":"Italy","stateCode":"72","coords":["40.45488000","15.48692000"]},{"commonName":"San Pietro Infine","countryCode":"IT","countryName":"Italy","stateCode":"72","coords":["41.44552000","13.96029000"]},{"commonName":"San Potito Sannitico","countryCode":"IT","countryName":"Italy","stateCode":"72","coords":["41.33698000","14.39185000"]},{"commonName":"San Potito Ultra","countryCode":"IT","countryName":"Italy","stateCode":"72","coords":["40.92796000","14.87124000"]},{"commonName":"San Prisco","countryCode":"IT","countryName":"Italy","stateCode":"72","coords":["41.08592000","14.27675000"]},{"commonName":"San Rufo","countryCode":"IT","countryName":"Italy","stateCode":"72","coords":["40.43451000","15.46366000"]},{"commonName":"San Salvatore Telesino","countryCode":"IT","countryName":"Italy","stateCode":"72","coords":["41.23537000","14.49832000"]},{"commonName":"San Sebastiano al Vesuvio","countryCode":"IT","countryName":"Italy","stateCode":"72","coords":["40.84344000","14.36428000"]},{"commonName":"San Sossio Baronia","countryCode":"IT","countryName":"Italy","stateCode":"72","coords":["41.07081000","15.20122000"]},{"commonName":"San Tammaro","countryCode":"IT","countryName":"Italy","stateCode":"72","coords":["41.07588000","14.23105000"]},{"commonName":"San Valentino Torio","countryCode":"IT","countryName":"Italy","stateCode":"72","coords":["40.79109000","14.60333000"]},{"commonName":"San Vitaliano","countryCode":"IT","countryName":"Italy","stateCode":"72","coords":["40.92442000","14.47463000"]},{"commonName":"Sant'Agata de'Goti","countryCode":"IT","countryName":"Italy","stateCode":"72","coords":["41.08932000","14.49743000"]},{"commonName":"Sant'Agata sui Due Golfi","countryCode":"IT","countryName":"Italy","stateCode":"72","coords":["40.60565000","14.37402000"]},{"commonName":"Sant'Agnello","countryCode":"IT","countryName":"Italy","stateCode":"72","coords":["40.62942000","14.39957000"]},{"commonName":"Sant'Anastasia","countryCode":"IT","countryName":"Italy","stateCode":"72","coords":["40.86842000","14.40196000"]},{"commonName":"Sant'Andrea di Conza","countryCode":"IT","countryName":"Italy","stateCode":"72","coords":["40.84482000","15.36965000"]},{"commonName":"Sant'Andrea-Pizzone-Ciamprisco","countryCode":"IT","countryName":"Italy","stateCode":"72","coords":["41.15000000","14.03333000"]},{"commonName":"Sant'Angelo","countryCode":"IT","countryName":"Italy","stateCode":"72","coords":["40.69841000","13.89316000"]},{"commonName":"Sant'Angelo A Cupolo","countryCode":"IT","countryName":"Italy","stateCode":"72","coords":["41.06912000","14.80374000"]},{"commonName":"Sant'Angelo A Fasanella","countryCode":"IT","countryName":"Italy","stateCode":"72","coords":["40.45724000","15.34091000"]},{"commonName":"Sant'Angelo A Scala","countryCode":"IT","countryName":"Italy","stateCode":"72","coords":["40.97465000","14.74041000"]},{"commonName":"Sant'Angelo All'Esca","countryCode":"IT","countryName":"Italy","stateCode":"72","coords":["41.00662000","14.99305000"]},{"commonName":"Sant'Angelo d'Alife","countryCode":"IT","countryName":"Italy","stateCode":"72","coords":["41.36119000","14.26125000"]},{"commonName":"Sant'Angelo dei Lombardi","countryCode":"IT","countryName":"Italy","stateCode":"72","coords":["40.92937000","15.17535000"]},{"commonName":"Sant'Angelo in Formis","countryCode":"IT","countryName":"Italy","stateCode":"72","coords":["41.11667000","14.25000000"]},{"commonName":"Sant'Antimo","countryCode":"IT","countryName":"Italy","stateCode":"72","coords":["40.94223000","14.23476000"]},{"commonName":"Sant'Antonio","countryCode":"IT","countryName":"Italy","stateCode":"72","coords":["40.63626000","14.89845000"]},{"commonName":"Sant'Antonio Abate","countryCode":"IT","countryName":"Italy","stateCode":"72","coords":["40.72152000","14.54021000"]},{"commonName":"Sant'Arcangelo Trimonte","countryCode":"IT","countryName":"Italy","stateCode":"72","coords":["41.16901000","14.93883000"]},{"commonName":"Sant'Arpino","countryCode":"IT","countryName":"Italy","stateCode":"72","coords":["40.95716000","14.25075000"]},{"commonName":"Sant'Arsenio","countryCode":"IT","countryName":"Italy","stateCode":"72","coords":["40.47109000","15.48401000"]},{"commonName":"Sant'Egidio del Monte Albino","countryCode":"IT","countryName":"Italy","stateCode":"72","coords":["40.73871000","14.59454000"]},{"commonName":"Sant'Elena Irpina","countryCode":"IT","countryName":"Italy","stateCode":"72","coords":["41.03741000","14.88931000"]},{"commonName":"Santa Croce del Sannio","countryCode":"IT","countryName":"Italy","stateCode":"72","coords":["41.38793000","14.73229000"]},{"commonName":"Santa Lucia","countryCode":"IT","countryName":"Italy","stateCode":"72","coords":["41.30409000","14.07937000"]},{"commonName":"Santa Lucia di Serino","countryCode":"IT","countryName":"Italy","stateCode":"72","coords":["40.87042000","14.87594000"]},{"commonName":"Santa Maria","countryCode":"IT","countryName":"Italy","stateCode":"72","coords":["40.29782000","14.95214000"]},{"commonName":"Santa Maria A Vico","countryCode":"IT","countryName":"Italy","stateCode":"72","coords":["41.02611000","14.46515000"]},{"commonName":"Santa Maria Capua Vetere","countryCode":"IT","countryName":"Italy","stateCode":"72","coords":["41.08156000","14.25342000"]},{"commonName":"Santa Maria La Carità","countryCode":"IT","countryName":"Italy","stateCode":"72","coords":["40.71611000","14.50984000"]},{"commonName":"Santa Maria la Fossa","countryCode":"IT","countryName":"Italy","stateCode":"72","coords":["41.09171000","14.12822000"]},{"commonName":"Santa Marina","countryCode":"IT","countryName":"Italy","stateCode":"72","coords":["40.10520000","15.54153000"]},{"commonName":"Santa Paolina","countryCode":"IT","countryName":"Italy","stateCode":"72","coords":["41.02202000","14.84630000"]},{"commonName":"Santa Tecla-Castelpagano","countryCode":"IT","countryName":"Italy","stateCode":"72","coords":["40.67353000","14.91806000"]},{"commonName":"Santo Stefano del Sole","countryCode":"IT","countryName":"Italy","stateCode":"72","coords":["40.89414000","14.86674000"]},{"commonName":"Santomenna","countryCode":"IT","countryName":"Italy","stateCode":"72","coords":["40.80685000","15.32639000"]},{"commonName":"Sanza","countryCode":"IT","countryName":"Italy","stateCode":"72","coords":["40.24389000","15.55416000"]},{"commonName":"Sapri","countryCode":"IT","countryName":"Italy","stateCode":"72","coords":["40.07464000","15.63212000"]},{"commonName":"Sarno","countryCode":"IT","countryName":"Italy","stateCode":"72","coords":["40.80748000","14.62151000"]},{"commonName":"Sassano","countryCode":"IT","countryName":"Italy","stateCode":"72","coords":["40.34030000","15.56555000"]},{"commonName":"Sassinoro","countryCode":"IT","countryName":"Italy","stateCode":"72","coords":["41.37472000","14.66453000"]},{"commonName":"Saviano","countryCode":"IT","countryName":"Italy","stateCode":"72","coords":["40.90507000","14.50498000"]},{"commonName":"Savignano Irpino","countryCode":"IT","countryName":"Italy","stateCode":"72","coords":["41.22698000","15.17933000"]},{"commonName":"Scafati","countryCode":"IT","countryName":"Italy","stateCode":"72","coords":["40.76020000","14.53723000"]},{"commonName":"Scala","countryCode":"IT","countryName":"Italy","stateCode":"72","coords":["40.65665000","14.60761000"]},{"commonName":"Scalo Romagnano al Monte","countryCode":"IT","countryName":"Italy","stateCode":"72","coords":["40.61031000","15.44768000"]},{"commonName":"Scampia","countryCode":"IT","countryName":"Italy","stateCode":"72","coords":["40.90347000","14.23736000"]},{"commonName":"Scampitella","countryCode":"IT","countryName":"Italy","stateCode":"72","coords":["41.09252000","15.29995000"]},{"commonName":"Scario","countryCode":"IT","countryName":"Italy","stateCode":"72","coords":["40.06207000","15.47421000"]},{"commonName":"Scisciano","countryCode":"IT","countryName":"Italy","stateCode":"72","coords":["40.90663000","14.47451000"]},{"commonName":"Secondigliano","countryCode":"IT","countryName":"Italy","stateCode":"72","coords":["40.90000000","14.26667000"]},{"commonName":"Senerchia","countryCode":"IT","countryName":"Italy","stateCode":"72","coords":["40.74133000","15.20502000"]},{"commonName":"Serino","countryCode":"IT","countryName":"Italy","stateCode":"72","coords":["40.85481000","14.87224000"]},{"commonName":"Serramezzana","countryCode":"IT","countryName":"Italy","stateCode":"72","coords":["40.24460000","15.03246000"]},{"commonName":"Serrara Fontana","countryCode":"IT","countryName":"Italy","stateCode":"72","coords":["40.71475000","13.89593000"]},{"commonName":"Serre","countryCode":"IT","countryName":"Italy","stateCode":"72","coords":["40.58251000","15.18555000"]},{"commonName":"Sessa Aurunca","countryCode":"IT","countryName":"Italy","stateCode":"72","coords":["41.23987000","13.92966000"]},{"commonName":"Sessa Cilento","countryCode":"IT","countryName":"Italy","stateCode":"72","coords":["40.25920000","15.07576000"]},{"commonName":"Siano","countryCode":"IT","countryName":"Italy","stateCode":"72","coords":["40.80207000","14.69334000"]},{"commonName":"Sicignano degli Alburni","countryCode":"IT","countryName":"Italy","stateCode":"72","coords":["40.55882000","15.30560000"]},{"commonName":"Sirignano","countryCode":"IT","countryName":"Italy","stateCode":"72","coords":["40.94969000","14.62935000"]},{"commonName":"Soccavo","countryCode":"IT","countryName":"Italy","stateCode":"72","coords":["40.84550000","14.19262000"]},{"commonName":"Solofra","countryCode":"IT","countryName":"Italy","stateCode":"72","coords":["40.83343000","14.83705000"]},{"commonName":"Solopaca","countryCode":"IT","countryName":"Italy","stateCode":"72","coords":["41.19535000","14.54767000"]},{"commonName":"Somma Vesuviana","countryCode":"IT","countryName":"Italy","stateCode":"72","coords":["40.87329000","14.43865000"]},{"commonName":"Sorbo Serpico","countryCode":"IT","countryName":"Italy","stateCode":"72","coords":["40.91685000","14.88709000"]},{"commonName":"Sorrento","countryCode":"IT","countryName":"Italy","stateCode":"72","coords":["40.62678000","14.37771000"]},{"commonName":"Sparanise","countryCode":"IT","countryName":"Italy","stateCode":"72","coords":["41.18788000","14.09628000"]},{"commonName":"Spartimento","countryCode":"IT","countryName":"Italy","stateCode":"72","coords":["40.89105000","14.47236000"]},{"commonName":"Sperone","countryCode":"IT","countryName":"Italy","stateCode":"72","coords":["40.95251000","14.60524000"]},{"commonName":"Starza Vecchia","countryCode":"IT","countryName":"Italy","stateCode":"72","coords":["40.89035000","14.40138000"]},{"commonName":"Stella","countryCode":"IT","countryName":"Italy","stateCode":"72","coords":["40.86027000","14.25223000"]},{"commonName":"Stella Cilento","countryCode":"IT","countryName":"Italy","stateCode":"72","coords":["40.23180000","15.09286000"]},{"commonName":"Stio","countryCode":"IT","countryName":"Italy","stateCode":"72","coords":["40.31020000","15.25153000"]},{"commonName":"Striano","countryCode":"IT","countryName":"Italy","stateCode":"72","coords":["40.81543000","14.57534000"]},{"commonName":"Sturno","countryCode":"IT","countryName":"Italy","stateCode":"72","coords":["41.02217000","15.11248000"]},{"commonName":"Succivo","countryCode":"IT","countryName":"Italy","stateCode":"72","coords":["40.96801000","14.25563000"]},{"commonName":"Summonte","countryCode":"IT","countryName":"Italy","stateCode":"72","coords":["40.94874000","14.74458000"]},{"commonName":"Taurano","countryCode":"IT","countryName":"Italy","stateCode":"72","coords":["40.88444000","14.63427000"]},{"commonName":"Taurasi","countryCode":"IT","countryName":"Italy","stateCode":"72","coords":["41.01080000","14.95980000"]},{"commonName":"Teano","countryCode":"IT","countryName":"Italy","stateCode":"72","coords":["41.25132000","14.06652000"]},{"commonName":"Teggiano-Macchiaroli","countryCode":"IT","countryName":"Italy","stateCode":"72","coords":["40.37921000","15.54046000"]},{"commonName":"Telese","countryCode":"IT","countryName":"Italy","stateCode":"72","coords":["41.21752000","14.52681000"]},{"commonName":"Teora","countryCode":"IT","countryName":"Italy","stateCode":"72","coords":["40.85282000","15.25335000"]},{"commonName":"Terzigno","countryCode":"IT","countryName":"Italy","stateCode":"72","coords":["40.80400000","14.49309000"]},{"commonName":"Teverola","countryCode":"IT","countryName":"Italy","stateCode":"72","coords":["40.99561000","14.20763000"]},{"commonName":"Tocco Caudio","countryCode":"IT","countryName":"Italy","stateCode":"72","coords":["41.12587000","14.63422000"]},{"commonName":"Tora","countryCode":"IT","countryName":"Italy","stateCode":"72","coords":["41.33987000","14.02399000"]},{"commonName":"Torchiara","countryCode":"IT","countryName":"Italy","stateCode":"72","coords":["40.32162000","15.05370000"]},{"commonName":"Torchiati","countryCode":"IT","countryName":"Italy","stateCode":"72","coords":["40.81837000","14.80165000"]},{"commonName":"Torella dei Lombardi","countryCode":"IT","countryName":"Italy","stateCode":"72","coords":["40.93731000","15.10784000"]},{"commonName":"Torelli-Torrette","countryCode":"IT","countryName":"Italy","stateCode":"72","coords":["40.90777000","14.75184000"]},{"commonName":"Torraca","countryCode":"IT","countryName":"Italy","stateCode":"72","coords":["40.11099000","15.63632000"]},{"commonName":"Torre Annunziata","countryCode":"IT","countryName":"Italy","stateCode":"72","coords":["40.75337000","14.45251000"]},{"commonName":"Torre Caracciolo","countryCode":"IT","countryName":"Italy","stateCode":"72","coords":["40.87551000","14.17859000"]},{"commonName":"Torre del Greco","countryCode":"IT","countryName":"Italy","stateCode":"72","coords":["40.78931000","14.36806000"]},{"commonName":"Torre le Nocelle","countryCode":"IT","countryName":"Italy","stateCode":"72","coords":["41.02312000","14.90934000"]},{"commonName":"Torre Orsaia","countryCode":"IT","countryName":"Italy","stateCode":"72","coords":["40.13277000","15.47250000"]},{"commonName":"Torrecuso","countryCode":"IT","countryName":"Italy","stateCode":"72","coords":["41.18582000","14.68126000"]},{"commonName":"Torretta-Scalzapecora","countryCode":"IT","countryName":"Italy","stateCode":"72","coords":["40.91015000","14.13456000"]},{"commonName":"Torrioni","countryCode":"IT","countryName":"Italy","stateCode":"72","coords":["41.03410000","14.81351000"]},{"commonName":"Tortorella","countryCode":"IT","countryName":"Italy","stateCode":"72","coords":["40.14236000","15.60625000"]},{"commonName":"Tramonti","countryCode":"IT","countryName":"Italy","stateCode":"72","coords":["40.69154000","14.64490000"]},{"commonName":"Trecase","countryCode":"IT","countryName":"Italy","stateCode":"72","coords":["40.76941000","14.43773000"]},{"commonName":"Trentinara","countryCode":"IT","countryName":"Italy","stateCode":"72","coords":["40.39998000","15.11545000"]},{"commonName":"Trentola-Ducenta","countryCode":"IT","countryName":"Italy","stateCode":"72","coords":["40.97517000","14.17490000"]},{"commonName":"Trescine","countryCode":"IT","countryName":"Italy","stateCode":"72","coords":["41.02256000","14.62039000"]},{"commonName":"Trevico","countryCode":"IT","countryName":"Italy","stateCode":"72","coords":["41.04808000","15.23292000"]},{"commonName":"Tufino","countryCode":"IT","countryName":"Italy","stateCode":"72","coords":["40.95586000","14.56568000"]},{"commonName":"Tufo","countryCode":"IT","countryName":"Italy","stateCode":"72","coords":["41.01262000","14.81784000"]},{"commonName":"Vairano-Patenora","countryCode":"IT","countryName":"Italy","stateCode":"72","coords":["41.33702000","14.13112000"]},{"commonName":"Vallata","countryCode":"IT","countryName":"Italy","stateCode":"72","coords":["41.04019000","15.25383000"]},{"commonName":"Valle Agricola","countryCode":"IT","countryName":"Italy","stateCode":"72","coords":["41.42477000","14.25584000"]},{"commonName":"Valle dell'Angelo","countryCode":"IT","countryName":"Italy","stateCode":"72","coords":["40.34381000","15.36846000"]},{"commonName":"Valle di Maddaloni","countryCode":"IT","countryName":"Italy","stateCode":"72","coords":["41.07946000","14.41788000"]},{"commonName":"Vallesaccarda","countryCode":"IT","countryName":"Italy","stateCode":"72","coords":["41.06312000","15.25205000"]},{"commonName":"Vallo della Lucania","countryCode":"IT","countryName":"Italy","stateCode":"72","coords":["40.22786000","15.26635000"]},{"commonName":"Valva","countryCode":"IT","countryName":"Italy","stateCode":"72","coords":["40.73871000","15.26805000"]},{"commonName":"Venticano","countryCode":"IT","countryName":"Italy","stateCode":"72","coords":["41.04722000","14.91194000"]},{"commonName":"Vibonati","countryCode":"IT","countryName":"Italy","stateCode":"72","coords":["40.09921000","15.58357000"]},{"commonName":"Vicaria","countryCode":"IT","countryName":"Italy","stateCode":"72","coords":["40.86151000","14.27328000"]},{"commonName":"Vico Equense","countryCode":"IT","countryName":"Italy","stateCode":"72","coords":["40.65977000","14.43386000"]},{"commonName":"Vietri sul Mare","countryCode":"IT","countryName":"Italy","stateCode":"72","coords":["40.67020000","14.72661000"]},{"commonName":"Villa di Briano","countryCode":"IT","countryName":"Italy","stateCode":"72","coords":["41.00001000","14.16073000"]},{"commonName":"Villa Literno","countryCode":"IT","countryName":"Italy","stateCode":"72","coords":["41.00942000","14.07612000"]},{"commonName":"Villamaina","countryCode":"IT","countryName":"Italy","stateCode":"72","coords":["40.97144000","15.08855000"]},{"commonName":"Villammare","countryCode":"IT","countryName":"Italy","stateCode":"72","coords":["40.07747000","15.59401000"]},{"commonName":"Villanova del Battista","countryCode":"IT","countryName":"Italy","stateCode":"72","coords":["41.11897000","15.15839000"]},{"commonName":"Villaricca","countryCode":"IT","countryName":"Italy","stateCode":"72","coords":["40.92006000","14.19339000"]},{"commonName":"Visciano","countryCode":"IT","countryName":"Italy","stateCode":"72","coords":["40.92380000","14.58237000"]},{"commonName":"Vitulano","countryCode":"IT","countryName":"Italy","stateCode":"72","coords":["41.17419000","14.64821000"]},{"commonName":"Vitulazio","countryCode":"IT","countryName":"Italy","stateCode":"72","coords":["41.16302000","14.21341000"]},{"commonName":"Volla","countryCode":"IT","countryName":"Italy","stateCode":"72","coords":["40.87363000","14.34085000"]},{"commonName":"Volturara Irpina","countryCode":"IT","countryName":"Italy","stateCode":"72","coords":["40.88293000","14.91801000"]},{"commonName":"Vomero","countryCode":"IT","countryName":"Italy","stateCode":"72","coords":["40.84282000","14.23075000"]},{"commonName":"Zona Industriale","countryCode":"IT","countryName":"Italy","stateCode":"72","coords":["40.84788000","14.28355000"]},{"commonName":"Zungoli","countryCode":"IT","countryName":"Italy","stateCode":"72","coords":["41.12766000","15.20255000"]},{"commonName":"Zuni","countryCode":"IT","countryName":"Italy","stateCode":"72","coords":["41.21722000","14.13082000"]}]