[{"commonName":"Acconia","countryCode":"IT","countryName":"Italy","stateCode":"78","coords":["38.83585000","16.26530000"]},{"commonName":"Acquaformosa","countryCode":"IT","countryName":"Italy","stateCode":"78","coords":["39.72278000","16.09096000"]},{"commonName":"Acquappesa","countryCode":"IT","countryName":"Italy","stateCode":"78","coords":["39.49573000","15.95419000"]},{"commonName":"Acquaro","countryCode":"IT","countryName":"Italy","stateCode":"78","coords":["38.55729000","16.18781000"]},{"commonName":"Acri","countryCode":"IT","countryName":"Italy","stateCode":"78","coords":["39.49624000","16.38635000"]},{"commonName":"Africo Nuovo","countryCode":"IT","countryName":"Italy","stateCode":"78","coords":["38.05067000","16.13320000"]},{"commonName":"Africo Vecchio","countryCode":"IT","countryName":"Italy","stateCode":"78","coords":["38.06667000","15.98333000"]},{"commonName":"Agnana Calabra","countryCode":"IT","countryName":"Italy","stateCode":"78","coords":["38.30206000","16.22718000"]},{"commonName":"Aiello Calabro","countryCode":"IT","countryName":"Italy","stateCode":"78","coords":["39.11785000","16.16539000"]},{"commonName":"Aieta","countryCode":"IT","countryName":"Italy","stateCode":"78","coords":["39.92780000","15.82348000"]},{"commonName":"Albi","countryCode":"IT","countryName":"Italy","stateCode":"78","coords":["39.02456000","16.59721000"]},{"commonName":"Albidona","countryCode":"IT","countryName":"Italy","stateCode":"78","coords":["39.92332000","16.47237000"]},{"commonName":"Alessandria del Carretto","countryCode":"IT","countryName":"Italy","stateCode":"78","coords":["39.95874000","16.37963000"]},{"commonName":"Altilia","countryCode":"IT","countryName":"Italy","stateCode":"78","coords":["39.13049000","16.25269000"]},{"commonName":"Altomonte","countryCode":"IT","countryName":"Italy","stateCode":"78","coords":["39.69900000","16.12999000"]},{"commonName":"Amantea","countryCode":"IT","countryName":"Italy","stateCode":"78","coords":["39.12658000","16.07512000"]},{"commonName":"Amaroni","countryCode":"IT","countryName":"Italy","stateCode":"78","coords":["38.79424000","16.44809000"]},{"commonName":"Amato","countryCode":"IT","countryName":"Italy","stateCode":"78","coords":["38.38333000","16.13333000"]},{"commonName":"Amendolara","countryCode":"IT","countryName":"Italy","stateCode":"78","coords":["39.95162000","16.58293000"]},{"commonName":"Amica","countryCode":"IT","countryName":"Italy","stateCode":"78","coords":["39.60085000","16.66694000"]},{"commonName":"Andali","countryCode":"IT","countryName":"Italy","stateCode":"78","coords":["39.01281000","16.76926000"]},{"commonName":"Andreotta","countryCode":"IT","countryName":"Italy","stateCode":"78","coords":["39.30750000","16.21770000"]},{"commonName":"Anoia Inferiore","countryCode":"IT","countryName":"Italy","stateCode":"78","coords":["38.43618000","16.07940000"]},{"commonName":"Anoia Superiore","countryCode":"IT","countryName":"Italy","stateCode":"78","coords":["38.43144000","16.09740000"]},{"commonName":"Antonimina","countryCode":"IT","countryName":"Italy","stateCode":"78","coords":["38.27298000","16.14824000"]},{"commonName":"Aprigliano","countryCode":"IT","countryName":"Italy","stateCode":"78","coords":["39.24228000","16.34046000"]},{"commonName":"Arcavacata","countryCode":"IT","countryName":"Italy","stateCode":"78","coords":["39.35846000","16.20844000"]},{"commonName":"Ardore","countryCode":"IT","countryName":"Italy","stateCode":"78","coords":["38.19173000","16.16734000"]},{"commonName":"Ardore Marina","countryCode":"IT","countryName":"Italy","stateCode":"78","coords":["38.16667000","16.20000000"]},{"commonName":"Arena","countryCode":"IT","countryName":"Italy","stateCode":"78","coords":["38.56235000","16.21060000"]},{"commonName":"Argusto","countryCode":"IT","countryName":"Italy","stateCode":"78","coords":["38.68051000","16.43627000"]},{"commonName":"Badolato","countryCode":"IT","countryName":"Italy","stateCode":"78","coords":["38.56868000","16.52461000"]},{"commonName":"Badolato Marina","countryCode":"IT","countryName":"Italy","stateCode":"78","coords":["38.57613000","16.56527000"]},{"commonName":"Bagaladi","countryCode":"IT","countryName":"Italy","stateCode":"78","coords":["38.02560000","15.82152000"]},{"commonName":"Bagnara Calabra","countryCode":"IT","countryName":"Italy","stateCode":"78","coords":["38.28778000","15.80591000"]},{"commonName":"Barone","countryCode":"IT","countryName":"Italy","stateCode":"78","coords":["38.85225000","16.63927000"]},{"commonName":"Belcastro","countryCode":"IT","countryName":"Italy","stateCode":"78","coords":["39.01799000","16.78641000"]},{"commonName":"Belmonte Calabro","countryCode":"IT","countryName":"Italy","stateCode":"78","coords":["39.16398000","16.08215000"]},{"commonName":"Belsito","countryCode":"IT","countryName":"Italy","stateCode":"78","coords":["39.17685000","16.28745000"]},{"commonName":"Belvedere Marittimo","countryCode":"IT","countryName":"Italy","stateCode":"78","coords":["39.61930000","15.86220000"]},{"commonName":"Belvedere Spinello","countryCode":"IT","countryName":"Italy","stateCode":"78","coords":["39.20674000","16.89233000"]},{"commonName":"Benestare","countryCode":"IT","countryName":"Italy","stateCode":"78","coords":["38.18487000","16.13900000"]},{"commonName":"Bianchi","countryCode":"IT","countryName":"Italy","stateCode":"78","coords":["39.10058000","16.41018000"]},{"commonName":"Bianco","countryCode":"IT","countryName":"Italy","stateCode":"78","coords":["38.09170000","16.15159000"]},{"commonName":"Bisignano","countryCode":"IT","countryName":"Italy","stateCode":"78","coords":["39.50727000","16.28106000"]},{"commonName":"Bivongi","countryCode":"IT","countryName":"Italy","stateCode":"78","coords":["38.48328000","16.45251000"]},{"commonName":"Bocchigliero","countryCode":"IT","countryName":"Italy","stateCode":"78","coords":["39.41930000","16.75057000"]},{"commonName":"Bonifati","countryCode":"IT","countryName":"Italy","stateCode":"78","coords":["39.58595000","15.90163000"]},{"commonName":"Borgata Marina","countryCode":"IT","countryName":"Italy","stateCode":"78","coords":["39.97136000","16.62091000"]},{"commonName":"Borgia","countryCode":"IT","countryName":"Italy","stateCode":"78","coords":["38.82627000","16.50770000"]},{"commonName":"Botricello","countryCode":"IT","countryName":"Italy","stateCode":"78","coords":["38.92997000","16.85801000"]},{"commonName":"Bova","countryCode":"IT","countryName":"Italy","stateCode":"78","coords":["37.99507000","15.93190000"]},{"commonName":"Bova Marina","countryCode":"IT","countryName":"Italy","stateCode":"78","coords":["37.93503000","15.91736000"]},{"commonName":"Bovalino","countryCode":"IT","countryName":"Italy","stateCode":"78","coords":["38.15376000","16.17232000"]},{"commonName":"Bovalino Superiore","countryCode":"IT","countryName":"Italy","stateCode":"78","coords":["38.16905000","16.15849000"]},{"commonName":"Brancaleone","countryCode":"IT","countryName":"Italy","stateCode":"78","coords":["37.96297000","16.10040000"]},{"commonName":"Brancaleone-Marina","countryCode":"IT","countryName":"Italy","stateCode":"78","coords":["37.96667000","16.10000000"]},{"commonName":"Briatico","countryCode":"IT","countryName":"Italy","stateCode":"78","coords":["38.72254000","16.02737000"]},{"commonName":"Brognaturo","countryCode":"IT","countryName":"Italy","stateCode":"78","coords":["38.60128000","16.34140000"]},{"commonName":"Bruzzano Zeffirio","countryCode":"IT","countryName":"Italy","stateCode":"78","coords":["38.01327000","16.08260000"]},{"commonName":"Buonvicino","countryCode":"IT","countryName":"Italy","stateCode":"78","coords":["39.68877000","15.88400000"]},{"commonName":"Caccuri","countryCode":"IT","countryName":"Italy","stateCode":"78","coords":["39.22562000","16.77767000"]},{"commonName":"Calanna","countryCode":"IT","countryName":"Italy","stateCode":"78","coords":["38.18457000","15.72293000"]},{"commonName":"Caloppezzati","countryCode":"IT","countryName":"Italy","stateCode":"78","coords":["39.56120000","16.80180000"]},{"commonName":"Caloveto","countryCode":"IT","countryName":"Italy","stateCode":"78","coords":["39.50656000","16.76065000"]},{"commonName":"Calvisi","countryCode":"IT","countryName":"Italy","stateCode":"78","coords":["39.12739000","16.30590000"]},{"commonName":"Camini","countryCode":"IT","countryName":"Italy","stateCode":"78","coords":["38.43179000","16.48321000"]},{"commonName":"Campana","countryCode":"IT","countryName":"Italy","stateCode":"78","coords":["39.41360000","16.82220000"]},{"commonName":"Campo Calabro","countryCode":"IT","countryName":"Italy","stateCode":"78","coords":["38.21607000","15.65919000"]},{"commonName":"Campora San Giovanni","countryCode":"IT","countryName":"Italy","stateCode":"78","coords":["39.06798000","16.09566000"]},{"commonName":"Candidoni","countryCode":"IT","countryName":"Italy","stateCode":"78","coords":["38.50548000","16.08630000"]},{"commonName":"Canna","countryCode":"IT","countryName":"Italy","stateCode":"78","coords":["40.09484000","16.50378000"]},{"commonName":"Canolo","countryCode":"IT","countryName":"Italy","stateCode":"78","coords":["38.31497000","16.19990000"]},{"commonName":"Cantinella","countryCode":"IT","countryName":"Italy","stateCode":"78","coords":["39.66458000","16.44912000"]},{"commonName":"Capistrano","countryCode":"IT","countryName":"Italy","stateCode":"78","coords":["38.69131000","16.28935000"]},{"commonName":"Capo Rizzuto","countryCode":"IT","countryName":"Italy","stateCode":"78","coords":["38.90412000","17.09872000"]},{"commonName":"Caraffa del Bianco","countryCode":"IT","countryName":"Italy","stateCode":"78","coords":["38.09259000","16.08766000"]},{"commonName":"Caraffa di Catanzaro","countryCode":"IT","countryName":"Italy","stateCode":"78","coords":["38.88194000","16.48675000"]},{"commonName":"Cardeto","countryCode":"IT","countryName":"Italy","stateCode":"78","coords":["38.08440000","15.76577000"]},{"commonName":"Cardinale","countryCode":"IT","countryName":"Italy","stateCode":"78","coords":["38.65379000","16.38715000"]},{"commonName":"Careri","countryCode":"IT","countryName":"Italy","stateCode":"78","coords":["38.17741000","16.11614000"]},{"commonName":"Carfizzi","countryCode":"IT","countryName":"Italy","stateCode":"78","coords":["39.30771000","16.97447000"]},{"commonName":"Cariati","countryCode":"IT","countryName":"Italy","stateCode":"78","coords":["39.49627000","16.95495000"]},{"commonName":"Carlopoli","countryCode":"IT","countryName":"Italy","stateCode":"78","coords":["39.05406000","16.45455000"]},{"commonName":"Carolei","countryCode":"IT","countryName":"Italy","stateCode":"78","coords":["39.25472000","16.21979000"]},{"commonName":"Carpanzano","countryCode":"IT","countryName":"Italy","stateCode":"78","coords":["39.14817000","16.30451000"]},{"commonName":"Casabona","countryCode":"IT","countryName":"Italy","stateCode":"78","coords":["39.24951000","16.95446000"]},{"commonName":"Casignana","countryCode":"IT","countryName":"Italy","stateCode":"78","coords":["38.10187000","16.08990000"]},{"commonName":"Casole Bruzio","countryCode":"IT","countryName":"Italy","stateCode":"78","coords":["39.28384000","16.33193000"]},{"commonName":"Cassano Allo Ionio","countryCode":"IT","countryName":"Italy","stateCode":"78","coords":["39.78142000","16.32738000"]},{"commonName":"Castelsilano","countryCode":"IT","countryName":"Italy","stateCode":"78","coords":["39.26910000","16.76741000"]},{"commonName":"Castiglione Cosentino","countryCode":"IT","countryName":"Italy","stateCode":"78","coords":["39.35271000","16.28821000"]},{"commonName":"Castrolibero","countryCode":"IT","countryName":"Italy","stateCode":"78","coords":["39.31002000","16.19453000"]},{"commonName":"Castroregio","countryCode":"IT","countryName":"Italy","stateCode":"78","coords":["39.99220000","16.47846000"]},{"commonName":"Castrovillari","countryCode":"IT","countryName":"Italy","stateCode":"78","coords":["39.81632000","16.20183000"]},{"commonName":"Catanzaro","countryCode":"IT","countryName":"Italy","stateCode":"78","coords":["38.88247000","16.60086000"]},{"commonName":"Caulonia","countryCode":"IT","countryName":"Italy","stateCode":"78","coords":["38.38171000","16.40951000"]},{"commonName":"Caulonia Marina","countryCode":"IT","countryName":"Italy","stateCode":"78","coords":["38.34679000","16.46353000"]},{"commonName":"Cava-Cuculera Nobile","countryCode":"IT","countryName":"Italy","stateCode":"78","coords":["38.89383000","16.62226000"]},{"commonName":"Cavoni-Ginestreto","countryCode":"IT","countryName":"Italy","stateCode":"78","coords":["39.45212000","16.26267000"]},{"commonName":"Celico","countryCode":"IT","countryName":"Italy","stateCode":"78","coords":["39.31009000","16.33989000"]},{"commonName":"Cellara","countryCode":"IT","countryName":"Italy","stateCode":"78","coords":["39.21849000","16.33480000"]},{"commonName":"Cenadi","countryCode":"IT","countryName":"Italy","stateCode":"78","coords":["38.71934000","16.41582000"]},{"commonName":"Centrache","countryCode":"IT","countryName":"Italy","stateCode":"78","coords":["38.72872000","16.43101000"]},{"commonName":"Ceramida-Pellegrina","countryCode":"IT","countryName":"Italy","stateCode":"78","coords":["38.29667000","15.82572000"]},{"commonName":"Cerchiara di Calabria","countryCode":"IT","countryName":"Italy","stateCode":"78","coords":["39.85978000","16.38368000"]},{"commonName":"Cerenzia","countryCode":"IT","countryName":"Italy","stateCode":"78","coords":["39.24554000","16.78758000"]},{"commonName":"Cerisano","countryCode":"IT","countryName":"Italy","stateCode":"78","coords":["39.27715000","16.17654000"]},{"commonName":"Cerva","countryCode":"IT","countryName":"Italy","stateCode":"78","coords":["39.02397000","16.74538000"]},{"commonName":"Cervicati","countryCode":"IT","countryName":"Italy","stateCode":"78","coords":["39.54237000","16.12682000"]},{"commonName":"Cerzeto","countryCode":"IT","countryName":"Italy","stateCode":"78","coords":["39.50789000","16.11603000"]},{"commonName":"Cessaniti","countryCode":"IT","countryName":"Italy","stateCode":"78","coords":["38.66395000","16.02959000"]},{"commonName":"Cetraro","countryCode":"IT","countryName":"Italy","stateCode":"78","coords":["39.51660000","15.94158000"]},{"commonName":"Cetraro Marina","countryCode":"IT","countryName":"Italy","stateCode":"78","coords":["39.51701000","15.93460000"]},{"commonName":"Chiaravalle Centrale","countryCode":"IT","countryName":"Italy","stateCode":"78","coords":["38.67936000","16.40864000"]},{"commonName":"Cicala","countryCode":"IT","countryName":"Italy","stateCode":"78","coords":["39.02219000","16.48610000"]},{"commonName":"Ciminà","countryCode":"IT","countryName":"Italy","stateCode":"78","coords":["38.24618000","16.14023000"]},{"commonName":"Cinque Frondi","countryCode":"IT","countryName":"Italy","stateCode":"78","coords":["38.41618000","16.08420000"]},{"commonName":"Cirò","countryCode":"IT","countryName":"Italy","stateCode":"78","coords":["39.38297000","17.06377000"]},{"commonName":"Cirò Marina","countryCode":"IT","countryName":"Italy","stateCode":"78","coords":["39.36876000","17.12477000"]},{"commonName":"Cittadella del Capo","countryCode":"IT","countryName":"Italy","stateCode":"78","coords":["39.55932000","15.87602000"]},{"commonName":"Cittanova","countryCode":"IT","countryName":"Italy","stateCode":"78","coords":["38.35431000","16.07898000"]},{"commonName":"Civita","countryCode":"IT","countryName":"Italy","stateCode":"78","coords":["39.82804000","16.31337000"]},{"commonName":"Cleto","countryCode":"IT","countryName":"Italy","stateCode":"78","coords":["39.09019000","16.15839000"]},{"commonName":"Colosimi","countryCode":"IT","countryName":"Italy","stateCode":"78","coords":["39.11911000","16.39909000"]},{"commonName":"Condofuri","countryCode":"IT","countryName":"Italy","stateCode":"78","coords":["38.00447000","15.85770000"]},{"commonName":"Conflenti","countryCode":"IT","countryName":"Italy","stateCode":"78","coords":["39.07169000","16.28450000"]},{"commonName":"Corigliano Calabro","countryCode":"IT","countryName":"Italy","stateCode":"78","coords":["39.59553000","16.51907000"]},{"commonName":"Corigliano Scalo","countryCode":"IT","countryName":"Italy","stateCode":"78","coords":["39.62713000","16.51368000"]},{"commonName":"Cortale","countryCode":"IT","countryName":"Italy","stateCode":"78","coords":["38.84009000","16.40960000"]},{"commonName":"Cosenza","countryCode":"IT","countryName":"Italy","stateCode":"78","coords":["39.29890000","16.25307000"]},{"commonName":"Cosoleto","countryCode":"IT","countryName":"Italy","stateCode":"78","coords":["38.27483000","15.92814000"]},{"commonName":"Cotronei","countryCode":"IT","countryName":"Italy","stateCode":"78","coords":["39.15935000","16.77688000"]},{"commonName":"Crichi","countryCode":"IT","countryName":"Italy","stateCode":"78","coords":["38.95296000","16.64178000"]},{"commonName":"Cropalati","countryCode":"IT","countryName":"Italy","stateCode":"78","coords":["39.51673000","16.72674000"]},{"commonName":"Cropani","countryCode":"IT","countryName":"Italy","stateCode":"78","coords":["38.96690000","16.78022000"]},{"commonName":"Cropani Marina","countryCode":"IT","countryName":"Italy","stateCode":"78","coords":["38.92376000","16.81080000"]},{"commonName":"Crosia","countryCode":"IT","countryName":"Italy","stateCode":"78","coords":["39.56822000","16.77126000"]},{"commonName":"Crotone","countryCode":"IT","countryName":"Italy","stateCode":"78","coords":["39.08077000","17.12764000"]},{"commonName":"Crucoli","countryCode":"IT","countryName":"Italy","stateCode":"78","coords":["39.42713000","17.00281000"]},{"commonName":"Curinga","countryCode":"IT","countryName":"Italy","stateCode":"78","coords":["38.82811000","16.31344000"]},{"commonName":"Cutro","countryCode":"IT","countryName":"Italy","stateCode":"78","coords":["39.03484000","16.98658000"]},{"commonName":"Dasà","countryCode":"IT","countryName":"Italy","stateCode":"78","coords":["38.56514000","16.19521000"]},{"commonName":"Davoli","countryCode":"IT","countryName":"Italy","stateCode":"78","coords":["38.64904000","16.48764000"]},{"commonName":"Decollatura","countryCode":"IT","countryName":"Italy","stateCode":"78","coords":["39.04645000","16.35753000"]},{"commonName":"Delianuova","countryCode":"IT","countryName":"Italy","stateCode":"78","coords":["38.23587000","15.91714000"]},{"commonName":"Diamante","countryCode":"IT","countryName":"Italy","stateCode":"78","coords":["39.68070000","15.82168000"]},{"commonName":"Dinami","countryCode":"IT","countryName":"Italy","stateCode":"78","coords":["38.53136000","16.14461000"]},{"commonName":"Dipignano","countryCode":"IT","countryName":"Italy","stateCode":"78","coords":["39.23869000","16.25184000"]},{"commonName":"Domanico","countryCode":"IT","countryName":"Italy","stateCode":"78","coords":["39.21693000","16.20721000"]},{"commonName":"Donnici Inferiore","countryCode":"IT","countryName":"Italy","stateCode":"78","coords":["39.25020000","16.29307000"]},{"commonName":"Doria","countryCode":"IT","countryName":"Italy","stateCode":"78","coords":["39.73042000","16.35597000"]},{"commonName":"Drapia","countryCode":"IT","countryName":"Italy","stateCode":"78","coords":["38.66612000","15.91122000"]},{"commonName":"Fabrizia","countryCode":"IT","countryName":"Italy","stateCode":"78","coords":["38.48989000","16.29832000"]},{"commonName":"Fabrizio","countryCode":"IT","countryName":"Italy","stateCode":"78","coords":["39.63939000","16.55666000"]},{"commonName":"Fagnano Castello","countryCode":"IT","countryName":"Italy","stateCode":"78","coords":["39.57160000","16.06253000"]},{"commonName":"Falconara Albanese","countryCode":"IT","countryName":"Italy","stateCode":"78","coords":["39.27524000","16.08819000"]},{"commonName":"Falerna","countryCode":"IT","countryName":"Italy","stateCode":"78","coords":["39.00298000","16.17151000"]},{"commonName":"Falerna Scalo","countryCode":"IT","countryName":"Italy","stateCode":"78","coords":["38.97285000","16.15294000"]},{"commonName":"Feroleto Antico","countryCode":"IT","countryName":"Italy","stateCode":"78","coords":["38.96239000","16.38780000"]},{"commonName":"Feroleto della Chiesa","countryCode":"IT","countryName":"Italy","stateCode":"78","coords":["38.46609000","16.07012000"]},{"commonName":"Ferruzzano","countryCode":"IT","countryName":"Italy","stateCode":"78","coords":["38.03699000","16.08918000"]},{"commonName":"Figline Vegliaturo","countryCode":"IT","countryName":"Italy","stateCode":"78","coords":["39.22519000","16.33030000"]},{"commonName":"Filadelfia","countryCode":"IT","countryName":"Italy","stateCode":"78","coords":["38.78468000","16.29200000"]},{"commonName":"Filandari","countryCode":"IT","countryName":"Italy","stateCode":"78","coords":["38.61508000","16.03140000"]},{"commonName":"Filogaso","countryCode":"IT","countryName":"Italy","stateCode":"78","coords":["38.68287000","16.22584000"]},{"commonName":"Firmo","countryCode":"IT","countryName":"Italy","stateCode":"78","coords":["39.72208000","16.16344000"]},{"commonName":"Fiumara","countryCode":"IT","countryName":"Italy","stateCode":"78","coords":["38.21267000","15.69369000"]},{"commonName":"Fiumefreddo Bruzio","countryCode":"IT","countryName":"Italy","stateCode":"78","coords":["39.23568000","16.07056000"]},{"commonName":"Foresta","countryCode":"IT","countryName":"Italy","stateCode":"78","coords":["39.09939000","16.81287000"]},{"commonName":"Fossato Ionico-Fossatello-San Luca Marcelluzzo","countryCode":"IT","countryName":"Italy","stateCode":"78","coords":["38.01065000","15.76302000"]},{"commonName":"Fossato Serralta","countryCode":"IT","countryName":"Italy","stateCode":"78","coords":["38.99629000","16.57960000"]},{"commonName":"Francavilla Angitola","countryCode":"IT","countryName":"Italy","stateCode":"78","coords":["38.78016000","16.27228000"]},{"commonName":"Francavilla Marittima","countryCode":"IT","countryName":"Italy","stateCode":"78","coords":["39.81610000","16.39499000"]},{"commonName":"Francica","countryCode":"IT","countryName":"Italy","stateCode":"78","coords":["38.61697000","16.10007000"]},{"commonName":"Frascineto","countryCode":"IT","countryName":"Italy","stateCode":"78","coords":["39.83382000","16.26378000"]},{"commonName":"Fuscaldo","countryCode":"IT","countryName":"Italy","stateCode":"78","coords":["39.41421000","16.02839000"]},{"commonName":"Gagliato","countryCode":"IT","countryName":"Italy","stateCode":"78","coords":["38.67578000","16.46061000"]},{"commonName":"Galatro","countryCode":"IT","countryName":"Italy","stateCode":"78","coords":["38.46067000","16.10840000"]},{"commonName":"Gasperina","countryCode":"IT","countryName":"Italy","stateCode":"78","coords":["38.74039000","16.50666000"]},{"commonName":"Gerace","countryCode":"IT","countryName":"Italy","stateCode":"78","coords":["38.27137000","16.22070000"]},{"commonName":"Gerocarne","countryCode":"IT","countryName":"Italy","stateCode":"78","coords":["38.58767000","16.21818000"]},{"commonName":"Giffone","countryCode":"IT","countryName":"Italy","stateCode":"78","coords":["38.43957000","16.14898000"]},{"commonName":"Gimigliano","countryCode":"IT","countryName":"Italy","stateCode":"78","coords":["38.97338000","16.53165000"]},{"commonName":"Gioia Tauro","countryCode":"IT","countryName":"Italy","stateCode":"78","coords":["38.42510000","15.89750000"]},{"commonName":"Gioiosa Ionica","countryCode":"IT","countryName":"Italy","stateCode":"78","coords":["38.32723000","16.30407000"]},{"commonName":"Girifalco","countryCode":"IT","countryName":"Italy","stateCode":"78","coords":["38.82594000","16.42688000"]},{"commonName":"Gizzeria","countryCode":"IT","countryName":"Italy","stateCode":"78","coords":["38.98025000","16.20671000"]},{"commonName":"Grimaldi","countryCode":"IT","countryName":"Italy","stateCode":"78","coords":["39.14111000","16.23511000"]},{"commonName":"Grisolia","countryCode":"IT","countryName":"Italy","stateCode":"78","coords":["39.72538000","15.85605000"]},{"commonName":"Grotteria","countryCode":"IT","countryName":"Italy","stateCode":"78","coords":["38.36509000","16.26522000"]},{"commonName":"Guardavalle","countryCode":"IT","countryName":"Italy","stateCode":"78","coords":["38.50510000","16.50669000"]},{"commonName":"Guardavalle Marina","countryCode":"IT","countryName":"Italy","stateCode":"78","coords":["38.47957000","16.57656000"]},{"commonName":"Guardia Piemontese","countryCode":"IT","countryName":"Italy","stateCode":"78","coords":["39.46572000","15.99970000"]},{"commonName":"Isca Marina","countryCode":"IT","countryName":"Italy","stateCode":"78","coords":["38.60341000","16.55733000"]},{"commonName":"Isca sullo Ionio","countryCode":"IT","countryName":"Italy","stateCode":"78","coords":["38.60103000","16.52010000"]},{"commonName":"Isola di Capo Rizzuto","countryCode":"IT","countryName":"Italy","stateCode":"78","coords":["38.95844000","17.09242000"]},{"commonName":"Jacurso","countryCode":"IT","countryName":"Italy","stateCode":"78","coords":["38.84649000","16.37980000"]},{"commonName":"Jonadi","countryCode":"IT","countryName":"Italy","stateCode":"78","coords":["38.62988000","16.06100000"]},{"commonName":"Joppolo","countryCode":"IT","countryName":"Italy","stateCode":"78","coords":["38.58338000","15.89709000"]},{"commonName":"Laganadi","countryCode":"IT","countryName":"Italy","stateCode":"78","coords":["38.17391000","15.74133000"]},{"commonName":"Lago","countryCode":"IT","countryName":"Italy","stateCode":"78","coords":["39.17068000","16.14825000"]},{"commonName":"Laino Borgo","countryCode":"IT","countryName":"Italy","stateCode":"78","coords":["39.95430000","15.97348000"]},{"commonName":"Laino Castello-Nuovo Centro","countryCode":"IT","countryName":"Italy","stateCode":"78","coords":["39.93630000","15.97658000"]},{"commonName":"Lamezia Terme","countryCode":"IT","countryName":"Italy","stateCode":"78","coords":["38.96255000","16.30938000"]},{"commonName":"Lappano","countryCode":"IT","countryName":"Italy","stateCode":"78","coords":["39.31964000","16.31143000"]},{"commonName":"Lattarico","countryCode":"IT","countryName":"Italy","stateCode":"78","coords":["39.45105000","16.12700000"]},{"commonName":"Laureana di Borrello","countryCode":"IT","countryName":"Italy","stateCode":"78","coords":["38.49215000","16.08429000"]},{"commonName":"Laurignano","countryCode":"IT","countryName":"Italy","stateCode":"78","coords":["39.27915000","16.24232000"]},{"commonName":"Lazzaro","countryCode":"IT","countryName":"Italy","stateCode":"78","coords":["37.97276000","15.66511000"]},{"commonName":"Le Castella","countryCode":"IT","countryName":"Italy","stateCode":"78","coords":["38.91010000","17.02216000"]},{"commonName":"Limbadi-Caroni","countryCode":"IT","countryName":"Italy","stateCode":"78","coords":["38.55902000","15.96441000"]},{"commonName":"Locri","countryCode":"IT","countryName":"Italy","stateCode":"78","coords":["38.23868000","16.25957000"]},{"commonName":"Longobardi","countryCode":"IT","countryName":"Italy","stateCode":"78","coords":["39.21059000","16.07464000"]},{"commonName":"Longobucco","countryCode":"IT","countryName":"Italy","stateCode":"78","coords":["39.44830000","16.61050000"]},{"commonName":"Lungro","countryCode":"IT","countryName":"Italy","stateCode":"78","coords":["39.73772000","16.12586000"]},{"commonName":"Luzzi","countryCode":"IT","countryName":"Italy","stateCode":"78","coords":["39.44799000","16.28730000"]},{"commonName":"Magisano","countryCode":"IT","countryName":"Italy","stateCode":"78","coords":["39.01339000","16.62790000"]},{"commonName":"Maida","countryCode":"IT","countryName":"Italy","stateCode":"78","coords":["38.85884000","16.36277000"]},{"commonName":"Maierà","countryCode":"IT","countryName":"Italy","stateCode":"78","coords":["39.71655000","15.85012000"]},{"commonName":"Maierato","countryCode":"IT","countryName":"Italy","stateCode":"78","coords":["38.71111000","16.17532000"]},{"commonName":"Malito","countryCode":"IT","countryName":"Italy","stateCode":"78","coords":["39.15775000","16.24677000"]},{"commonName":"Malvito","countryCode":"IT","countryName":"Italy","stateCode":"78","coords":["39.60105000","16.05341000"]},{"commonName":"Mammola","countryCode":"IT","countryName":"Italy","stateCode":"78","coords":["38.36262000","16.23871000"]},{"commonName":"Mandatoriccio","countryCode":"IT","countryName":"Italy","stateCode":"78","coords":["39.46675000","16.83420000"]},{"commonName":"Mangone","countryCode":"IT","countryName":"Italy","stateCode":"78","coords":["39.20437000","16.33262000"]},{"commonName":"Marano Marchesato","countryCode":"IT","countryName":"Italy","stateCode":"78","coords":["39.31274000","16.17354000"]},{"commonName":"Marano Principato","countryCode":"IT","countryName":"Italy","stateCode":"78","coords":["39.29782000","16.17430000"]},{"commonName":"Marcedusa","countryCode":"IT","countryName":"Italy","stateCode":"78","coords":["39.02675000","16.83612000"]},{"commonName":"Marcellina","countryCode":"IT","countryName":"Italy","stateCode":"78","coords":["39.76578000","15.82311000"]},{"commonName":"Marcellinara","countryCode":"IT","countryName":"Italy","stateCode":"78","coords":["38.92574000","16.48757000"]},{"commonName":"Marina","countryCode":"IT","countryName":"Italy","stateCode":"78","coords":["39.93857000","16.60585000"]},{"commonName":"Marina di Davoli","countryCode":"IT","countryName":"Italy","stateCode":"78","coords":["38.66361000","16.54825000"]},{"commonName":"Marina di Fuscaldo","countryCode":"IT","countryName":"Italy","stateCode":"78","coords":["39.42418000","16.00694000"]},{"commonName":"Marina di Gioiosa Ionica","countryCode":"IT","countryName":"Italy","stateCode":"78","coords":["38.30159000","16.33148000"]},{"commonName":"Marina di Schiavonea","countryCode":"IT","countryName":"Italy","stateCode":"78","coords":["39.65000000","16.53333000"]},{"commonName":"Maropati","countryCode":"IT","countryName":"Italy","stateCode":"78","coords":["38.44178000","16.09750000"]},{"commonName":"Martelli-Laganosa","countryCode":"IT","countryName":"Italy","stateCode":"78","coords":["38.67930000","16.53549000"]},{"commonName":"Martirano","countryCode":"IT","countryName":"Italy","stateCode":"78","coords":["39.08119000","16.24829000"]},{"commonName":"Martirano Lombardo","countryCode":"IT","countryName":"Italy","stateCode":"78","coords":["39.07469000","16.23200000"]},{"commonName":"Martone","countryCode":"IT","countryName":"Italy","stateCode":"78","coords":["38.35353000","16.28800000"]},{"commonName":"Marzi","countryCode":"IT","countryName":"Italy","stateCode":"78","coords":["39.17063000","16.30705000"]},{"commonName":"Melicuccà","countryCode":"IT","countryName":"Italy","stateCode":"78","coords":["38.30311000","15.88153000"]},{"commonName":"Melicucco","countryCode":"IT","countryName":"Italy","stateCode":"78","coords":["38.43298000","16.05748000"]},{"commonName":"Melissa","countryCode":"IT","countryName":"Italy","stateCode":"78","coords":["39.30953000","17.02968000"]},{"commonName":"Melito di Porto Salvo","countryCode":"IT","countryName":"Italy","stateCode":"78","coords":["37.92629000","15.74990000"]},{"commonName":"Mendicino","countryCode":"IT","countryName":"Italy","stateCode":"78","coords":["39.26282000","16.19452000"]},{"commonName":"Mesoraca","countryCode":"IT","countryName":"Italy","stateCode":"78","coords":["39.07948000","16.78808000"]},{"commonName":"Messignadi","countryCode":"IT","countryName":"Italy","stateCode":"78","coords":["38.29964000","15.99642000"]},{"commonName":"Miglierina","countryCode":"IT","countryName":"Italy","stateCode":"78","coords":["38.95060000","16.47233000"]},{"commonName":"Mileto","countryCode":"IT","countryName":"Italy","stateCode":"78","coords":["38.60780000","16.06751000"]},{"commonName":"Mirto","countryCode":"IT","countryName":"Italy","stateCode":"78","coords":["39.60069000","16.77390000"]},{"commonName":"Molochio","countryCode":"IT","countryName":"Italy","stateCode":"78","coords":["38.30789000","16.03141000"]},{"commonName":"Monasterace","countryCode":"IT","countryName":"Italy","stateCode":"78","coords":["38.45318000","16.55163000"]},{"commonName":"Monasterace Marina","countryCode":"IT","countryName":"Italy","stateCode":"78","coords":["38.43489000","16.57025000"]},{"commonName":"Mongiana","countryCode":"IT","countryName":"Italy","stateCode":"78","coords":["38.51477000","16.31940000"]},{"commonName":"Mongrassano","countryCode":"IT","countryName":"Italy","stateCode":"78","coords":["39.52644000","16.11225000"]},{"commonName":"Montalto Uffugo","countryCode":"IT","countryName":"Italy","stateCode":"78","coords":["39.40331000","16.15534000"]},{"commonName":"Montauro","countryCode":"IT","countryName":"Italy","stateCode":"78","coords":["38.74927000","16.51226000"]},{"commonName":"Montebello Jonico","countryCode":"IT","countryName":"Italy","stateCode":"78","coords":["37.98277000","15.75800000"]},{"commonName":"Montegiordano","countryCode":"IT","countryName":"Italy","stateCode":"78","coords":["40.04301000","16.53439000"]},{"commonName":"Montepaone","countryCode":"IT","countryName":"Italy","stateCode":"78","coords":["38.72222000","16.49795000"]},{"commonName":"Montepaone Lido","countryCode":"IT","countryName":"Italy","stateCode":"78","coords":["38.72951000","16.54241000"]},{"commonName":"Monterosso Calabro","countryCode":"IT","countryName":"Italy","stateCode":"78","coords":["38.71746000","16.29066000"]},{"commonName":"Morano Calabro","countryCode":"IT","countryName":"Italy","stateCode":"78","coords":["39.84138000","16.13837000"]},{"commonName":"Mormanno","countryCode":"IT","countryName":"Italy","stateCode":"78","coords":["39.89340000","15.99175000"]},{"commonName":"Mosorrofa","countryCode":"IT","countryName":"Italy","stateCode":"78","coords":["38.09500000","15.71259000"]},{"commonName":"Motta San Giovanni","countryCode":"IT","countryName":"Italy","stateCode":"78","coords":["38.01027000","15.71262000"]},{"commonName":"Motta Santa Lucia","countryCode":"IT","countryName":"Italy","stateCode":"78","coords":["39.09122000","16.29313000"]},{"commonName":"Mottafollone","countryCode":"IT","countryName":"Italy","stateCode":"78","coords":["39.64850000","16.06451000"]},{"commonName":"Nardodipace","countryCode":"IT","countryName":"Italy","stateCode":"78","coords":["38.47418000","16.34295000"]},{"commonName":"Natile Nuovo","countryCode":"IT","countryName":"Italy","stateCode":"78","coords":["38.18583000","16.08527000"]},{"commonName":"Nicastro","countryCode":"IT","countryName":"Italy","stateCode":"78","coords":["38.97089000","16.31285000"]},{"commonName":"Nicotera","countryCode":"IT","countryName":"Italy","stateCode":"78","coords":["38.54915000","15.93584000"]},{"commonName":"Nocara","countryCode":"IT","countryName":"Italy","stateCode":"78","coords":["40.09941000","16.48189000"]},{"commonName":"Nocera Scalo","countryCode":"IT","countryName":"Italy","stateCode":"78","coords":["39.01576000","16.12040000"]},{"commonName":"Nocera Terinese","countryCode":"IT","countryName":"Italy","stateCode":"78","coords":["39.03474000","16.16737000"]},{"commonName":"Olivadi","countryCode":"IT","countryName":"Italy","stateCode":"78","coords":["38.72558000","16.42370000"]},{"commonName":"Oppido Mamertina","countryCode":"IT","countryName":"Italy","stateCode":"78","coords":["38.29337000","15.98390000"]},{"commonName":"Oriolo","countryCode":"IT","countryName":"Italy","stateCode":"78","coords":["40.05320000","16.44663000"]},{"commonName":"Orsomarso","countryCode":"IT","countryName":"Italy","stateCode":"78","coords":["39.79910000","15.90748000"]},{"commonName":"Pagliarelle","countryCode":"IT","countryName":"Italy","stateCode":"78","coords":["39.14017000","16.75101000"]},{"commonName":"Palermiti","countryCode":"IT","countryName":"Italy","stateCode":"78","coords":["38.74868000","16.45220000"]},{"commonName":"Palizzi","countryCode":"IT","countryName":"Italy","stateCode":"78","coords":["37.96667000","15.98670000"]},{"commonName":"Palizzi Marina","countryCode":"IT","countryName":"Italy","stateCode":"78","coords":["37.91995000","15.97927000"]},{"commonName":"Pallagorio","countryCode":"IT","countryName":"Italy","stateCode":"78","coords":["39.30764000","16.90816000"]},{"commonName":"Palmi","countryCode":"IT","countryName":"Italy","stateCode":"78","coords":["38.35943000","15.85155000"]},{"commonName":"Paludi","countryCode":"IT","countryName":"Italy","stateCode":"78","coords":["39.52943000","16.67963000"]},{"commonName":"Panettieri","countryCode":"IT","countryName":"Italy","stateCode":"78","coords":["39.06007000","16.45375000"]},{"commonName":"Pannaconi","countryCode":"IT","countryName":"Italy","stateCode":"78","coords":["38.69291000","16.04411000"]},{"commonName":"Paola","countryCode":"IT","countryName":"Italy","stateCode":"78","coords":["39.36313000","16.03691000"]},{"commonName":"Papanice","countryCode":"IT","countryName":"Italy","stateCode":"78","coords":["39.07077000","17.02721000"]},{"commonName":"Papasidero","countryCode":"IT","countryName":"Italy","stateCode":"78","coords":["39.87159000","15.90581000"]},{"commonName":"Paravati","countryCode":"IT","countryName":"Italy","stateCode":"78","coords":["38.59020000","16.05815000"]},{"commonName":"Parenti","countryCode":"IT","countryName":"Italy","stateCode":"78","coords":["39.16071000","16.41140000"]},{"commonName":"Parghelia","countryCode":"IT","countryName":"Italy","stateCode":"78","coords":["38.68189000","15.92075000"]},{"commonName":"Paterno Calabro","countryCode":"IT","countryName":"Italy","stateCode":"78","coords":["39.22849000","16.26489000"]},{"commonName":"Pavigliana","countryCode":"IT","countryName":"Italy","stateCode":"78","coords":["38.10721000","15.72108000"]},{"commonName":"Pazzano","countryCode":"IT","countryName":"Italy","stateCode":"78","coords":["38.47612000","16.45107000"]},{"commonName":"Pedace-Perito","countryCode":"IT","countryName":"Italy","stateCode":"78","coords":["39.27639000","16.33639000"]},{"commonName":"Pedivigliano","countryCode":"IT","countryName":"Italy","stateCode":"78","coords":["39.11034000","16.30486000"]},{"commonName":"Pellaro","countryCode":"IT","countryName":"Italy","stateCode":"78","coords":["38.01667000","15.65000000"]},{"commonName":"Pentone","countryCode":"IT","countryName":"Italy","stateCode":"78","coords":["38.98579000","16.58250000"]},{"commonName":"Pernocari-Presinaci","countryCode":"IT","countryName":"Italy","stateCode":"78","coords":["38.61184000","16.00463000"]},{"commonName":"Petilia Policastro","countryCode":"IT","countryName":"Italy","stateCode":"78","coords":["39.11293000","16.78167000"]},{"commonName":"Petrizzi","countryCode":"IT","countryName":"Italy","stateCode":"78","coords":["38.70179000","16.47187000"]},{"commonName":"Petronà","countryCode":"IT","countryName":"Italy","stateCode":"78","coords":["39.04370000","16.75796000"]},{"commonName":"Piane Crati","countryCode":"IT","countryName":"Italy","stateCode":"78","coords":["39.23472000","16.32313000"]},{"commonName":"Pianopoli","countryCode":"IT","countryName":"Italy","stateCode":"78","coords":["38.95246000","16.38863000"]},{"commonName":"Pietrafitta","countryCode":"IT","countryName":"Italy","stateCode":"78","coords":["39.26103000","16.33940000"]},{"commonName":"Pietrapaola","countryCode":"IT","countryName":"Italy","stateCode":"78","coords":["39.48701000","16.81597000"]},{"commonName":"Piscopio","countryCode":"IT","countryName":"Italy","stateCode":"78","coords":["38.66361000","16.11101000"]},{"commonName":"Pizzo","countryCode":"IT","countryName":"Italy","stateCode":"78","coords":["38.75259000","16.18696000"]},{"commonName":"Pizzoni","countryCode":"IT","countryName":"Italy","stateCode":"78","coords":["38.62286000","16.24876000"]},{"commonName":"Placanica","countryCode":"IT","countryName":"Italy","stateCode":"78","coords":["38.41078000","16.45274000"]},{"commonName":"Plataci","countryCode":"IT","countryName":"Italy","stateCode":"78","coords":["39.90042000","16.43272000"]},{"commonName":"Platania","countryCode":"IT","countryName":"Italy","stateCode":"78","coords":["39.00620000","16.32194000"]},{"commonName":"Platì","countryCode":"IT","countryName":"Italy","stateCode":"78","coords":["38.22149000","16.04530000"]},{"commonName":"Polia","countryCode":"IT","countryName":"Italy","stateCode":"78","coords":["38.75118000","16.31220000"]},{"commonName":"Polistena","countryCode":"IT","countryName":"Italy","stateCode":"78","coords":["38.40544000","16.07330000"]},{"commonName":"Portigliola","countryCode":"IT","countryName":"Italy","stateCode":"78","coords":["38.22712000","16.20287000"]},{"commonName":"Praia a Mare","countryCode":"IT","countryName":"Italy","stateCode":"78","coords":["39.89410000","15.78421000"]},{"commonName":"Provincia di Catanzaro","countryCode":"IT","countryName":"Italy","stateCode":"78","coords":["38.91667000","16.43333000"]},{"commonName":"Provincia di Cosenza","countryCode":"IT","countryName":"Italy","stateCode":"78","coords":["39.55697000","16.35491000"]},{"commonName":"Provincia di Crotone","countryCode":"IT","countryName":"Italy","stateCode":"78","coords":["39.12007000","17.08134000"]},{"commonName":"Provincia di Reggio Calabria","countryCode":"IT","countryName":"Italy","stateCode":"78","coords":["38.31667000","16.08333000"]},{"commonName":"Provincia di Vibo-Valentia","countryCode":"IT","countryName":"Italy","stateCode":"78","coords":["38.69958000","16.12741000"]},{"commonName":"Quattromiglia","countryCode":"IT","countryName":"Italy","stateCode":"78","coords":["39.34474000","16.23802000"]},{"commonName":"Reggio Calabria","countryCode":"IT","countryName":"Italy","stateCode":"78","coords":["38.11047000","15.66129000"]},{"commonName":"Rende","countryCode":"IT","countryName":"Italy","stateCode":"78","coords":["39.33154000","16.18041000"]},{"commonName":"Riace","countryCode":"IT","countryName":"Italy","stateCode":"78","coords":["38.41828000","16.48121000"]},{"commonName":"Riace Marina","countryCode":"IT","countryName":"Italy","stateCode":"78","coords":["38.39186000","16.53033000"]},{"commonName":"Ricadi","countryCode":"IT","countryName":"Italy","stateCode":"78","coords":["38.62517000","15.86674000"]},{"commonName":"Rizziconi","countryCode":"IT","countryName":"Italy","stateCode":"78","coords":["38.40994000","15.95974000"]},{"commonName":"Rocca di Neto","countryCode":"IT","countryName":"Italy","stateCode":"78","coords":["39.18292000","17.00764000"]},{"commonName":"Rocca Imperiale","countryCode":"IT","countryName":"Italy","stateCode":"78","coords":["40.11014000","16.57822000"]},{"commonName":"Rocca Imperiale Marina","countryCode":"IT","countryName":"Italy","stateCode":"78","coords":["40.09962000","16.61336000"]},{"commonName":"Roccabernarda","countryCode":"IT","countryName":"Italy","stateCode":"78","coords":["39.13276000","16.86082000"]},{"commonName":"Roccaforte del Greco","countryCode":"IT","countryName":"Italy","stateCode":"78","coords":["38.04751000","15.89198000"]},{"commonName":"Roccella Ionica","countryCode":"IT","countryName":"Italy","stateCode":"78","coords":["38.32117000","16.39689000"]},{"commonName":"Roccelletta","countryCode":"IT","countryName":"Italy","stateCode":"78","coords":["38.81126000","16.59820000"]},{"commonName":"Roggiano Gravina","countryCode":"IT","countryName":"Italy","stateCode":"78","coords":["39.61786000","16.16173000"]},{"commonName":"Roghudi","countryCode":"IT","countryName":"Italy","stateCode":"78","coords":["37.92499000","15.76537000"]},{"commonName":"Rogliano","countryCode":"IT","countryName":"Italy","stateCode":"78","coords":["39.17841000","16.31709000"]},{"commonName":"Rombiolo","countryCode":"IT","countryName":"Italy","stateCode":"78","coords":["38.59535000","16.00237000"]},{"commonName":"Rosario","countryCode":"IT","countryName":"Italy","stateCode":"78","coords":["39.29104000","16.23125000"]},{"commonName":"Rosarno","countryCode":"IT","countryName":"Italy","stateCode":"78","coords":["38.48717000","15.97956000"]},{"commonName":"Rose","countryCode":"IT","countryName":"Italy","stateCode":"78","coords":["39.39932000","16.29446000"]},{"commonName":"Roseto Capo Spulico","countryCode":"IT","countryName":"Italy","stateCode":"78","coords":["39.98643000","16.60363000"]},{"commonName":"Rossano","countryCode":"IT","countryName":"Italy","stateCode":"78","coords":["39.57622000","16.63447000"]},{"commonName":"Rossano Stazione","countryCode":"IT","countryName":"Italy","stateCode":"78","coords":["39.59855000","16.63485000"]},{"commonName":"Rota Greca","countryCode":"IT","countryName":"Italy","stateCode":"78","coords":["39.46703000","16.11412000"]},{"commonName":"Rovito","countryCode":"IT","countryName":"Italy","stateCode":"78","coords":["39.30636000","16.31746000"]},{"commonName":"Saline Ioniche","countryCode":"IT","countryName":"Italy","stateCode":"78","coords":["37.93957000","15.71943000"]},{"commonName":"Sambiase","countryCode":"IT","countryName":"Italy","stateCode":"78","coords":["38.96667000","16.28333000"]},{"commonName":"Samo","countryCode":"IT","countryName":"Italy","stateCode":"78","coords":["38.07399000","16.05933000"]},{"commonName":"San Basile","countryCode":"IT","countryName":"Italy","stateCode":"78","coords":["39.80960000","16.16328000"]},{"commonName":"San Benedetto Ullano","countryCode":"IT","countryName":"Italy","stateCode":"78","coords":["39.42710000","16.12379000"]},{"commonName":"San Calogero","countryCode":"IT","countryName":"Italy","stateCode":"78","coords":["38.57447000","16.01933000"]},{"commonName":"San Carlo-Condofuri Marina","countryCode":"IT","countryName":"Italy","stateCode":"78","coords":["37.93324000","15.87166000"]},{"commonName":"San Cosmo Albanese","countryCode":"IT","countryName":"Italy","stateCode":"78","coords":["39.58363000","16.41469000"]},{"commonName":"San Costantino Calabro","countryCode":"IT","countryName":"Italy","stateCode":"78","coords":["38.63283000","16.07571000"]},{"commonName":"San Demetrio Corone","countryCode":"IT","countryName":"Italy","stateCode":"78","coords":["39.56990000","16.36149000"]},{"commonName":"San Donato di Ninea","countryCode":"IT","countryName":"Italy","stateCode":"78","coords":["39.71156000","16.04742000"]},{"commonName":"San Ferdinando","countryCode":"IT","countryName":"Italy","stateCode":"78","coords":["38.48403000","15.91877000"]},{"commonName":"San Fili","countryCode":"IT","countryName":"Italy","stateCode":"78","coords":["39.33971000","16.14448000"]},{"commonName":"San Floro","countryCode":"IT","countryName":"Italy","stateCode":"78","coords":["38.83799000","16.51870000"]},{"commonName":"San Giorgio Albanese","countryCode":"IT","countryName":"Italy","stateCode":"78","coords":["39.58230000","16.45349000"]},{"commonName":"San Giorgio Morgeto","countryCode":"IT","countryName":"Italy","stateCode":"78","coords":["38.39190000","16.08790000"]},{"commonName":"San Giovanni di Gerace","countryCode":"IT","countryName":"Italy","stateCode":"78","coords":["38.36508000","16.27770000"]},{"commonName":"San Giovanni in Fiore","countryCode":"IT","countryName":"Italy","stateCode":"78","coords":["39.25446000","16.69699000"]},{"commonName":"San Gregorio d'Ippona","countryCode":"IT","countryName":"Italy","stateCode":"78","coords":["38.64528000","16.10356000"]},{"commonName":"San Lorenzo","countryCode":"IT","countryName":"Italy","stateCode":"78","coords":["38.01097000","15.83440000"]},{"commonName":"San Lorenzo Bellizzi","countryCode":"IT","countryName":"Italy","stateCode":"78","coords":["39.88867000","16.33029000"]},{"commonName":"San Lorenzo del Vallo","countryCode":"IT","countryName":"Italy","stateCode":"78","coords":["39.66739000","16.29866000"]},{"commonName":"San Luca","countryCode":"IT","countryName":"Italy","stateCode":"78","coords":["38.14672000","16.06625000"]},{"commonName":"San Lucido","countryCode":"IT","countryName":"Italy","stateCode":"78","coords":["39.31012000","16.05317000"]},{"commonName":"San Mango d'Aquino","countryCode":"IT","countryName":"Italy","stateCode":"78","coords":["39.06036000","16.19224000"]},{"commonName":"San Marco Argentano","countryCode":"IT","countryName":"Italy","stateCode":"78","coords":["39.55725000","16.12452000"]},{"commonName":"San Martino","countryCode":"IT","countryName":"Italy","stateCode":"78","coords":["38.36157000","15.97634000"]},{"commonName":"San Martino di Finita","countryCode":"IT","countryName":"Italy","stateCode":"78","coords":["39.48988000","16.10968000"]},{"commonName":"San Mauro Marchesato","countryCode":"IT","countryName":"Italy","stateCode":"78","coords":["39.10559000","16.92561000"]},{"commonName":"San Nico","countryCode":"IT","countryName":"Italy","stateCode":"78","coords":["39.66906000","16.43182000"]},{"commonName":"San Nicola","countryCode":"IT","countryName":"Italy","stateCode":"78","coords":["38.21199000","15.69381000"]},{"commonName":"San Nicola Arcella","countryCode":"IT","countryName":"Italy","stateCode":"78","coords":["39.84341000","15.78634000"]},{"commonName":"San Nicola da Crissa","countryCode":"IT","countryName":"Italy","stateCode":"78","coords":["38.66354000","16.28592000"]},{"commonName":"San Nicola dell'Alto","countryCode":"IT","countryName":"Italy","stateCode":"78","coords":["39.29094000","16.97179000"]},{"commonName":"San Nicolò","countryCode":"IT","countryName":"Italy","stateCode":"78","coords":["38.63426000","15.85147000"]},{"commonName":"San Pietro a Maida","countryCode":"IT","countryName":"Italy","stateCode":"78","coords":["38.84731000","16.34116000"]},{"commonName":"San Pietro Apostolo","countryCode":"IT","countryName":"Italy","stateCode":"78","coords":["39.00413000","16.46783000"]},{"commonName":"San Pietro di Caridà","countryCode":"IT","countryName":"Italy","stateCode":"78","coords":["38.52368000","16.13530000"]},{"commonName":"San Pietro in Amantea","countryCode":"IT","countryName":"Italy","stateCode":"78","coords":["39.13658000","16.11243000"]},{"commonName":"San Pietro in Guarano","countryCode":"IT","countryName":"Italy","stateCode":"78","coords":["39.34164000","16.31304000"]},{"commonName":"San Procopio","countryCode":"IT","countryName":"Italy","stateCode":"78","coords":["38.28214000","15.89083000"]},{"commonName":"San Roberto","countryCode":"IT","countryName":"Italy","stateCode":"78","coords":["38.21114000","15.73594000"]},{"commonName":"San Sostene","countryCode":"IT","countryName":"Italy","stateCode":"78","coords":["38.63733000","16.48751000"]},{"commonName":"San Sosti","countryCode":"IT","countryName":"Italy","stateCode":"78","coords":["39.65879000","16.02958000"]},{"commonName":"San Vincenzo la Costa","countryCode":"IT","countryName":"Italy","stateCode":"78","coords":["39.36544000","16.15110000"]},{"commonName":"San Vito Sullo Ionio","countryCode":"IT","countryName":"Italy","stateCode":"78","coords":["38.70749000","16.40862000"]},{"commonName":"Sangineto","countryCode":"IT","countryName":"Italy","stateCode":"78","coords":["39.60553000","15.91481000"]},{"commonName":"Sant'Agata del Bianco","countryCode":"IT","countryName":"Italy","stateCode":"78","coords":["38.09242000","16.08251000"]},{"commonName":"Sant'Agata di Esaro","countryCode":"IT","countryName":"Italy","stateCode":"78","coords":["39.62235000","15.98295000"]},{"commonName":"Sant'Alessio in Aspromonte","countryCode":"IT","countryName":"Italy","stateCode":"78","coords":["38.17220000","15.75730000"]},{"commonName":"Sant'Andrea Apostolo dello Ionio","countryCode":"IT","countryName":"Italy","stateCode":"78","coords":["38.62165000","16.53048000"]},{"commonName":"Sant'Andrea Ionio Marina","countryCode":"IT","countryName":"Italy","stateCode":"78","coords":["38.62001000","16.54927000"]},{"commonName":"Sant'Elia","countryCode":"IT","countryName":"Italy","stateCode":"78","coords":["38.95788000","16.58521000"]},{"commonName":"Sant'Eufemia d'Aspromonte","countryCode":"IT","countryName":"Italy","stateCode":"78","coords":["38.26314000","15.85669000"]},{"commonName":"Sant'Ilario dello Ionio","countryCode":"IT","countryName":"Italy","stateCode":"78","coords":["38.21914000","16.19517000"]},{"commonName":"Sant'Onofrio","countryCode":"IT","countryName":"Italy","stateCode":"78","coords":["38.69752000","16.14755000"]},{"commonName":"Santa Caterina Albanese","countryCode":"IT","countryName":"Italy","stateCode":"78","coords":["39.58590000","16.07039000"]},{"commonName":"Santa Caterina dello Ionio","countryCode":"IT","countryName":"Italy","stateCode":"78","coords":["38.53324000","16.52176000"]},{"commonName":"Santa Caterina dello Ionio Marina","countryCode":"IT","countryName":"Italy","stateCode":"78","coords":["38.52736000","16.57071000"]},{"commonName":"Santa Cristina d'Aspromonte","countryCode":"IT","countryName":"Italy","stateCode":"78","coords":["38.25480000","15.96996000"]},{"commonName":"Santa Domenica","countryCode":"IT","countryName":"Italy","stateCode":"78","coords":["38.66220000","15.86289000"]},{"commonName":"Santa Domenica Talao","countryCode":"IT","countryName":"Italy","stateCode":"78","coords":["39.81875000","15.85380000"]},{"commonName":"Santa Eufemia Lamezia","countryCode":"IT","countryName":"Italy","stateCode":"78","coords":["38.91982000","16.25221000"]},{"commonName":"Santa Maria del Cedro","countryCode":"IT","countryName":"Italy","stateCode":"78","coords":["39.74620000","15.83638000"]},{"commonName":"Santa Severina","countryCode":"IT","countryName":"Italy","stateCode":"78","coords":["39.14770000","16.91112000"]},{"commonName":"Santa Sofia d'Epiro","countryCode":"IT","countryName":"Italy","stateCode":"78","coords":["39.54597000","16.32815000"]},{"commonName":"Santo Stefano","countryCode":"IT","countryName":"Italy","stateCode":"78","coords":["39.34734000","16.19898000"]},{"commonName":"Santo Stefano di Rogliano","countryCode":"IT","countryName":"Italy","stateCode":"78","coords":["39.19223000","16.32079000"]},{"commonName":"Santo Stefano in Aspromonte","countryCode":"IT","countryName":"Italy","stateCode":"78","coords":["38.16909000","15.78983000"]},{"commonName":"Saracena","countryCode":"IT","countryName":"Italy","stateCode":"78","coords":["39.77862000","16.15913000"]},{"commonName":"Sartano","countryCode":"IT","countryName":"Italy","stateCode":"78","coords":["39.51169000","16.17915000"]},{"commonName":"Satriano","countryCode":"IT","countryName":"Italy","stateCode":"78","coords":["38.66640000","16.47970000"]},{"commonName":"Savelli","countryCode":"IT","countryName":"Italy","stateCode":"78","coords":["39.31278000","16.77642000"]},{"commonName":"Scala Coeli","countryCode":"IT","countryName":"Italy","stateCode":"78","coords":["39.44824000","16.88658000"]},{"commonName":"Scalea","countryCode":"IT","countryName":"Italy","stateCode":"78","coords":["39.80605000","15.79635000"]},{"commonName":"Scandale","countryCode":"IT","countryName":"Italy","stateCode":"78","coords":["39.12339000","16.96185000"]},{"commonName":"Scarcelli","countryCode":"IT","countryName":"Italy","stateCode":"78","coords":["39.40000000","16.01667000"]},{"commonName":"Scido","countryCode":"IT","countryName":"Italy","stateCode":"78","coords":["38.24439000","15.93251000"]},{"commonName":"Scilla","countryCode":"IT","countryName":"Italy","stateCode":"78","coords":["38.25201000","15.71837000"]},{"commonName":"Sellia","countryCode":"IT","countryName":"Italy","stateCode":"78","coords":["38.98206000","16.63070000"]},{"commonName":"Sellia Marina","countryCode":"IT","countryName":"Italy","stateCode":"78","coords":["38.88599000","16.74931000"]},{"commonName":"Seminara","countryCode":"IT","countryName":"Italy","stateCode":"78","coords":["38.33603000","15.87025000"]},{"commonName":"Serra d'Aiello","countryCode":"IT","countryName":"Italy","stateCode":"78","coords":["39.09004000","16.12612000"]},{"commonName":"Serra Pedace","countryCode":"IT","countryName":"Italy","stateCode":"78","coords":["39.27898000","16.34557000"]},{"commonName":"Serra San Bruno","countryCode":"IT","countryName":"Italy","stateCode":"78","coords":["38.57474000","16.32622000"]},{"commonName":"Serrastretta","countryCode":"IT","countryName":"Italy","stateCode":"78","coords":["39.01319000","16.41630000"]},{"commonName":"Serrata","countryCode":"IT","countryName":"Italy","stateCode":"78","coords":["38.51288000","16.10070000"]},{"commonName":"Sersale","countryCode":"IT","countryName":"Italy","stateCode":"78","coords":["39.01013000","16.72960000"]},{"commonName":"Settimo","countryCode":"IT","countryName":"Italy","stateCode":"78","coords":["39.39158000","16.23998000"]},{"commonName":"Settingiano","countryCode":"IT","countryName":"Italy","stateCode":"78","coords":["38.91139000","16.51390000"]},{"commonName":"Siano","countryCode":"IT","countryName":"Italy","stateCode":"78","coords":["38.91547000","16.60224000"]},{"commonName":"Sibari","countryCode":"IT","countryName":"Italy","stateCode":"78","coords":["39.74733000","16.45510000"]},{"commonName":"Siderno","countryCode":"IT","countryName":"Italy","stateCode":"78","coords":["38.26993000","16.29607000"]},{"commonName":"Simbario","countryCode":"IT","countryName":"Italy","stateCode":"78","coords":["38.61157000","16.33597000"]},{"commonName":"Sinopoli","countryCode":"IT","countryName":"Italy","stateCode":"78","coords":["38.26342000","15.87710000"]},{"commonName":"Sorbo San Basile","countryCode":"IT","countryName":"Italy","stateCode":"78","coords":["39.01939000","16.56910000"]},{"commonName":"Sorianello","countryCode":"IT","countryName":"Italy","stateCode":"78","coords":["38.59415000","16.23212000"]},{"commonName":"Soriano Calabro","countryCode":"IT","countryName":"Italy","stateCode":"78","coords":["38.60038000","16.22205000"]},{"commonName":"Soverato Marina","countryCode":"IT","countryName":"Italy","stateCode":"78","coords":["38.68498000","16.54991000"]},{"commonName":"Soverato Superiore","countryCode":"IT","countryName":"Italy","stateCode":"78","coords":["38.68993000","16.53391000"]},{"commonName":"Soveria Mannelli","countryCode":"IT","countryName":"Italy","stateCode":"78","coords":["39.07784000","16.37708000"]},{"commonName":"Soveria Simeri","countryCode":"IT","countryName":"Italy","stateCode":"78","coords":["38.94986000","16.67854000"]},{"commonName":"Spadola","countryCode":"IT","countryName":"Italy","stateCode":"78","coords":["38.60378000","16.33700000"]},{"commonName":"Spezzano Albanese","countryCode":"IT","countryName":"Italy","stateCode":"78","coords":["39.66854000","16.30939000"]},{"commonName":"Spezzano della Sila","countryCode":"IT","countryName":"Italy","stateCode":"78","coords":["39.30033000","16.33923000"]},{"commonName":"Spezzano Piccolo","countryCode":"IT","countryName":"Italy","stateCode":"78","coords":["39.29010000","16.34211000"]},{"commonName":"Spilinga","countryCode":"IT","countryName":"Italy","stateCode":"78","coords":["38.62825000","15.90572000"]},{"commonName":"Squillace","countryCode":"IT","countryName":"Italy","stateCode":"78","coords":["38.78091000","16.51175000"]},{"commonName":"Squillace Lido","countryCode":"IT","countryName":"Italy","stateCode":"78","coords":["38.77781000","16.57007000"]},{"commonName":"Staiti","countryCode":"IT","countryName":"Italy","stateCode":"78","coords":["37.99989000","16.03341000"]},{"commonName":"Staletti","countryCode":"IT","countryName":"Italy","stateCode":"78","coords":["38.76428000","16.53932000"]},{"commonName":"Stazione Montalto-Coretto","countryCode":"IT","countryName":"Italy","stateCode":"78","coords":["39.40720000","16.24313000"]},{"commonName":"Stefanaconi","countryCode":"IT","countryName":"Italy","stateCode":"78","coords":["38.67788000","16.12420000"]},{"commonName":"Stignano","countryCode":"IT","countryName":"Italy","stateCode":"78","coords":["38.41705000","16.47011000"]},{"commonName":"Stilo","countryCode":"IT","countryName":"Italy","stateCode":"78","coords":["38.47628000","16.46746000"]},{"commonName":"Strongoli","countryCode":"IT","countryName":"Italy","stateCode":"78","coords":["39.26576000","17.05413000"]},{"commonName":"Surdo","countryCode":"IT","countryName":"Italy","stateCode":"78","coords":["39.32752000","16.20139000"]},{"commonName":"Tarsia","countryCode":"IT","countryName":"Italy","stateCode":"78","coords":["39.62311000","16.27337000"]},{"commonName":"Taurianova","countryCode":"IT","countryName":"Italy","stateCode":"78","coords":["38.35525000","16.01306000"]},{"commonName":"Taverna","countryCode":"IT","countryName":"Italy","stateCode":"78","coords":["39.02200000","16.58081000"]},{"commonName":"Terranova da Sibari","countryCode":"IT","countryName":"Italy","stateCode":"78","coords":["39.65548000","16.33979000"]},{"commonName":"Terranova Sappo Minulio","countryCode":"IT","countryName":"Italy","stateCode":"78","coords":["38.32175000","16.00747000"]},{"commonName":"Terravecchia","countryCode":"IT","countryName":"Italy","stateCode":"78","coords":["39.46594000","16.94623000"]},{"commonName":"Tiriolo","countryCode":"IT","countryName":"Italy","stateCode":"78","coords":["38.94069000","16.51046000"]},{"commonName":"Tivolille Pasquali-Merenzata","countryCode":"IT","countryName":"Italy","stateCode":"78","coords":["39.27953000","16.20738000"]},{"commonName":"Torano Castello","countryCode":"IT","countryName":"Italy","stateCode":"78","coords":["39.50396000","16.16103000"]},{"commonName":"Torre di Ruggiero","countryCode":"IT","countryName":"Italy","stateCode":"78","coords":["38.65293000","16.37211000"]},{"commonName":"Torre Melissa","countryCode":"IT","countryName":"Italy","stateCode":"78","coords":["39.31013000","17.10660000"]},{"commonName":"Torretta","countryCode":"IT","countryName":"Italy","stateCode":"78","coords":["39.45358000","17.03632000"]},{"commonName":"Tortora","countryCode":"IT","countryName":"Italy","stateCode":"78","coords":["39.94130000","15.80518000"]},{"commonName":"Tortora Marina","countryCode":"IT","countryName":"Italy","stateCode":"78","coords":["39.92293000","15.76943000"]},{"commonName":"Trebisacce","countryCode":"IT","countryName":"Italy","stateCode":"78","coords":["39.87128000","16.53420000"]},{"commonName":"Trenta","countryCode":"IT","countryName":"Italy","stateCode":"78","coords":["39.28541000","16.32093000"]},{"commonName":"Tronca","countryCode":"IT","countryName":"Italy","stateCode":"78","coords":["39.24617000","17.10582000"]},{"commonName":"Tropea","countryCode":"IT","countryName":"Italy","stateCode":"78","coords":["38.67449000","15.89505000"]},{"commonName":"Umbriatico","countryCode":"IT","countryName":"Italy","stateCode":"78","coords":["39.35336000","16.91798000"]},{"commonName":"Vaccarizzo Albanese","countryCode":"IT","countryName":"Italy","stateCode":"78","coords":["39.58540000","16.43289000"]},{"commonName":"Vadue","countryCode":"IT","countryName":"Italy","stateCode":"78","coords":["39.28060000","16.22875000"]},{"commonName":"Vallefiorita","countryCode":"IT","countryName":"Italy","stateCode":"78","coords":["38.77638000","16.46100000"]},{"commonName":"Vallelonga","countryCode":"IT","countryName":"Italy","stateCode":"78","coords":["38.64742000","16.29659000"]},{"commonName":"Varapodio","countryCode":"IT","countryName":"Italy","stateCode":"78","coords":["38.31633000","15.98347000"]},{"commonName":"Vazzano","countryCode":"IT","countryName":"Italy","stateCode":"78","coords":["38.63288000","16.24800000"]},{"commonName":"Verbicaro","countryCode":"IT","countryName":"Italy","stateCode":"78","coords":["39.76076000","15.90730000"]},{"commonName":"Verzino","countryCode":"IT","countryName":"Italy","stateCode":"78","coords":["39.31325000","16.85613000"]},{"commonName":"Vibo Valentia","countryCode":"IT","countryName":"Italy","stateCode":"78","coords":["38.67618000","16.10094000"]},{"commonName":"Villa San Giovanni","countryCode":"IT","countryName":"Italy","stateCode":"78","coords":["38.21991000","15.63689000"]},{"commonName":"Villapiana","countryCode":"IT","countryName":"Italy","stateCode":"78","coords":["39.84573000","16.45528000"]},{"commonName":"Villapiana Lido","countryCode":"IT","countryName":"Italy","stateCode":"78","coords":["39.81203000","16.48820000"]},{"commonName":"Weather Station","countryCode":"IT","countryName":"Italy","stateCode":"78","coords":["37.96136000","16.09970000"]},{"commonName":"Zaccanopoli","countryCode":"IT","countryName":"Italy","stateCode":"78","coords":["38.66548000","15.92874000"]},{"commonName":"Zagarise","countryCode":"IT","countryName":"Italy","stateCode":"78","coords":["38.99985000","16.66420000"]},{"commonName":"Zambrone","countryCode":"IT","countryName":"Italy","stateCode":"78","coords":["38.69878000","15.98982000"]},{"commonName":"Zumpano","countryCode":"IT","countryName":"Italy","stateCode":"78","coords":["39.31053000","16.29269000"]},{"commonName":"Zungri","countryCode":"IT","countryName":"Italy","stateCode":"78","coords":["38.65668000","15.98409000"]}]