[{"commonName":"Acate","countryCode":"IT","countryName":"Italy","stateCode":"82","coords":["37.02318000","14.49302000"]},{"commonName":"Aci Bonaccorsi","countryCode":"IT","countryName":"Italy","stateCode":"82","coords":["37.59640000","15.10724000"]},{"commonName":"Aci Castello","countryCode":"IT","countryName":"Italy","stateCode":"82","coords":["37.55564000","15.14535000"]},{"commonName":"Aci Catena","countryCode":"IT","countryName":"Italy","stateCode":"82","coords":["37.60614000","15.14165000"]},{"commonName":"Aci Sant'Antonio","countryCode":"IT","countryName":"Italy","stateCode":"82","coords":["37.60499000","15.12294000"]},{"commonName":"Aci Trezza","countryCode":"IT","countryName":"Italy","stateCode":"82","coords":["37.56385000","15.16136000"]},{"commonName":"Acireale","countryCode":"IT","countryName":"Italy","stateCode":"82","coords":["37.60886000","15.16577000"]},{"commonName":"Acitrezza","countryCode":"IT","countryName":"Italy","stateCode":"82","coords":["37.55960000","15.15990000"]},{"commonName":"Acquaviva Platani","countryCode":"IT","countryName":"Italy","stateCode":"82","coords":["37.57174000","13.70156000"]},{"commonName":"Acquedolci","countryCode":"IT","countryName":"Italy","stateCode":"82","coords":["38.05708000","14.58550000"]},{"commonName":"Adrano","countryCode":"IT","countryName":"Italy","stateCode":"82","coords":["37.66358000","14.83283000"]},{"commonName":"Agira","countryCode":"IT","countryName":"Italy","stateCode":"82","coords":["37.65580000","14.51972000"]},{"commonName":"Agliandroni-Paternella","countryCode":"IT","countryName":"Italy","stateCode":"82","coords":["38.13280000","13.06884000"]},{"commonName":"Agrigento","countryCode":"IT","countryName":"Italy","stateCode":"82","coords":["37.45000000","13.50000000"]},{"commonName":"Aidone","countryCode":"IT","countryName":"Italy","stateCode":"82","coords":["37.41468000","14.44542000"]},{"commonName":"Alcamo","countryCode":"IT","countryName":"Italy","stateCode":"82","coords":["37.97790000","12.96473000"]},{"commonName":"Alcara Li Fusi","countryCode":"IT","countryName":"Italy","stateCode":"82","coords":["38.02143000","14.70142000"]},{"commonName":"Alessandria della Rocca","countryCode":"IT","countryName":"Italy","stateCode":"82","coords":["37.56767000","13.45343000"]},{"commonName":"Alì","countryCode":"IT","countryName":"Italy","stateCode":"82","coords":["38.02678000","15.41910000"]},{"commonName":"Alì Terme","countryCode":"IT","countryName":"Italy","stateCode":"82","coords":["38.00506000","15.42269000"]},{"commonName":"Alia","countryCode":"IT","countryName":"Italy","stateCode":"82","coords":["37.77867000","13.71391000"]},{"commonName":"Alimena","countryCode":"IT","countryName":"Italy","stateCode":"82","coords":["37.69310000","14.11369000"]},{"commonName":"Aliminusa","countryCode":"IT","countryName":"Italy","stateCode":"82","coords":["37.86395000","13.78126000"]},{"commonName":"Altavilla Milicia","countryCode":"IT","countryName":"Italy","stateCode":"82","coords":["38.03800000","13.54947000"]},{"commonName":"Altofonte","countryCode":"IT","countryName":"Italy","stateCode":"82","coords":["38.04298000","13.29434000"]},{"commonName":"Antillo","countryCode":"IT","countryName":"Italy","stateCode":"82","coords":["37.97937000","15.24029000"]},{"commonName":"Aragona","countryCode":"IT","countryName":"Italy","stateCode":"82","coords":["37.39904000","13.61974000"]},{"commonName":"Assoro","countryCode":"IT","countryName":"Italy","stateCode":"82","coords":["37.62210000","14.41810000"]},{"commonName":"Augusta","countryCode":"IT","countryName":"Italy","stateCode":"82","coords":["37.24065000","15.22121000"]},{"commonName":"Avola","countryCode":"IT","countryName":"Italy","stateCode":"82","coords":["36.90840000","15.13937000"]},{"commonName":"Bagheria","countryCode":"IT","countryName":"Italy","stateCode":"82","coords":["38.07892000","13.51237000"]},{"commonName":"Balestrate","countryCode":"IT","countryName":"Italy","stateCode":"82","coords":["38.05125000","13.00724000"]},{"commonName":"Barcellona Pozzo di Gotto","countryCode":"IT","countryName":"Italy","stateCode":"82","coords":["38.14772000","15.21469000"]},{"commonName":"Barrafranca","countryCode":"IT","countryName":"Italy","stateCode":"82","coords":["37.37850000","14.20270000"]},{"commonName":"Basicò","countryCode":"IT","countryName":"Italy","stateCode":"82","coords":["38.06077000","15.06263000"]},{"commonName":"Baucina","countryCode":"IT","countryName":"Italy","stateCode":"82","coords":["37.92521000","13.53636000"]},{"commonName":"Belmonte Mezzagno","countryCode":"IT","countryName":"Italy","stateCode":"82","coords":["38.04653000","13.39207000"]},{"commonName":"Belpasso","countryCode":"IT","countryName":"Italy","stateCode":"82","coords":["37.59192000","14.97985000"]},{"commonName":"Belvedere","countryCode":"IT","countryName":"Italy","stateCode":"82","coords":["37.08839000","15.21314000"]},{"commonName":"Belvedere-Piano Tavola","countryCode":"IT","countryName":"Italy","stateCode":"82","coords":["37.52955000","14.98786000"]},{"commonName":"Biancavilla","countryCode":"IT","countryName":"Italy","stateCode":"82","coords":["37.64442000","14.86685000"]},{"commonName":"Bisacquino","countryCode":"IT","countryName":"Italy","stateCode":"82","coords":["37.70352000","13.26051000"]},{"commonName":"Bivona","countryCode":"IT","countryName":"Italy","stateCode":"82","coords":["37.61797000","13.43895000"]},{"commonName":"Blufi","countryCode":"IT","countryName":"Italy","stateCode":"82","coords":["37.75205000","14.07296000"]},{"commonName":"Bolognetta","countryCode":"IT","countryName":"Italy","stateCode":"82","coords":["37.97120000","13.45627000"]},{"commonName":"Bompensiere","countryCode":"IT","countryName":"Italy","stateCode":"82","coords":["37.47240000","13.78140000"]},{"commonName":"Bompietro","countryCode":"IT","countryName":"Italy","stateCode":"82","coords":["37.74394000","14.09470000"]},{"commonName":"Borgetto","countryCode":"IT","countryName":"Italy","stateCode":"82","coords":["38.04664000","13.14071000"]},{"commonName":"Brolo","countryCode":"IT","countryName":"Italy","stateCode":"82","coords":["38.15623000","14.82799000"]},{"commonName":"Bronte","countryCode":"IT","countryName":"Italy","stateCode":"82","coords":["37.78863000","14.83377000"]},{"commonName":"Brucoli","countryCode":"IT","countryName":"Italy","stateCode":"82","coords":["37.28191000","15.18836000"]},{"commonName":"Buccheri","countryCode":"IT","countryName":"Italy","stateCode":"82","coords":["37.12494000","14.85222000"]},{"commonName":"Burgio","countryCode":"IT","countryName":"Italy","stateCode":"82","coords":["37.60094000","13.28826000"]},{"commonName":"Buscemi","countryCode":"IT","countryName":"Italy","stateCode":"82","coords":["37.08604000","14.88499000"]},{"commonName":"Buseto Palizzolo","countryCode":"IT","countryName":"Italy","stateCode":"82","coords":["38.00339000","12.70911000"]},{"commonName":"Butera","countryCode":"IT","countryName":"Italy","stateCode":"82","coords":["37.19100000","14.18232000"]},{"commonName":"Caccamo","countryCode":"IT","countryName":"Italy","stateCode":"82","coords":["37.93357000","13.66808000"]},{"commonName":"Calamonaci","countryCode":"IT","countryName":"Italy","stateCode":"82","coords":["37.52566000","13.29053000"]},{"commonName":"Calascibetta","countryCode":"IT","countryName":"Italy","stateCode":"82","coords":["37.59024000","14.27180000"]},{"commonName":"Calatabiano","countryCode":"IT","countryName":"Italy","stateCode":"82","coords":["37.82049000","15.23069000"]},{"commonName":"Calatafimi","countryCode":"IT","countryName":"Italy","stateCode":"82","coords":["37.91440000","12.86364000"]},{"commonName":"Caltabellotta","countryCode":"IT","countryName":"Italy","stateCode":"82","coords":["37.57543000","13.21632000"]},{"commonName":"Caltagirone","countryCode":"IT","countryName":"Italy","stateCode":"82","coords":["37.23785000","14.51551000"]},{"commonName":"Caltanissetta","countryCode":"IT","countryName":"Italy","stateCode":"82","coords":["37.49025000","14.06216000"]},{"commonName":"Caltavuturo","countryCode":"IT","countryName":"Italy","stateCode":"82","coords":["37.82040000","13.89158000"]},{"commonName":"Camastra","countryCode":"IT","countryName":"Italy","stateCode":"82","coords":["37.25380000","13.79211000"]},{"commonName":"Cammarata","countryCode":"IT","countryName":"Italy","stateCode":"82","coords":["37.63361000","13.62722000"]},{"commonName":"Campanella-Gianforma","countryCode":"IT","countryName":"Italy","stateCode":"82","coords":["36.92630000","14.83360000"]},{"commonName":"Campobello di Licata","countryCode":"IT","countryName":"Italy","stateCode":"82","coords":["37.25759000","13.91811000"]},{"commonName":"Campobello di Mazara","countryCode":"IT","countryName":"Italy","stateCode":"82","coords":["37.63464000","12.74946000"]},{"commonName":"Campofelice di Fitalia","countryCode":"IT","countryName":"Italy","stateCode":"82","coords":["37.82686000","13.48572000"]},{"commonName":"Campofelice di Roccella","countryCode":"IT","countryName":"Italy","stateCode":"82","coords":["37.99270000","13.87648000"]},{"commonName":"Campofiorito","countryCode":"IT","countryName":"Italy","stateCode":"82","coords":["37.75374000","13.26875000"]},{"commonName":"Campofranco","countryCode":"IT","countryName":"Italy","stateCode":"82","coords":["37.51208000","13.71213000"]},{"commonName":"Camporeale","countryCode":"IT","countryName":"Italy","stateCode":"82","coords":["37.88612000","13.10107000"]},{"commonName":"Camporotondo Etneo","countryCode":"IT","countryName":"Italy","stateCode":"82","coords":["37.56565000","15.00319000"]},{"commonName":"Canalicchio","countryCode":"IT","countryName":"Italy","stateCode":"82","coords":["37.54097000","15.09645000"]},{"commonName":"Canicattì","countryCode":"IT","countryName":"Italy","stateCode":"82","coords":["37.35842000","13.84786000"]},{"commonName":"Canicattini Bagni","countryCode":"IT","countryName":"Italy","stateCode":"82","coords":["37.03171000","15.06388000"]},{"commonName":"Canneto","countryCode":"IT","countryName":"Italy","stateCode":"82","coords":["38.49505000","14.96037000"]},{"commonName":"Cannizzaro-Favara","countryCode":"IT","countryName":"Italy","stateCode":"82","coords":["38.06163000","13.27167000"]},{"commonName":"Capaci","countryCode":"IT","countryName":"Italy","stateCode":"82","coords":["38.17107000","13.23930000"]},{"commonName":"Capizzi","countryCode":"IT","countryName":"Italy","stateCode":"82","coords":["37.84788000","14.47976000"]},{"commonName":"Capo d'Orlando","countryCode":"IT","countryName":"Italy","stateCode":"82","coords":["38.14262000","14.73292000"]},{"commonName":"Capri Leone","countryCode":"IT","countryName":"Italy","stateCode":"82","coords":["38.08682000","14.72959000"]},{"commonName":"Carini","countryCode":"IT","countryName":"Italy","stateCode":"82","coords":["38.13240000","13.18274000"]},{"commonName":"Carlentini","countryCode":"IT","countryName":"Italy","stateCode":"82","coords":["37.28071000","15.01020000"]},{"commonName":"Caronia","countryCode":"IT","countryName":"Italy","stateCode":"82","coords":["38.02381000","14.44142000"]},{"commonName":"Carrozziere","countryCode":"IT","countryName":"Italy","stateCode":"82","coords":["37.03760000","15.27195000"]},{"commonName":"Carruba","countryCode":"IT","countryName":"Italy","stateCode":"82","coords":["37.69062000","15.18815000"]},{"commonName":"Carrubazza-Motta","countryCode":"IT","countryName":"Italy","stateCode":"82","coords":["37.55323000","15.10819000"]},{"commonName":"Casa Santa","countryCode":"IT","countryName":"Italy","stateCode":"82","coords":["38.02514000","12.54840000"]},{"commonName":"Casalvecchio Siculo","countryCode":"IT","countryName":"Italy","stateCode":"82","coords":["37.95850000","15.32371000"]},{"commonName":"Cassaro","countryCode":"IT","countryName":"Italy","stateCode":"82","coords":["37.10571000","14.94697000"]},{"commonName":"Cassibile","countryCode":"IT","countryName":"Italy","stateCode":"82","coords":["36.97862000","15.20061000"]},{"commonName":"Castanea delle Furie","countryCode":"IT","countryName":"Italy","stateCode":"82","coords":["38.26165000","15.52178000"]},{"commonName":"Castel di Judica","countryCode":"IT","countryName":"Italy","stateCode":"82","coords":["37.49475000","14.64744000"]},{"commonName":"Castel di Lucio","countryCode":"IT","countryName":"Italy","stateCode":"82","coords":["37.88698000","14.31116000"]},{"commonName":"Castelbuono","countryCode":"IT","countryName":"Italy","stateCode":"82","coords":["37.92530000","14.08665000"]},{"commonName":"Casteldaccia","countryCode":"IT","countryName":"Italy","stateCode":"82","coords":["38.05121000","13.53041000"]},{"commonName":"Castell'Umberto","countryCode":"IT","countryName":"Italy","stateCode":"82","coords":["38.08626000","14.80686000"]},{"commonName":"Castellammare del Golfo","countryCode":"IT","countryName":"Italy","stateCode":"82","coords":["38.02653000","12.88183000"]},{"commonName":"Castellana Sicula","countryCode":"IT","countryName":"Italy","stateCode":"82","coords":["37.78686000","14.03906000"]},{"commonName":"Castelluzzo","countryCode":"IT","countryName":"Italy","stateCode":"82","coords":["38.10096000","12.73599000"]},{"commonName":"Castelmola","countryCode":"IT","countryName":"Italy","stateCode":"82","coords":["37.85829000","15.27713000"]},{"commonName":"Casteltermini","countryCode":"IT","countryName":"Italy","stateCode":"82","coords":["37.53874000","13.64601000"]},{"commonName":"Castelvetrano","countryCode":"IT","countryName":"Italy","stateCode":"82","coords":["37.68081000","12.79194000"]},{"commonName":"Castiglione di Sicilia","countryCode":"IT","countryName":"Italy","stateCode":"82","coords":["37.88150000","15.12156000"]},{"commonName":"Castrofilippo","countryCode":"IT","countryName":"Italy","stateCode":"82","coords":["37.35046000","13.75001000"]},{"commonName":"Castronuovo di Sicilia","countryCode":"IT","countryName":"Italy","stateCode":"82","coords":["37.67894000","13.60346000"]},{"commonName":"Castroreale","countryCode":"IT","countryName":"Italy","stateCode":"82","coords":["38.09857000","15.21012000"]},{"commonName":"Catania","countryCode":"IT","countryName":"Italy","stateCode":"82","coords":["37.47169000","14.84731000"]},{"commonName":"Catenanuova","countryCode":"IT","countryName":"Italy","stateCode":"82","coords":["37.56876000","14.69076000"]},{"commonName":"Cattolica Eraclea","countryCode":"IT","countryName":"Italy","stateCode":"82","coords":["37.44069000","13.39265000"]},{"commonName":"Cava d'Aliga","countryCode":"IT","countryName":"Italy","stateCode":"82","coords":["36.72964000","14.69031000"]},{"commonName":"Cefalà Diana","countryCode":"IT","countryName":"Italy","stateCode":"82","coords":["37.91565000","13.46325000"]},{"commonName":"Cefalù","countryCode":"IT","countryName":"Italy","stateCode":"82","coords":["38.03856000","14.02285000"]},{"commonName":"Centuripe","countryCode":"IT","countryName":"Italy","stateCode":"82","coords":["37.62336000","14.74049000"]},{"commonName":"Cerami","countryCode":"IT","countryName":"Italy","stateCode":"82","coords":["37.80953000","14.50660000"]},{"commonName":"Cerda","countryCode":"IT","countryName":"Italy","stateCode":"82","coords":["37.90578000","13.81496000"]},{"commonName":"Cerza","countryCode":"IT","countryName":"Italy","stateCode":"82","coords":["37.54297000","15.10510000"]},{"commonName":"Cesarò","countryCode":"IT","countryName":"Italy","stateCode":"82","coords":["37.84476000","14.71308000"]},{"commonName":"Chianchitta-Pallio","countryCode":"IT","countryName":"Italy","stateCode":"82","coords":["37.82108000","15.25317000"]},{"commonName":"Chianchitta-Trappitello","countryCode":"IT","countryName":"Italy","stateCode":"82","coords":["37.82984000","15.25077000"]},{"commonName":"Chiaramonte Gulfi","countryCode":"IT","countryName":"Italy","stateCode":"82","coords":["37.03050000","14.70302000"]},{"commonName":"Chiusa Sclafani","countryCode":"IT","countryName":"Italy","stateCode":"82","coords":["37.67692000","13.27074000"]},{"commonName":"Ciaculli","countryCode":"IT","countryName":"Italy","stateCode":"82","coords":["38.07530000","13.40719000"]},{"commonName":"Cianciana","countryCode":"IT","countryName":"Italy","stateCode":"82","coords":["37.51896000","13.43349000"]},{"commonName":"Ciavolo","countryCode":"IT","countryName":"Italy","stateCode":"82","coords":["37.77943000","12.53774000"]},{"commonName":"Ciminna","countryCode":"IT","countryName":"Italy","stateCode":"82","coords":["37.89765000","13.55966000"]},{"commonName":"Cinisi","countryCode":"IT","countryName":"Italy","stateCode":"82","coords":["38.16082000","13.10099000"]},{"commonName":"Città Giardino","countryCode":"IT","countryName":"Italy","stateCode":"82","coords":["37.10444000","15.21172000"]},{"commonName":"Collesano","countryCode":"IT","countryName":"Italy","stateCode":"82","coords":["37.91809000","13.93702000"]},{"commonName":"Comiso","countryCode":"IT","countryName":"Italy","stateCode":"82","coords":["36.94893000","14.60731000"]},{"commonName":"Comitini","countryCode":"IT","countryName":"Italy","stateCode":"82","coords":["37.40735000","13.64530000"]},{"commonName":"Condrò","countryCode":"IT","countryName":"Italy","stateCode":"82","coords":["38.17375000","15.32660000"]},{"commonName":"Contessa Entellina","countryCode":"IT","countryName":"Italy","stateCode":"82","coords":["37.73005000","13.18425000"]},{"commonName":"Corleone","countryCode":"IT","countryName":"Italy","stateCode":"82","coords":["37.81338000","13.30170000"]},{"commonName":"Custonaci","countryCode":"IT","countryName":"Italy","stateCode":"82","coords":["38.07931000","12.68571000"]},{"commonName":"Delia","countryCode":"IT","countryName":"Italy","stateCode":"82","coords":["37.35796000","13.92867000"]},{"commonName":"Donnalucata","countryCode":"IT","countryName":"Italy","stateCode":"82","coords":["36.76117000","14.64022000"]},{"commonName":"Enna","countryCode":"IT","countryName":"Italy","stateCode":"82","coords":["37.58333000","14.43333000"]},{"commonName":"Erice","countryCode":"IT","countryName":"Italy","stateCode":"82","coords":["38.03785000","12.58778000"]},{"commonName":"Evangelisti-Rubino","countryCode":"IT","countryName":"Italy","stateCode":"82","coords":["37.98412000","15.17324000"]},{"commonName":"Falcone","countryCode":"IT","countryName":"Italy","stateCode":"82","coords":["38.11698000","15.07965000"]},{"commonName":"Faro Superiore","countryCode":"IT","countryName":"Italy","stateCode":"82","coords":["38.26794000","15.58268000"]},{"commonName":"Favara","countryCode":"IT","countryName":"Italy","stateCode":"82","coords":["37.31754000","13.66226000"]},{"commonName":"Favignana","countryCode":"IT","countryName":"Italy","stateCode":"82","coords":["37.92951000","12.32958000"]},{"commonName":"Ferla","countryCode":"IT","countryName":"Italy","stateCode":"82","coords":["37.11978000","14.93881000"]},{"commonName":"Ficarazzi","countryCode":"IT","countryName":"Italy","stateCode":"82","coords":["38.09229000","13.46390000"]},{"commonName":"Ficarra","countryCode":"IT","countryName":"Italy","stateCode":"82","coords":["38.10849000","14.82990000"]},{"commonName":"Finale","countryCode":"IT","countryName":"Italy","stateCode":"82","coords":["38.01891000","14.16151000"]},{"commonName":"Fiumedinisi","countryCode":"IT","countryName":"Italy","stateCode":"82","coords":["38.02596000","15.38099000"]},{"commonName":"Fiumefreddo Sicilia","countryCode":"IT","countryName":"Italy","stateCode":"82","coords":["37.79146000","15.20919000"]},{"commonName":"Floresta","countryCode":"IT","countryName":"Italy","stateCode":"82","coords":["37.98779000","14.91096000"]},{"commonName":"Floridia","countryCode":"IT","countryName":"Italy","stateCode":"82","coords":["37.08343000","15.15332000"]},{"commonName":"Fondachelli-Fantina","countryCode":"IT","countryName":"Italy","stateCode":"82","coords":["37.98476000","15.17519000"]},{"commonName":"Forza d'Agrò","countryCode":"IT","countryName":"Italy","stateCode":"82","coords":["37.91539000","15.33409000"]},{"commonName":"Francavilla di Sicilia","countryCode":"IT","countryName":"Italy","stateCode":"82","coords":["37.90197000","15.13821000"]},{"commonName":"Francofonte","countryCode":"IT","countryName":"Italy","stateCode":"82","coords":["37.22477000","14.87488000"]},{"commonName":"Frazzanò","countryCode":"IT","countryName":"Italy","stateCode":"82","coords":["38.07202000","14.74407000"]},{"commonName":"Fulgatore-Torretta","countryCode":"IT","countryName":"Italy","stateCode":"82","coords":["37.94977000","12.69303000"]},{"commonName":"Furci Siculo","countryCode":"IT","countryName":"Italy","stateCode":"82","coords":["37.96159000","15.37763000"]},{"commonName":"Furnari","countryCode":"IT","countryName":"Italy","stateCode":"82","coords":["38.10436000","15.12358000"]},{"commonName":"Gaggi","countryCode":"IT","countryName":"Italy","stateCode":"82","coords":["37.85995000","15.22126000"]},{"commonName":"Gagliano Castelferrato","countryCode":"IT","countryName":"Italy","stateCode":"82","coords":["37.70967000","14.53524000"]},{"commonName":"Galati Mamertino","countryCode":"IT","countryName":"Italy","stateCode":"82","coords":["38.03176000","14.77145000"]},{"commonName":"Gallodoro","countryCode":"IT","countryName":"Italy","stateCode":"82","coords":["37.90206000","15.29359000"]},{"commonName":"Gangi","countryCode":"IT","countryName":"Italy","stateCode":"82","coords":["37.79565000","14.20437000"]},{"commonName":"Gela","countryCode":"IT","countryName":"Italy","stateCode":"82","coords":["37.07381000","14.24038000"]},{"commonName":"Geraci Siculo","countryCode":"IT","countryName":"Italy","stateCode":"82","coords":["37.85901000","14.15333000"]},{"commonName":"Giacalone","countryCode":"IT","countryName":"Italy","stateCode":"82","coords":["38.03276000","13.23695000"]},{"commonName":"Giammoro","countryCode":"IT","countryName":"Italy","stateCode":"82","coords":["38.20372000","15.30666000"]},{"commonName":"Giardina Gallotti","countryCode":"IT","countryName":"Italy","stateCode":"82","coords":["37.35073000","13.52272000"]},{"commonName":"Giardinello","countryCode":"IT","countryName":"Italy","stateCode":"82","coords":["38.08706000","13.15648000"]},{"commonName":"Giardini-Naxos","countryCode":"IT","countryName":"Italy","stateCode":"82","coords":["37.82755000","15.26713000"]},{"commonName":"Giarratana","countryCode":"IT","countryName":"Italy","stateCode":"82","coords":["37.04741000","14.79454000"]},{"commonName":"Giarre","countryCode":"IT","countryName":"Italy","stateCode":"82","coords":["37.72440000","15.18165000"]},{"commonName":"Gioiosa Marea","countryCode":"IT","countryName":"Italy","stateCode":"82","coords":["38.17373000","14.89932000"]},{"commonName":"Giuliana","countryCode":"IT","countryName":"Italy","stateCode":"82","coords":["37.67280000","13.23737000"]},{"commonName":"Gliaca","countryCode":"IT","countryName":"Italy","stateCode":"82","coords":["38.16317000","14.84768000"]},{"commonName":"Godrano","countryCode":"IT","countryName":"Italy","stateCode":"82","coords":["37.90310000","13.42823000"]},{"commonName":"Grammichele","countryCode":"IT","countryName":"Italy","stateCode":"82","coords":["37.21326000","14.63311000"]},{"commonName":"Graniti","countryCode":"IT","countryName":"Italy","stateCode":"82","coords":["37.88986000","15.22459000"]},{"commonName":"Gratteri","countryCode":"IT","countryName":"Italy","stateCode":"82","coords":["37.96607000","13.97314000"]},{"commonName":"Gravina di Catania","countryCode":"IT","countryName":"Italy","stateCode":"82","coords":["37.56085000","15.06292000"]},{"commonName":"Grotte","countryCode":"IT","countryName":"Italy","stateCode":"82","coords":["37.40346000","13.69889000"]},{"commonName":"Gualtieri Sicaminò","countryCode":"IT","countryName":"Italy","stateCode":"82","coords":["38.16267000","15.31699000"]},{"commonName":"Guidomandri Marina","countryCode":"IT","countryName":"Italy","stateCode":"82","coords":["38.04528000","15.46303000"]},{"commonName":"Isnello","countryCode":"IT","countryName":"Italy","stateCode":"82","coords":["37.94324000","14.00724000"]},{"commonName":"Isola delle Femmine","countryCode":"IT","countryName":"Italy","stateCode":"82","coords":["38.19123000","13.24691000"]},{"commonName":"Ispica","countryCode":"IT","countryName":"Italy","stateCode":"82","coords":["36.78622000","14.90530000"]},{"commonName":"Itala","countryCode":"IT","countryName":"Italy","stateCode":"82","coords":["38.05144000","15.43706000"]},{"commonName":"Joppolo Giancaxio","countryCode":"IT","countryName":"Italy","stateCode":"82","coords":["37.38681000","13.55586000"]},{"commonName":"Kamma","countryCode":"IT","countryName":"Italy","stateCode":"82","coords":["36.79701000","12.03617000"]},{"commonName":"Lampedusa","countryCode":"IT","countryName":"Italy","stateCode":"82","coords":["35.50142000","12.60964000"]},{"commonName":"Larderia","countryCode":"IT","countryName":"Italy","stateCode":"82","coords":["38.14101000","15.50287000"]},{"commonName":"Lascari","countryCode":"IT","countryName":"Italy","stateCode":"82","coords":["38.00067000","13.94053000"]},{"commonName":"Lavinaio-Monterosso","countryCode":"IT","countryName":"Italy","stateCode":"82","coords":["37.64097000","15.10462000"]},{"commonName":"Leni","countryCode":"IT","countryName":"Italy","stateCode":"82","coords":["38.55534000","14.82497000"]},{"commonName":"Lentini","countryCode":"IT","countryName":"Italy","stateCode":"82","coords":["37.28556000","14.99737000"]},{"commonName":"Leonforte","countryCode":"IT","countryName":"Italy","stateCode":"82","coords":["37.64197000","14.39766000"]},{"commonName":"Lercara Friddi","countryCode":"IT","countryName":"Italy","stateCode":"82","coords":["37.74657000","13.60391000"]},{"commonName":"Letojanni","countryCode":"IT","countryName":"Italy","stateCode":"82","coords":["37.88050000","15.30735000"]},{"commonName":"Librizzi","countryCode":"IT","countryName":"Italy","stateCode":"82","coords":["38.09719000","14.95909000"]},{"commonName":"Licata","countryCode":"IT","countryName":"Italy","stateCode":"82","coords":["37.10267000","13.93972000"]},{"commonName":"Licodia Eubea","countryCode":"IT","countryName":"Italy","stateCode":"82","coords":["37.15674000","14.70555000"]},{"commonName":"Limina","countryCode":"IT","countryName":"Italy","stateCode":"82","coords":["37.94076000","15.27119000"]},{"commonName":"Linera","countryCode":"IT","countryName":"Italy","stateCode":"82","coords":["37.66380000","15.13653000"]},{"commonName":"Linguaglossa","countryCode":"IT","countryName":"Italy","stateCode":"82","coords":["37.84243000","15.13774000"]},{"commonName":"Lipari","countryCode":"IT","countryName":"Italy","stateCode":"82","coords":["38.46743000","14.95398000"]},{"commonName":"Longi","countryCode":"IT","countryName":"Italy","stateCode":"82","coords":["38.02617000","14.75306000"]},{"commonName":"Lucca Sicula","countryCode":"IT","countryName":"Italy","stateCode":"82","coords":["37.57783000","13.30579000"]},{"commonName":"Maletto","countryCode":"IT","countryName":"Italy","stateCode":"82","coords":["37.82914000","14.86403000"]},{"commonName":"Malfa","countryCode":"IT","countryName":"Italy","stateCode":"82","coords":["38.57730000","14.83598000"]},{"commonName":"Malvagna","countryCode":"IT","countryName":"Italy","stateCode":"82","coords":["37.91752000","15.05548000"]},{"commonName":"Mandanici","countryCode":"IT","countryName":"Italy","stateCode":"82","coords":["38.00356000","15.31669000"]},{"commonName":"Maniace","countryCode":"IT","countryName":"Italy","stateCode":"82","coords":["37.88306000","14.79808000"]},{"commonName":"Marausa","countryCode":"IT","countryName":"Italy","stateCode":"82","coords":["37.94166000","12.50948000"]},{"commonName":"Marianopoli","countryCode":"IT","countryName":"Italy","stateCode":"82","coords":["37.59840000","13.91520000"]},{"commonName":"Marina di Caronia","countryCode":"IT","countryName":"Italy","stateCode":"82","coords":["38.03545000","14.44182000"]},{"commonName":"Marina di Ragusa","countryCode":"IT","countryName":"Italy","stateCode":"82","coords":["36.78575000","14.55474000"]},{"commonName":"Marinella","countryCode":"IT","countryName":"Italy","stateCode":"82","coords":["37.59475000","12.84434000"]},{"commonName":"Marineo","countryCode":"IT","countryName":"Italy","stateCode":"82","coords":["37.95185000","13.41781000"]},{"commonName":"Marsala","countryCode":"IT","countryName":"Italy","stateCode":"82","coords":["37.79920000","12.43670000"]},{"commonName":"Mascali","countryCode":"IT","countryName":"Italy","stateCode":"82","coords":["37.75794000","15.19662000"]},{"commonName":"Mascalucia","countryCode":"IT","countryName":"Italy","stateCode":"82","coords":["37.57465000","15.04964000"]},{"commonName":"Maugeri","countryCode":"IT","countryName":"Italy","stateCode":"82","coords":["37.58608000","15.11785000"]},{"commonName":"Mazara del Vallo","countryCode":"IT","countryName":"Italy","stateCode":"82","coords":["37.65535000","12.58986000"]},{"commonName":"Mazara II","countryCode":"IT","countryName":"Italy","stateCode":"82","coords":["37.68146000","12.60074000"]},{"commonName":"Mazzarino","countryCode":"IT","countryName":"Italy","stateCode":"82","coords":["37.30188000","14.20959000"]},{"commonName":"Mazzarrà Sant'Andrea","countryCode":"IT","countryName":"Italy","stateCode":"82","coords":["38.08969000","15.13535000"]},{"commonName":"Mazzarrone","countryCode":"IT","countryName":"Italy","stateCode":"82","coords":["37.08834000","14.56128000"]},{"commonName":"Melia","countryCode":"IT","countryName":"Italy","stateCode":"82","coords":["37.90384000","15.27499000"]},{"commonName":"Melilli","countryCode":"IT","countryName":"Italy","stateCode":"82","coords":["37.17821000","15.13020000"]},{"commonName":"Menfi","countryCode":"IT","countryName":"Italy","stateCode":"82","coords":["37.60409000","12.96889000"]},{"commonName":"Merì","countryCode":"IT","countryName":"Italy","stateCode":"82","coords":["38.16630000","15.24970000"]},{"commonName":"Messina","countryCode":"IT","countryName":"Italy","stateCode":"82","coords":["38.05000000","14.86667000"]},{"commonName":"Mezzojuso","countryCode":"IT","countryName":"Italy","stateCode":"82","coords":["37.86509000","13.46509000"]},{"commonName":"Milazzo","countryCode":"IT","countryName":"Italy","stateCode":"82","coords":["38.22008000","15.24023000"]},{"commonName":"Milena","countryCode":"IT","countryName":"Italy","stateCode":"82","coords":["37.47133000","13.73613000"]},{"commonName":"Militello in Val di Catania","countryCode":"IT","countryName":"Italy","stateCode":"82","coords":["37.27594000","14.79342000"]},{"commonName":"Militello Rosmarino","countryCode":"IT","countryName":"Italy","stateCode":"82","coords":["38.04575000","14.67584000"]},{"commonName":"Milo","countryCode":"IT","countryName":"Italy","stateCode":"82","coords":["37.72450000","15.11554000"]},{"commonName":"Mineo","countryCode":"IT","countryName":"Italy","stateCode":"82","coords":["37.26494000","14.69381000"]},{"commonName":"Mirabella Imbaccari","countryCode":"IT","countryName":"Italy","stateCode":"82","coords":["37.32702000","14.44605000"]},{"commonName":"Mirto","countryCode":"IT","countryName":"Italy","stateCode":"82","coords":["38.08439000","14.74609000"]},{"commonName":"Misilmeri","countryCode":"IT","countryName":"Italy","stateCode":"82","coords":["38.03183000","13.44795000"]},{"commonName":"Misterbianco","countryCode":"IT","countryName":"Italy","stateCode":"82","coords":["37.51803000","15.00913000"]},{"commonName":"Mistretta","countryCode":"IT","countryName":"Italy","stateCode":"82","coords":["37.92823000","14.35780000"]},{"commonName":"Modica","countryCode":"IT","countryName":"Italy","stateCode":"82","coords":["36.85868000","14.75966000"]},{"commonName":"Moio Alcantara","countryCode":"IT","countryName":"Italy","stateCode":"82","coords":["37.90056000","15.05072000"]},{"commonName":"Monforte San Giorgio","countryCode":"IT","countryName":"Italy","stateCode":"82","coords":["38.15733000","15.38132000"]},{"commonName":"Mongiuffi Melia","countryCode":"IT","countryName":"Italy","stateCode":"82","coords":["37.90336000","15.27539000"]},{"commonName":"Monreale","countryCode":"IT","countryName":"Italy","stateCode":"82","coords":["38.08125000","13.28947000"]},{"commonName":"Montagnareale","countryCode":"IT","countryName":"Italy","stateCode":"82","coords":["38.13216000","14.94658000"]},{"commonName":"Montalbano Elicona","countryCode":"IT","countryName":"Italy","stateCode":"82","coords":["38.02360000","15.01393000"]},{"commonName":"Montallegro","countryCode":"IT","countryName":"Italy","stateCode":"82","coords":["37.39121000","13.35179000"]},{"commonName":"Montedoro","countryCode":"IT","countryName":"Italy","stateCode":"82","coords":["37.45431000","13.81684000"]},{"commonName":"Montelepre","countryCode":"IT","countryName":"Italy","stateCode":"82","coords":["38.09026000","13.17518000"]},{"commonName":"Montemaggiore Belsito","countryCode":"IT","countryName":"Italy","stateCode":"82","coords":["37.84818000","13.76206000"]},{"commonName":"Monterosso Almo","countryCode":"IT","countryName":"Italy","stateCode":"82","coords":["37.08884000","14.76498000"]},{"commonName":"Montevago","countryCode":"IT","countryName":"Italy","stateCode":"82","coords":["37.70224000","12.98584000"]},{"commonName":"Motta Camastra","countryCode":"IT","countryName":"Italy","stateCode":"82","coords":["37.89431000","15.17008000"]},{"commonName":"Motta d'Affermo","countryCode":"IT","countryName":"Italy","stateCode":"82","coords":["37.98096000","14.30337000"]},{"commonName":"Motta Sant'Anastasia","countryCode":"IT","countryName":"Italy","stateCode":"82","coords":["37.51205000","14.96628000"]},{"commonName":"Mussomeli","countryCode":"IT","countryName":"Italy","stateCode":"82","coords":["37.58067000","13.75214000"]},{"commonName":"Naro","countryCode":"IT","countryName":"Italy","stateCode":"82","coords":["37.29248000","13.79337000"]},{"commonName":"Naso","countryCode":"IT","countryName":"Italy","stateCode":"82","coords":["38.12215000","14.78702000"]},{"commonName":"Nicolosi","countryCode":"IT","countryName":"Italy","stateCode":"82","coords":["37.62148000","15.02785000"]},{"commonName":"Nicosia","countryCode":"IT","countryName":"Italy","stateCode":"82","coords":["37.74747000","14.39218000"]},{"commonName":"Niscemi","countryCode":"IT","countryName":"Italy","stateCode":"82","coords":["37.14649000","14.39381000"]},{"commonName":"Nissoria","countryCode":"IT","countryName":"Italy","stateCode":"82","coords":["37.65410000","14.44810000"]},{"commonName":"Nizza di Sicilia","countryCode":"IT","countryName":"Italy","stateCode":"82","coords":["37.99081000","15.40956000"]},{"commonName":"Noto","countryCode":"IT","countryName":"Italy","stateCode":"82","coords":["36.89244000","15.06977000"]},{"commonName":"Novara di Sicilia","countryCode":"IT","countryName":"Italy","stateCode":"82","coords":["38.01538000","15.13134000"]},{"commonName":"Nunziata","countryCode":"IT","countryName":"Italy","stateCode":"82","coords":["37.75858000","15.17058000"]},{"commonName":"Nuova Gibellina","countryCode":"IT","countryName":"Italy","stateCode":"82","coords":["37.80704000","12.86954000"]},{"commonName":"Nuovo Centro Urbano Poggioreale","countryCode":"IT","countryName":"Italy","stateCode":"82","coords":["37.76404000","13.03594000"]},{"commonName":"Oliveri","countryCode":"IT","countryName":"Italy","stateCode":"82","coords":["38.12515000","15.06068000"]},{"commonName":"Pace del Mela","countryCode":"IT","countryName":"Italy","stateCode":"82","coords":["38.17997000","15.30629000"]},{"commonName":"Paceco","countryCode":"IT","countryName":"Italy","stateCode":"82","coords":["37.98026000","12.55766000"]},{"commonName":"Pachino","countryCode":"IT","countryName":"Italy","stateCode":"82","coords":["36.71522000","15.09019000"]},{"commonName":"Pagliara","countryCode":"IT","countryName":"Italy","stateCode":"82","coords":["37.98546000","15.35969000"]},{"commonName":"Palagonia","countryCode":"IT","countryName":"Italy","stateCode":"82","coords":["37.32955000","14.74474000"]},{"commonName":"Palazzo Adriano","countryCode":"IT","countryName":"Italy","stateCode":"82","coords":["37.68066000","13.37941000"]},{"commonName":"Palazzolo","countryCode":"IT","countryName":"Italy","stateCode":"82","coords":["37.56224000","14.92987000"]},{"commonName":"Palazzolo Acreide","countryCode":"IT","countryName":"Italy","stateCode":"82","coords":["37.06261000","14.90593000"]},{"commonName":"Palermo","countryCode":"IT","countryName":"Italy","stateCode":"82","coords":["37.81667000","13.58333000"]},{"commonName":"Palma di Montechiaro","countryCode":"IT","countryName":"Italy","stateCode":"82","coords":["37.19066000","13.76603000"]},{"commonName":"Pantelleria","countryCode":"IT","countryName":"Italy","stateCode":"82","coords":["36.82836000","11.94611000"]},{"commonName":"Partanna","countryCode":"IT","countryName":"Italy","stateCode":"82","coords":["37.72680000","12.88917000"]},{"commonName":"Partinico","countryCode":"IT","countryName":"Italy","stateCode":"82","coords":["38.04657000","13.11785000"]},{"commonName":"Pasteria-Lapide","countryCode":"IT","countryName":"Italy","stateCode":"82","coords":["37.81012000","15.22818000"]},{"commonName":"Paternò","countryCode":"IT","countryName":"Italy","stateCode":"82","coords":["37.56675000","14.90254000"]},{"commonName":"Patti","countryCode":"IT","countryName":"Italy","stateCode":"82","coords":["38.14736000","14.96409000"]},{"commonName":"Pedagaggi","countryCode":"IT","countryName":"Italy","stateCode":"82","coords":["37.19182000","14.93654000"]},{"commonName":"Pedalino","countryCode":"IT","countryName":"Italy","stateCode":"82","coords":["37.02320000","14.58116000"]},{"commonName":"Pedara","countryCode":"IT","countryName":"Italy","stateCode":"82","coords":["37.62386000","15.05672000"]},{"commonName":"Pennisi","countryCode":"IT","countryName":"Italy","stateCode":"82","coords":["37.64945000","15.12385000"]},{"commonName":"Petralia Soprana","countryCode":"IT","countryName":"Italy","stateCode":"82","coords":["37.80064000","14.10813000"]},{"commonName":"Petralia Sottana","countryCode":"IT","countryName":"Italy","stateCode":"82","coords":["37.80919000","14.09293000"]},{"commonName":"Petrosino","countryCode":"IT","countryName":"Italy","stateCode":"82","coords":["37.71271000","12.49964000"]},{"commonName":"Pettineo","countryCode":"IT","countryName":"Italy","stateCode":"82","coords":["37.96793000","14.29118000"]},{"commonName":"Piana degli Albanesi","countryCode":"IT","countryName":"Italy","stateCode":"82","coords":["37.99372000","13.28464000"]},{"commonName":"Piano dei Geli","countryCode":"IT","countryName":"Italy","stateCode":"82","coords":["38.09919000","13.27478000"]},{"commonName":"Piano Maglio-Blandino","countryCode":"IT","countryName":"Italy","stateCode":"82","coords":["38.05793000","13.30909000"]},{"commonName":"Pianoconte","countryCode":"IT","countryName":"Italy","stateCode":"82","coords":["38.47432000","14.92857000"]},{"commonName":"Piazza Armerina","countryCode":"IT","countryName":"Italy","stateCode":"82","coords":["37.38417000","14.36921000"]},{"commonName":"Piedimonte Etneo","countryCode":"IT","countryName":"Italy","stateCode":"82","coords":["37.80677000","15.17516000"]},{"commonName":"Pietraperzia","countryCode":"IT","countryName":"Italy","stateCode":"82","coords":["37.41852000","14.13739000"]},{"commonName":"Pioppo","countryCode":"IT","countryName":"Italy","stateCode":"82","coords":["38.05000000","13.23333000"]},{"commonName":"Piraino","countryCode":"IT","countryName":"Italy","stateCode":"82","coords":["38.16127000","14.86100000"]},{"commonName":"Polizzi Generosa","countryCode":"IT","countryName":"Italy","stateCode":"82","coords":["37.81159000","14.00268000"]},{"commonName":"Pollina","countryCode":"IT","countryName":"Italy","stateCode":"82","coords":["37.99309000","14.14586000"]},{"commonName":"Portella di Mare","countryCode":"IT","countryName":"Italy","stateCode":"82","coords":["38.07304000","13.46199000"]},{"commonName":"Porto Empedocle","countryCode":"IT","countryName":"Italy","stateCode":"82","coords":["37.28942000","13.52494000"]},{"commonName":"Portopalo di Capo Passero","countryCode":"IT","countryName":"Italy","stateCode":"82","coords":["36.68219000","15.13378000"]},{"commonName":"Pozzallo","countryCode":"IT","countryName":"Italy","stateCode":"82","coords":["36.73028000","14.84672000"]},{"commonName":"Priolo Gargallo","countryCode":"IT","countryName":"Italy","stateCode":"82","coords":["37.15512000","15.18248000"]},{"commonName":"Prizzi","countryCode":"IT","countryName":"Italy","stateCode":"82","coords":["37.72088000","13.43435000"]},{"commonName":"Provincia di Caltanissetta","countryCode":"IT","countryName":"Italy","stateCode":"82","coords":["37.37448000","14.06421000"]},{"commonName":"Provincia di Siracusa","countryCode":"IT","countryName":"Italy","stateCode":"82","coords":["37.08805000","15.27924000"]},{"commonName":"Racalmuto","countryCode":"IT","countryName":"Italy","stateCode":"82","coords":["37.40498000","13.72995000"]},{"commonName":"Raccuja","countryCode":"IT","countryName":"Italy","stateCode":"82","coords":["38.05583000","14.91044000"]},{"commonName":"Raddusa","countryCode":"IT","countryName":"Italy","stateCode":"82","coords":["37.47529000","14.53521000"]},{"commonName":"Raffadali","countryCode":"IT","countryName":"Italy","stateCode":"82","coords":["37.40214000","13.53175000"]},{"commonName":"Ragalna","countryCode":"IT","countryName":"Italy","stateCode":"82","coords":["37.63455000","14.94698000"]},{"commonName":"Ragusa","countryCode":"IT","countryName":"Italy","stateCode":"82","coords":["36.91667000","14.60000000"]},{"commonName":"Ramacca","countryCode":"IT","countryName":"Italy","stateCode":"82","coords":["37.38616000","14.69241000"]},{"commonName":"Randazzo","countryCode":"IT","countryName":"Italy","stateCode":"82","coords":["37.87736000","14.95012000"]},{"commonName":"Ravanusa","countryCode":"IT","countryName":"Italy","stateCode":"82","coords":["37.26659000","13.96834000"]},{"commonName":"Realmonte","countryCode":"IT","countryName":"Italy","stateCode":"82","coords":["37.30847000","13.46429000"]},{"commonName":"Regalbuto","countryCode":"IT","countryName":"Italy","stateCode":"82","coords":["37.65195000","14.63915000"]},{"commonName":"Reitano","countryCode":"IT","countryName":"Italy","stateCode":"82","coords":["37.97198000","14.34418000"]},{"commonName":"Resuttano","countryCode":"IT","countryName":"Italy","stateCode":"82","coords":["37.67865000","14.02946000"]},{"commonName":"Ribera","countryCode":"IT","countryName":"Italy","stateCode":"82","coords":["37.49773000","13.26676000"]},{"commonName":"Riesi","countryCode":"IT","countryName":"Italy","stateCode":"82","coords":["37.28079000","14.08317000"]},{"commonName":"Rilievo","countryCode":"IT","countryName":"Italy","stateCode":"82","coords":["37.91638000","12.54058000"]},{"commonName":"Riposto","countryCode":"IT","countryName":"Italy","stateCode":"82","coords":["37.73183000","15.20576000"]},{"commonName":"Rocca di Capri Leone","countryCode":"IT","countryName":"Italy","stateCode":"82","coords":["38.10677000","14.71032000"]},{"commonName":"Roccafiorita","countryCode":"IT","countryName":"Italy","stateCode":"82","coords":["37.93086000","15.26739000"]},{"commonName":"Roccalumera","countryCode":"IT","countryName":"Italy","stateCode":"82","coords":["37.97554000","15.39439000"]},{"commonName":"Roccamena","countryCode":"IT","countryName":"Italy","stateCode":"82","coords":["37.83824000","13.15513000"]},{"commonName":"Roccapalumba","countryCode":"IT","countryName":"Italy","stateCode":"82","coords":["37.80825000","13.63671000"]},{"commonName":"Roccavaldina","countryCode":"IT","countryName":"Italy","stateCode":"82","coords":["38.18296000","15.37402000"]},{"commonName":"Roccella Valdemone","countryCode":"IT","countryName":"Italy","stateCode":"82","coords":["37.93289000","15.00997000"]},{"commonName":"Rodì","countryCode":"IT","countryName":"Italy","stateCode":"82","coords":["38.10823000","15.16933000"]},{"commonName":"Rometta","countryCode":"IT","countryName":"Italy","stateCode":"82","coords":["38.17007000","15.41429000"]},{"commonName":"Rometta Marea","countryCode":"IT","countryName":"Italy","stateCode":"82","coords":["38.23264000","15.40955000"]},{"commonName":"Rosolini","countryCode":"IT","countryName":"Italy","stateCode":"82","coords":["36.82145000","14.95132000"]},{"commonName":"Salaparuta","countryCode":"IT","countryName":"Italy","stateCode":"82","coords":["37.75694000","13.00981000"]},{"commonName":"Salemi","countryCode":"IT","countryName":"Italy","stateCode":"82","coords":["37.82199000","12.80506000"]},{"commonName":"Sambuca di Sicilia","countryCode":"IT","countryName":"Italy","stateCode":"82","coords":["37.65294000","13.11462000"]},{"commonName":"San Biagio Platani","countryCode":"IT","countryName":"Italy","stateCode":"82","coords":["37.50927000","13.52844000"]},{"commonName":"San Cataldo","countryCode":"IT","countryName":"Italy","stateCode":"82","coords":["37.48412000","13.98542000"]},{"commonName":"San Cipirello","countryCode":"IT","countryName":"Italy","stateCode":"82","coords":["37.96067000","13.17732000"]},{"commonName":"San Ciro-Ulmi-Filci","countryCode":"IT","countryName":"Italy","stateCode":"82","coords":["37.83328000","12.78229000"]},{"commonName":"San Cono","countryCode":"IT","countryName":"Italy","stateCode":"82","coords":["37.28992000","14.36709000"]},{"commonName":"San Filippo del Mela","countryCode":"IT","countryName":"Italy","stateCode":"82","coords":["38.17007000","15.27338000"]},{"commonName":"San Fratello","countryCode":"IT","countryName":"Italy","stateCode":"82","coords":["38.01556000","14.59818000"]},{"commonName":"San Giorgio","countryCode":"IT","countryName":"Italy","stateCode":"82","coords":["38.16834000","14.94825000"]},{"commonName":"San Giovanni","countryCode":"IT","countryName":"Italy","stateCode":"82","coords":["37.73538000","15.15887000"]},{"commonName":"San Giovanni Gemini","countryCode":"IT","countryName":"Italy","stateCode":"82","coords":["37.62785000","13.64357000"]},{"commonName":"San Giovanni la Punta","countryCode":"IT","countryName":"Italy","stateCode":"82","coords":["37.57690000","15.09371000"]},{"commonName":"San Giuseppe Jato","countryCode":"IT","countryName":"Italy","stateCode":"82","coords":["37.97331000","13.18889000"]},{"commonName":"San Gregorio di Catania","countryCode":"IT","countryName":"Italy","stateCode":"82","coords":["37.56764000","15.11120000"]},{"commonName":"San Leone Mosè","countryCode":"IT","countryName":"Italy","stateCode":"82","coords":["37.26497000","13.58434000"]},{"commonName":"San Marco d'Alunzio","countryCode":"IT","countryName":"Italy","stateCode":"82","coords":["38.07261000","14.70093000"]},{"commonName":"San Mauro Castelverde","countryCode":"IT","countryName":"Italy","stateCode":"82","coords":["37.91478000","14.18961000"]},{"commonName":"San Michele di Ganzaria","countryCode":"IT","countryName":"Italy","stateCode":"82","coords":["37.28042000","14.42633000"]},{"commonName":"San Pier Niceto","countryCode":"IT","countryName":"Italy","stateCode":"82","coords":["38.16050000","15.34982000"]},{"commonName":"San Piero Patti","countryCode":"IT","countryName":"Italy","stateCode":"82","coords":["38.05214000","14.96816000"]},{"commonName":"San Pietro Clarenza","countryCode":"IT","countryName":"Italy","stateCode":"82","coords":["37.56885000","15.02289000"]},{"commonName":"San Salvatore di Fitalia","countryCode":"IT","countryName":"Italy","stateCode":"82","coords":["38.06841000","14.77799000"]},{"commonName":"San Teodoro","countryCode":"IT","countryName":"Italy","stateCode":"82","coords":["37.84797000","14.69878000"]},{"commonName":"San Vito Lo Capo","countryCode":"IT","countryName":"Italy","stateCode":"82","coords":["38.17395000","12.73599000"]},{"commonName":"Sant'Agata di Militello","countryCode":"IT","countryName":"Italy","stateCode":"82","coords":["38.06838000","14.63600000"]},{"commonName":"Sant'Agata Li Battiati","countryCode":"IT","countryName":"Italy","stateCode":"82","coords":["37.55745000","15.07999000"]},{"commonName":"Sant'Alessio Siculo","countryCode":"IT","countryName":"Italy","stateCode":"82","coords":["37.92516000","15.34968000"]},{"commonName":"Sant'Alfio","countryCode":"IT","countryName":"Italy","stateCode":"82","coords":["37.74393000","15.13952000"]},{"commonName":"Sant'Angelo di Brolo","countryCode":"IT","countryName":"Italy","stateCode":"82","coords":["38.11518000","14.88403000"]},{"commonName":"Sant'Angelo Muxaro","countryCode":"IT","countryName":"Italy","stateCode":"82","coords":["37.48014000","13.54554000"]},{"commonName":"Santa Caterina Villarmosa","countryCode":"IT","countryName":"Italy","stateCode":"82","coords":["37.59034000","14.03554000"]},{"commonName":"Santa Cristina Gela","countryCode":"IT","countryName":"Italy","stateCode":"82","coords":["37.98514000","13.32747000"]},{"commonName":"Santa Croce Camerina","countryCode":"IT","countryName":"Italy","stateCode":"82","coords":["36.82842000","14.52538000"]},{"commonName":"Santa Domenica Vittoria","countryCode":"IT","countryName":"Italy","stateCode":"82","coords":["37.91624000","14.96288000"]},{"commonName":"Santa Elisabetta","countryCode":"IT","countryName":"Italy","stateCode":"82","coords":["37.43171000","13.55386000"]},{"commonName":"Santa Flavia","countryCode":"IT","countryName":"Italy","stateCode":"82","coords":["38.10448000","13.53340000"]},{"commonName":"Santa Lucia del Mela","countryCode":"IT","countryName":"Italy","stateCode":"82","coords":["38.14408000","15.28055000"]},{"commonName":"Santa Margherita di Belice","countryCode":"IT","countryName":"Italy","stateCode":"82","coords":["37.69281000","13.01584000"]},{"commonName":"Santa Maria di Licodia","countryCode":"IT","countryName":"Italy","stateCode":"82","coords":["37.61684000","14.89337000"]},{"commonName":"Santa Maria la Stella","countryCode":"IT","countryName":"Italy","stateCode":"82","coords":["37.62349000","15.12071000"]},{"commonName":"Santa Marina Salina","countryCode":"IT","countryName":"Italy","stateCode":"82","coords":["38.56117000","14.87077000"]},{"commonName":"Santa Ninfa","countryCode":"IT","countryName":"Italy","stateCode":"82","coords":["37.77042000","12.87744000"]},{"commonName":"Santa Teresa di Riva","countryCode":"IT","countryName":"Italy","stateCode":"82","coords":["37.94635000","15.36671000"]},{"commonName":"Santa Venerina","countryCode":"IT","countryName":"Italy","stateCode":"82","coords":["37.69103000","15.13880000"]},{"commonName":"Santo Stefano di Camastra","countryCode":"IT","countryName":"Italy","stateCode":"82","coords":["38.01295000","14.35142000"]},{"commonName":"Santo Stefano Quisquina","countryCode":"IT","countryName":"Italy","stateCode":"82","coords":["37.62606000","13.48976000"]},{"commonName":"Saponara","countryCode":"IT","countryName":"Italy","stateCode":"82","coords":["38.19241000","15.43442000"]},{"commonName":"Saponara Marittima","countryCode":"IT","countryName":"Italy","stateCode":"82","coords":["38.23121000","15.42621000"]},{"commonName":"Sasi","countryCode":"IT","countryName":"Italy","stateCode":"82","coords":["37.90217000","12.88788000"]},{"commonName":"Savoca","countryCode":"IT","countryName":"Italy","stateCode":"82","coords":["37.95326000","15.34009000"]},{"commonName":"Scaletta Zanclea","countryCode":"IT","countryName":"Italy","stateCode":"82","coords":["38.04796000","15.46769000"]},{"commonName":"Sciacca","countryCode":"IT","countryName":"Italy","stateCode":"82","coords":["37.50693000","13.08399000"]},{"commonName":"Sciara","countryCode":"IT","countryName":"Italy","stateCode":"82","coords":["37.91511000","13.76177000"]},{"commonName":"Scicli","countryCode":"IT","countryName":"Italy","stateCode":"82","coords":["36.79014000","14.70280000"]},{"commonName":"Scillato","countryCode":"IT","countryName":"Italy","stateCode":"82","coords":["37.85778000","13.90632000"]},{"commonName":"Sclafani Bagni","countryCode":"IT","countryName":"Italy","stateCode":"82","coords":["37.82175000","13.85476000"]},{"commonName":"Scoglitti","countryCode":"IT","countryName":"Italy","stateCode":"82","coords":["36.89424000","14.43355000"]},{"commonName":"Scordia","countryCode":"IT","countryName":"Italy","stateCode":"82","coords":["37.29548000","14.84058000"]},{"commonName":"Serradifalco","countryCode":"IT","countryName":"Italy","stateCode":"82","coords":["37.45384000","13.88046000"]},{"commonName":"Sfaranda","countryCode":"IT","countryName":"Italy","stateCode":"82","coords":["38.05815000","14.83147000"]},{"commonName":"Sferracavallo","countryCode":"IT","countryName":"Italy","stateCode":"82","coords":["38.20000000","13.28333000"]},{"commonName":"Siculiana","countryCode":"IT","countryName":"Italy","stateCode":"82","coords":["37.33515000","13.42432000"]},{"commonName":"Sinagra","countryCode":"IT","countryName":"Italy","stateCode":"82","coords":["38.08191000","14.85009000"]},{"commonName":"Siracusa","countryCode":"IT","countryName":"Italy","stateCode":"82","coords":["37.07542000","15.28664000"]},{"commonName":"Solarino","countryCode":"IT","countryName":"Italy","stateCode":"82","coords":["37.10136000","15.11988000"]},{"commonName":"Sommatino","countryCode":"IT","countryName":"Italy","stateCode":"82","coords":["37.33471000","13.99739000"]},{"commonName":"Sortino","countryCode":"IT","countryName":"Italy","stateCode":"82","coords":["37.15881000","15.02998000"]},{"commonName":"Spadafora","countryCode":"IT","countryName":"Italy","stateCode":"82","coords":["38.22349000","15.38178000"]},{"commonName":"Sparta'","countryCode":"IT","countryName":"Italy","stateCode":"82","coords":["38.29371000","15.53503000"]},{"commonName":"Sperlinga","countryCode":"IT","countryName":"Italy","stateCode":"82","coords":["37.76653000","14.35075000"]},{"commonName":"Sutera","countryCode":"IT","countryName":"Italy","stateCode":"82","coords":["37.52493000","13.73274000"]},{"commonName":"Taormina","countryCode":"IT","countryName":"Italy","stateCode":"82","coords":["37.85358000","15.28851000"]},{"commonName":"Terme","countryCode":"IT","countryName":"Italy","stateCode":"82","coords":["38.13586000","15.15658000"]},{"commonName":"Termini Imerese","countryCode":"IT","countryName":"Italy","stateCode":"82","coords":["37.98225000","13.69729000"]},{"commonName":"Terrasini","countryCode":"IT","countryName":"Italy","stateCode":"82","coords":["38.14621000","13.08319000"]},{"commonName":"Tonnara di Bonagia","countryCode":"IT","countryName":"Italy","stateCode":"82","coords":["38.06309000","12.59434000"]},{"commonName":"Tonnarella","countryCode":"IT","countryName":"Italy","stateCode":"82","coords":["38.12539000","15.11348000"]},{"commonName":"Torre Colonna-Sperone","countryCode":"IT","countryName":"Italy","stateCode":"82","coords":["38.02986000","13.57377000"]},{"commonName":"Torregrotta","countryCode":"IT","countryName":"Italy","stateCode":"82","coords":["38.20262000","15.35010000"]},{"commonName":"Torrenova","countryCode":"IT","countryName":"Italy","stateCode":"82","coords":["38.09246000","14.67917000"]},{"commonName":"Torretta","countryCode":"IT","countryName":"Italy","stateCode":"82","coords":["38.13036000","13.23549000"]},{"commonName":"Tortorici","countryCode":"IT","countryName":"Italy","stateCode":"82","coords":["38.02973000","14.82212000"]},{"commonName":"Trabia","countryCode":"IT","countryName":"Italy","stateCode":"82","coords":["38.00420000","13.63393000"]},{"commonName":"Trapani","countryCode":"IT","countryName":"Italy","stateCode":"82","coords":["37.83333000","12.66667000"]},{"commonName":"Trappeto","countryCode":"IT","countryName":"Italy","stateCode":"82","coords":["38.06875000","13.03794000"]},{"commonName":"Tre Fontane","countryCode":"IT","countryName":"Italy","stateCode":"82","coords":["37.56989000","12.72423000"]},{"commonName":"Trecastagni","countryCode":"IT","countryName":"Italy","stateCode":"82","coords":["37.61543000","15.07796000"]},{"commonName":"Tremestieri Etneo","countryCode":"IT","countryName":"Italy","stateCode":"82","coords":["37.56494000","15.07863000"]},{"commonName":"Tripi","countryCode":"IT","countryName":"Italy","stateCode":"82","coords":["38.04673000","15.09670000"]},{"commonName":"Triscina","countryCode":"IT","countryName":"Italy","stateCode":"82","coords":["37.58717000","12.78912000"]},{"commonName":"Troina","countryCode":"IT","countryName":"Italy","stateCode":"82","coords":["37.78437000","14.59605000"]},{"commonName":"Tusa","countryCode":"IT","countryName":"Italy","stateCode":"82","coords":["37.98385000","14.23606000"]},{"commonName":"Ucria","countryCode":"IT","countryName":"Italy","stateCode":"82","coords":["38.04624000","14.88087000"]},{"commonName":"Ustica","countryCode":"IT","countryName":"Italy","stateCode":"82","coords":["38.70985000","13.19293000"]},{"commonName":"Valderice","countryCode":"IT","countryName":"Italy","stateCode":"82","coords":["38.04005000","12.61505000"]},{"commonName":"Valdina","countryCode":"IT","countryName":"Italy","stateCode":"82","coords":["38.19351000","15.36980000"]},{"commonName":"Valguarnera Caropepe","countryCode":"IT","countryName":"Italy","stateCode":"82","coords":["37.49527000","14.39025000"]},{"commonName":"Valledolmo","countryCode":"IT","countryName":"Italy","stateCode":"82","coords":["37.74703000","13.82811000"]},{"commonName":"Vallelunga Pratameno","countryCode":"IT","countryName":"Italy","stateCode":"82","coords":["37.68205000","13.83156000"]},{"commonName":"Valverde","countryCode":"IT","countryName":"Italy","stateCode":"82","coords":["37.57695000","15.12419000"]},{"commonName":"Vambolieri","countryCode":"IT","countryName":"Italy","stateCode":"82","coords":["37.57417000","15.16019000"]},{"commonName":"Venetico Marina","countryCode":"IT","countryName":"Italy","stateCode":"82","coords":["38.21928000","15.36648000"]},{"commonName":"Venetico Superiore","countryCode":"IT","countryName":"Italy","stateCode":"82","coords":["38.19307000","15.38119000"]},{"commonName":"Ventimiglia di Sicilia","countryCode":"IT","countryName":"Italy","stateCode":"82","coords":["37.92361000","13.56768000"]},{"commonName":"Viagrande","countryCode":"IT","countryName":"Italy","stateCode":"82","coords":["37.61032000","15.09794000"]},{"commonName":"Vicari","countryCode":"IT","countryName":"Italy","stateCode":"82","coords":["37.82371000","13.56889000"]},{"commonName":"Vigliatore 2","countryCode":"IT","countryName":"Italy","stateCode":"82","coords":["38.12221000","15.13066000"]},{"commonName":"Villa Ciambra","countryCode":"IT","countryName":"Italy","stateCode":"82","coords":["38.06129000","13.32000000"]},{"commonName":"Villabate","countryCode":"IT","countryName":"Italy","stateCode":"82","coords":["38.07789000","13.44275000"]},{"commonName":"Villafranca Sicula","countryCode":"IT","countryName":"Italy","stateCode":"82","coords":["37.58761000","13.29048000"]},{"commonName":"Villafranca Tirrena","countryCode":"IT","countryName":"Italy","stateCode":"82","coords":["38.23952000","15.43885000"]},{"commonName":"Villafrati","countryCode":"IT","countryName":"Italy","stateCode":"82","coords":["37.90646000","13.48486000"]},{"commonName":"Villaggio del Pino-Le Ginestre","countryCode":"IT","countryName":"Italy","stateCode":"82","coords":["37.58292000","15.00377000"]},{"commonName":"Villalba","countryCode":"IT","countryName":"Italy","stateCode":"82","coords":["37.65457000","13.84452000"]},{"commonName":"Villarosa","countryCode":"IT","countryName":"Italy","stateCode":"82","coords":["37.58753000","14.17089000"]},{"commonName":"Villaseta","countryCode":"IT","countryName":"Italy","stateCode":"82","coords":["37.29877000","13.55919000"]},{"commonName":"Villasmundo","countryCode":"IT","countryName":"Italy","stateCode":"82","coords":["37.25132000","15.09087000"]},{"commonName":"Vita","countryCode":"IT","countryName":"Italy","stateCode":"82","coords":["37.86886000","12.82755000"]},{"commonName":"Vittoria","countryCode":"IT","countryName":"Italy","stateCode":"82","coords":["36.95151000","14.52788000"]},{"commonName":"Vizzini","countryCode":"IT","countryName":"Italy","stateCode":"82","coords":["37.16188000","14.75712000"]},{"commonName":"Zafferana Etnea","countryCode":"IT","countryName":"Italy","stateCode":"82","coords":["37.67895000","15.10432000"]}]