[{"commonName":"Acres Green","countryCode":"US","countryName":"United States","stateCode":"CO","coords":["39.55666000","-104.89609000"]},{"commonName":"Adams County","countryCode":"US","countryName":"United States","stateCode":"CO","coords":["39.87363000","-104.33791000"]},{"commonName":"Air Force Academy","countryCode":"US","countryName":"United States","stateCode":"CO","coords":["38.99425000","-104.86375000"]},{"commonName":"Akron","countryCode":"US","countryName":"United States","stateCode":"CO","coords":["40.16054000","-103.21438000"]},{"commonName":"Alamosa","countryCode":"US","countryName":"United States","stateCode":"CO","coords":["37.46945000","-105.87002000"]},{"commonName":"Alamosa County","countryCode":"US","countryName":"United States","stateCode":"CO","coords":["37.57289000","-105.78829000"]},{"commonName":"Alamosa East","countryCode":"US","countryName":"United States","stateCode":"CO","coords":["37.47735000","-105.84217000"]},{"commonName":"Applewood","countryCode":"US","countryName":"United States","stateCode":"CO","coords":["39.75778000","-105.16250000"]},{"commonName":"Arapahoe County","countryCode":"US","countryName":"United States","stateCode":"CO","coords":["39.64977000","-104.33924000"]},{"commonName":"Archuleta County","countryCode":"US","countryName":"United States","stateCode":"CO","coords":["37.19360000","-107.04833000"]},{"commonName":"Aristocrat Ranchettes","countryCode":"US","countryName":"United States","stateCode":"CO","coords":["40.10915000","-104.76247000"]},{"commonName":"Arvada","countryCode":"US","countryName":"United States","stateCode":"CO","coords":["39.80276000","-105.08748000"]},{"commonName":"Aspen","countryCode":"US","countryName":"United States","stateCode":"CO","coords":["39.19110000","-106.81754000"]},{"commonName":"Ault","countryCode":"US","countryName":"United States","stateCode":"CO","coords":["40.58248000","-104.73191000"]},{"commonName":"Aurora","countryCode":"US","countryName":"United States","stateCode":"CO","coords":["39.72943000","-104.83192000"]},{"commonName":"Avon","countryCode":"US","countryName":"United States","stateCode":"CO","coords":["39.63137000","-106.52225000"]},{"commonName":"Baca County","countryCode":"US","countryName":"United States","stateCode":"CO","coords":["37.31918000","-102.56047000"]},{"commonName":"Basalt","countryCode":"US","countryName":"United States","stateCode":"CO","coords":["39.36887000","-107.03282000"]},{"commonName":"Battlement Mesa","countryCode":"US","countryName":"United States","stateCode":"CO","coords":["39.44137000","-108.02507000"]},{"commonName":"Bayfield","countryCode":"US","countryName":"United States","stateCode":"CO","coords":["37.22556000","-107.59811000"]},{"commonName":"Bennett","countryCode":"US","countryName":"United States","stateCode":"CO","coords":["39.75887000","-104.42746000"]},{"commonName":"Bent County","countryCode":"US","countryName":"United States","stateCode":"CO","coords":["37.95509000","-103.07170000"]},{"commonName":"Berkley","countryCode":"US","countryName":"United States","stateCode":"CO","coords":["39.80443000","-105.02609000"]},{"commonName":"Berthoud","countryCode":"US","countryName":"United States","stateCode":"CO","coords":["40.30832000","-105.08109000"]},{"commonName":"Black Forest","countryCode":"US","countryName":"United States","stateCode":"CO","coords":["39.01305000","-104.70081000"]},{"commonName":"Boulder","countryCode":"US","countryName":"United States","stateCode":"CO","coords":["40.01499000","-105.27055000"]},{"commonName":"Boulder County","countryCode":"US","countryName":"United States","stateCode":"CO","coords":["40.09246000","-105.35770000"]},{"commonName":"Breckenridge","countryCode":"US","countryName":"United States","stateCode":"CO","coords":["39.48165000","-106.03835000"]},{"commonName":"Brighton","countryCode":"US","countryName":"United States","stateCode":"CO","coords":["39.98526000","-104.82053000"]},{"commonName":"Broomfield","countryCode":"US","countryName":"United States","stateCode":"CO","coords":["39.92054000","-105.08665000"]},{"commonName":"Broomfield County","countryCode":"US","countryName":"United States","stateCode":"CO","coords":["39.95413000","-105.05266000"]},{"commonName":"Brush","countryCode":"US","countryName":"United States","stateCode":"CO","coords":["40.25887000","-103.62384000"]},{"commonName":"Buena Vista","countryCode":"US","countryName":"United States","stateCode":"CO","coords":["38.84222000","-106.13113000"]},{"commonName":"Burlington","countryCode":"US","countryName":"United States","stateCode":"CO","coords":["39.30611000","-102.26936000"]},{"commonName":"Byers","countryCode":"US","countryName":"United States","stateCode":"CO","coords":["39.71137000","-104.22774000"]},{"commonName":"Campion","countryCode":"US","countryName":"United States","stateCode":"CO","coords":["40.34943000","-105.07776000"]},{"commonName":"Cañon City","countryCode":"US","countryName":"United States","stateCode":"CO","coords":["38.44098000","-105.24245000"]},{"commonName":"Carbondale","countryCode":"US","countryName":"United States","stateCode":"CO","coords":["39.40221000","-107.21116000"]},{"commonName":"Carriage Club","countryCode":"US","countryName":"United States","stateCode":"CO","coords":["39.53249000","-104.90109000"]},{"commonName":"Cascade-Chipita Park","countryCode":"US","countryName":"United States","stateCode":"CO","coords":["38.94354000","-105.00237000"]},{"commonName":"Castle Pines","countryCode":"US","countryName":"United States","stateCode":"CO","coords":["39.45804000","-104.89609000"]},{"commonName":"Castle Pines North","countryCode":"US","countryName":"United States","stateCode":"CO","coords":["39.47174000","-104.89482000"]},{"commonName":"Castle Rock","countryCode":"US","countryName":"United States","stateCode":"CO","coords":["39.37221000","-104.85609000"]},{"commonName":"Castlewood","countryCode":"US","countryName":"United States","stateCode":"CO","coords":["39.58471000","-104.90109000"]},{"commonName":"Cedaredge","countryCode":"US","countryName":"United States","stateCode":"CO","coords":["38.90165000","-107.92645000"]},{"commonName":"Centennial","countryCode":"US","countryName":"United States","stateCode":"CO","coords":["39.57916000","-104.87692000"]},{"commonName":"Center","countryCode":"US","countryName":"United States","stateCode":"CO","coords":["37.75306000","-106.10864000"]},{"commonName":"Central City","countryCode":"US","countryName":"United States","stateCode":"CO","coords":["39.80193000","-105.51416000"]},{"commonName":"Chaffee County","countryCode":"US","countryName":"United States","stateCode":"CO","coords":["38.74690000","-106.19407000"]},{"commonName":"Cherry Creek","countryCode":"US","countryName":"United States","stateCode":"CO","coords":["39.63455000","-104.88286000"]},{"commonName":"Cherry Hills Village","countryCode":"US","countryName":"United States","stateCode":"CO","coords":["39.64165000","-104.95943000"]},{"commonName":"Cheyenne County","countryCode":"US","countryName":"United States","stateCode":"CO","coords":["38.82794000","-102.60340000"]},{"commonName":"Cheyenne Wells","countryCode":"US","countryName":"United States","stateCode":"CO","coords":["38.82140000","-102.35324000"]},{"commonName":"Cimarron Hills","countryCode":"US","countryName":"United States","stateCode":"CO","coords":["38.85861000","-104.69886000"]},{"commonName":"Clear Creek County","countryCode":"US","countryName":"United States","stateCode":"CO","coords":["39.68910000","-105.64436000"]},{"commonName":"Clifton","countryCode":"US","countryName":"United States","stateCode":"CO","coords":["39.09193000","-108.44898000"]},{"commonName":"Coal Creek","countryCode":"US","countryName":"United States","stateCode":"CO","coords":["39.90638000","-105.37749000"]},{"commonName":"Colorado City","countryCode":"US","countryName":"United States","stateCode":"CO","coords":["37.94529000","-104.83526000"]},{"commonName":"Colorado Springs","countryCode":"US","countryName":"United States","stateCode":"CO","coords":["38.83388000","-104.82136000"]},{"commonName":"Columbine","countryCode":"US","countryName":"United States","stateCode":"CO","coords":["39.58777000","-105.06943000"]},{"commonName":"Columbine Valley","countryCode":"US","countryName":"United States","stateCode":"CO","coords":["39.60110000","-105.03221000"]},{"commonName":"Commerce City","countryCode":"US","countryName":"United States","stateCode":"CO","coords":["39.80832000","-104.93387000"]},{"commonName":"Conejos","countryCode":"US","countryName":"United States","stateCode":"CO","coords":["37.08835000","-106.01974000"]},{"commonName":"Conejos County","countryCode":"US","countryName":"United States","stateCode":"CO","coords":["37.20070000","-106.19163000"]},{"commonName":"Cortez","countryCode":"US","countryName":"United States","stateCode":"CO","coords":["37.34888000","-108.58593000"]},{"commonName":"Costilla County","countryCode":"US","countryName":"United States","stateCode":"CO","coords":["37.27810000","-105.42827000"]},{"commonName":"Craig","countryCode":"US","countryName":"United States","stateCode":"CO","coords":["40.51525000","-107.54645000"]},{"commonName":"Creede","countryCode":"US","countryName":"United States","stateCode":"CO","coords":["37.84917000","-106.92643000"]},{"commonName":"Crested Butte","countryCode":"US","countryName":"United States","stateCode":"CO","coords":["38.86971000","-106.98782000"]},{"commonName":"Cripple Creek","countryCode":"US","countryName":"United States","stateCode":"CO","coords":["38.74666000","-105.17831000"]},{"commonName":"Crowley County","countryCode":"US","countryName":"United States","stateCode":"CO","coords":["38.32666000","-103.78483000"]},{"commonName":"Custer County","countryCode":"US","countryName":"United States","stateCode":"CO","coords":["38.10868000","-105.36747000"]},{"commonName":"Dacono","countryCode":"US","countryName":"United States","stateCode":"CO","coords":["40.08471000","-104.93942000"]},{"commonName":"Del Norte","countryCode":"US","countryName":"United States","stateCode":"CO","coords":["37.67889000","-106.35337000"]},{"commonName":"Delta","countryCode":"US","countryName":"United States","stateCode":"CO","coords":["38.74221000","-108.06896000"]},{"commonName":"Delta County","countryCode":"US","countryName":"United States","stateCode":"CO","coords":["38.86137000","-107.86288000"]},{"commonName":"Denver","countryCode":"US","countryName":"United States","stateCode":"CO","coords":["39.73915000","-104.98470000"]},{"commonName":"Denver County","countryCode":"US","countryName":"United States","stateCode":"CO","coords":["39.76204000","-104.87635000"]},{"commonName":"Derby","countryCode":"US","countryName":"United States","stateCode":"CO","coords":["39.83943000","-104.91859000"]},{"commonName":"Dolores County","countryCode":"US","countryName":"United States","stateCode":"CO","coords":["37.75160000","-108.51722000"]},{"commonName":"Douglas County","countryCode":"US","countryName":"United States","stateCode":"CO","coords":["39.32972000","-104.92956000"]},{"commonName":"Dove Creek","countryCode":"US","countryName":"United States","stateCode":"CO","coords":["37.76610000","-108.90594000"]},{"commonName":"Dove Valley","countryCode":"US","countryName":"United States","stateCode":"CO","coords":["39.57771000","-104.82940000"]},{"commonName":"Durango","countryCode":"US","countryName":"United States","stateCode":"CO","coords":["37.27528000","-107.88007000"]},{"commonName":"Eads","countryCode":"US","countryName":"United States","stateCode":"CO","coords":["38.48056000","-102.78186000"]},{"commonName":"Eagle","countryCode":"US","countryName":"United States","stateCode":"CO","coords":["39.65526000","-106.82865000"]},{"commonName":"Eagle County","countryCode":"US","countryName":"United States","stateCode":"CO","coords":["39.62783000","-106.69530000"]},{"commonName":"Eaton","countryCode":"US","countryName":"United States","stateCode":"CO","coords":["40.53026000","-104.71135000"]},{"commonName":"Edgewater","countryCode":"US","countryName":"United States","stateCode":"CO","coords":["39.75304000","-105.06415000"]},{"commonName":"Edwards","countryCode":"US","countryName":"United States","stateCode":"CO","coords":["39.64499000","-106.59420000"]},{"commonName":"El Jebel","countryCode":"US","countryName":"United States","stateCode":"CO","coords":["39.39498000","-107.09033000"]},{"commonName":"El Paso County","countryCode":"US","countryName":"United States","stateCode":"CO","coords":["38.83209000","-104.52558000"]},{"commonName":"Elbert County","countryCode":"US","countryName":"United States","stateCode":"CO","coords":["39.28656000","-104.13589000"]},{"commonName":"Elizabeth","countryCode":"US","countryName":"United States","stateCode":"CO","coords":["39.36027000","-104.59691000"]},{"commonName":"Ellicott","countryCode":"US","countryName":"United States","stateCode":"CO","coords":["38.83833000","-104.38691000"]},{"commonName":"Englewood","countryCode":"US","countryName":"United States","stateCode":"CO","coords":["39.64777000","-104.98776000"]},{"commonName":"Erie","countryCode":"US","countryName":"United States","stateCode":"CO","coords":["40.05026000","-105.04998000"]},{"commonName":"Estes Park","countryCode":"US","countryName":"United States","stateCode":"CO","coords":["40.37721000","-105.52167000"]},{"commonName":"Evans","countryCode":"US","countryName":"United States","stateCode":"CO","coords":["40.37637000","-104.69219000"]},{"commonName":"Evergreen","countryCode":"US","countryName":"United States","stateCode":"CO","coords":["39.63332000","-105.31721000"]},{"commonName":"Fairplay","countryCode":"US","countryName":"United States","stateCode":"CO","coords":["39.22471000","-106.00196000"]},{"commonName":"Federal Heights","countryCode":"US","countryName":"United States","stateCode":"CO","coords":["39.85137000","-104.99859000"]},{"commonName":"Firestone","countryCode":"US","countryName":"United States","stateCode":"CO","coords":["40.11248000","-104.93664000"]},{"commonName":"Florence","countryCode":"US","countryName":"United States","stateCode":"CO","coords":["38.39028000","-105.11860000"]},{"commonName":"Fort Carson","countryCode":"US","countryName":"United States","stateCode":"CO","coords":["38.73749000","-104.78886000"]},{"commonName":"Fort Collins","countryCode":"US","countryName":"United States","stateCode":"CO","coords":["40.58526000","-105.08442000"]},{"commonName":"Fort Lupton","countryCode":"US","countryName":"United States","stateCode":"CO","coords":["40.08471000","-104.81303000"]},{"commonName":"Fort Morgan","countryCode":"US","countryName":"United States","stateCode":"CO","coords":["40.25026000","-103.79995000"]},{"commonName":"Fountain","countryCode":"US","countryName":"United States","stateCode":"CO","coords":["38.68222000","-104.70081000"]},{"commonName":"Fowler","countryCode":"US","countryName":"United States","stateCode":"CO","coords":["38.12917000","-104.02329000"]},{"commonName":"Fraser","countryCode":"US","countryName":"United States","stateCode":"CO","coords":["39.94499000","-105.81723000"]},{"commonName":"Frederick","countryCode":"US","countryName":"United States","stateCode":"CO","coords":["40.09915000","-104.93720000"]},{"commonName":"Fremont County","countryCode":"US","countryName":"United States","stateCode":"CO","coords":["38.47297000","-105.43966000"]},{"commonName":"Frisco","countryCode":"US","countryName":"United States","stateCode":"CO","coords":["39.57443000","-106.09752000"]},{"commonName":"Fruita","countryCode":"US","countryName":"United States","stateCode":"CO","coords":["39.15887000","-108.72899000"]},{"commonName":"Fruitvale","countryCode":"US","countryName":"United States","stateCode":"CO","coords":["39.08165000","-108.49676000"]},{"commonName":"Garfield County","countryCode":"US","countryName":"United States","stateCode":"CO","coords":["39.59931000","-107.90395000"]},{"commonName":"Genesee","countryCode":"US","countryName":"United States","stateCode":"CO","coords":["39.68582000","-105.27277000"]},{"commonName":"Georgetown","countryCode":"US","countryName":"United States","stateCode":"CO","coords":["39.70610000","-105.69750000"]},{"commonName":"Gilcrest","countryCode":"US","countryName":"United States","stateCode":"CO","coords":["40.28193000","-104.77775000"]},{"commonName":"Gilpin County","countryCode":"US","countryName":"United States","stateCode":"CO","coords":["39.85756000","-105.52253000"]},{"commonName":"Glendale","countryCode":"US","countryName":"United States","stateCode":"CO","coords":["39.70499000","-104.93359000"]},{"commonName":"Gleneagle","countryCode":"US","countryName":"United States","stateCode":"CO","coords":["39.04527000","-104.82442000"]},{"commonName":"Glenwood Springs","countryCode":"US","countryName":"United States","stateCode":"CO","coords":["39.55054000","-107.32478000"]},{"commonName":"Golden","countryCode":"US","countryName":"United States","stateCode":"CO","coords":["39.75554000","-105.22110000"]},{"commonName":"Granby","countryCode":"US","countryName":"United States","stateCode":"CO","coords":["40.08610000","-105.93946000"]},{"commonName":"Grand County","countryCode":"US","countryName":"United States","stateCode":"CO","coords":["40.10261000","-106.11836000"]},{"commonName":"Grand Junction","countryCode":"US","countryName":"United States","stateCode":"CO","coords":["39.06387000","-108.55065000"]},{"commonName":"Greeley","countryCode":"US","countryName":"United States","stateCode":"CO","coords":["40.42331000","-104.70913000"]},{"commonName":"Greenwood Village","countryCode":"US","countryName":"United States","stateCode":"CO","coords":["39.61721000","-104.95081000"]},{"commonName":"Gunbarrel","countryCode":"US","countryName":"United States","stateCode":"CO","coords":["40.06335000","-105.17107000"]},{"commonName":"Gunnison","countryCode":"US","countryName":"United States","stateCode":"CO","coords":["38.54582000","-106.92532000"]},{"commonName":"Gunnison County","countryCode":"US","countryName":"United States","stateCode":"CO","coords":["38.66680000","-107.03170000"]},{"commonName":"Gypsum","countryCode":"US","countryName":"United States","stateCode":"CO","coords":["39.64693000","-106.95171000"]},{"commonName":"Hayden","countryCode":"US","countryName":"United States","stateCode":"CO","coords":["40.49529000","-107.25729000"]},{"commonName":"Highlands Ranch","countryCode":"US","countryName":"United States","stateCode":"CO","coords":["39.55388000","-104.96943000"]},{"commonName":"Hinsdale County","countryCode":"US","countryName":"United States","stateCode":"CO","coords":["37.82134000","-107.30031000"]},{"commonName":"Holly Hills","countryCode":"US","countryName":"United States","stateCode":"CO","coords":["39.66757000","-104.91797000"]},{"commonName":"Holyoke","countryCode":"US","countryName":"United States","stateCode":"CO","coords":["40.58444000","-102.30241000"]},{"commonName":"Hot Sulphur Springs","countryCode":"US","countryName":"United States","stateCode":"CO","coords":["40.07304000","-106.10280000"]},{"commonName":"Hudson","countryCode":"US","countryName":"United States","stateCode":"CO","coords":["40.07359000","-104.64302000"]},{"commonName":"Huerfano County","countryCode":"US","countryName":"United States","stateCode":"CO","coords":["37.68468000","-104.96058000"]},{"commonName":"Hugo","countryCode":"US","countryName":"United States","stateCode":"CO","coords":["39.13610000","-103.46994000"]},{"commonName":"Idaho Springs","countryCode":"US","countryName":"United States","stateCode":"CO","coords":["39.74249000","-105.51361000"]},{"commonName":"Indian Hills","countryCode":"US","countryName":"United States","stateCode":"CO","coords":["39.61665000","-105.23721000"]},{"commonName":"Inverness","countryCode":"US","countryName":"United States","stateCode":"CO","coords":["39.57738000","-104.86135000"]},{"commonName":"Jackson County","countryCode":"US","countryName":"United States","stateCode":"CO","coords":["40.66643000","-106.34279000"]},{"commonName":"Jefferson County","countryCode":"US","countryName":"United States","stateCode":"CO","coords":["39.58642000","-105.25047000"]},{"commonName":"Johnstown","countryCode":"US","countryName":"United States","stateCode":"CO","coords":["40.33693000","-104.91220000"]},{"commonName":"Julesburg","countryCode":"US","countryName":"United States","stateCode":"CO","coords":["40.98833000","-102.26435000"]},{"commonName":"Keenesburg","countryCode":"US","countryName":"United States","stateCode":"CO","coords":["40.10832000","-104.51996000"]},{"commonName":"Ken Caryl","countryCode":"US","countryName":"United States","stateCode":"CO","coords":["39.57582000","-105.11221000"]},{"commonName":"Kersey","countryCode":"US","countryName":"United States","stateCode":"CO","coords":["40.38748000","-104.56163000"]},{"commonName":"Keystone","countryCode":"US","countryName":"United States","stateCode":"CO","coords":["39.59943000","-105.98724000"]},{"commonName":"Kiowa","countryCode":"US","countryName":"United States","stateCode":"CO","coords":["39.34721000","-104.46441000"]},{"commonName":"Kiowa County","countryCode":"US","countryName":"United States","stateCode":"CO","coords":["38.43269000","-102.74034000"]},{"commonName":"Kit Carson County","countryCode":"US","countryName":"United States","stateCode":"CO","coords":["39.30544000","-102.60289000"]},{"commonName":"Kittredge","countryCode":"US","countryName":"United States","stateCode":"CO","coords":["39.65471000","-105.29971000"]},{"commonName":"Kremmling","countryCode":"US","countryName":"United States","stateCode":"CO","coords":["40.05887000","-106.38892000"]},{"commonName":"La Junta","countryCode":"US","countryName":"United States","stateCode":"CO","coords":["37.98501000","-103.54383000"]},{"commonName":"La Plata County","countryCode":"US","countryName":"United States","stateCode":"CO","coords":["37.28656000","-107.84334000"]},{"commonName":"La Salle","countryCode":"US","countryName":"United States","stateCode":"CO","coords":["40.34887000","-104.70191000"]},{"commonName":"Lafayette","countryCode":"US","countryName":"United States","stateCode":"CO","coords":["39.99360000","-105.08971000"]},{"commonName":"Lake City","countryCode":"US","countryName":"United States","stateCode":"CO","coords":["38.03000000","-107.31533000"]},{"commonName":"Lake County","countryCode":"US","countryName":"United States","stateCode":"CO","coords":["39.20238000","-106.34484000"]},{"commonName":"Lakewood","countryCode":"US","countryName":"United States","stateCode":"CO","coords":["39.70471000","-105.08137000"]},{"commonName":"Lamar","countryCode":"US","countryName":"United States","stateCode":"CO","coords":["38.08723000","-102.62075000"]},{"commonName":"Laporte","countryCode":"US","countryName":"United States","stateCode":"CO","coords":["40.62633000","-105.13916000"]},{"commonName":"Larimer County","countryCode":"US","countryName":"United States","stateCode":"CO","coords":["40.66641000","-105.46116000"]},{"commonName":"Las Animas","countryCode":"US","countryName":"United States","stateCode":"CO","coords":["38.06667000","-103.22271000"]},{"commonName":"Las Animas County","countryCode":"US","countryName":"United States","stateCode":"CO","coords":["37.31585000","-104.03872000"]},{"commonName":"Leadville","countryCode":"US","countryName":"United States","stateCode":"CO","coords":["39.25082000","-106.29252000"]},{"commonName":"Leadville North","countryCode":"US","countryName":"United States","stateCode":"CO","coords":["39.25760000","-106.30138000"]},{"commonName":"Limon","countryCode":"US","countryName":"United States","stateCode":"CO","coords":["39.26388000","-103.69217000"]},{"commonName":"Lincoln County","countryCode":"US","countryName":"United States","stateCode":"CO","coords":["38.98807000","-103.51397000"]},{"commonName":"Lincoln Park","countryCode":"US","countryName":"United States","stateCode":"CO","coords":["38.42916000","-105.21999000"]},{"commonName":"Littleton","countryCode":"US","countryName":"United States","stateCode":"CO","coords":["39.61332000","-105.01665000"]},{"commonName":"Lochbuie","countryCode":"US","countryName":"United States","stateCode":"CO","coords":["40.00721000","-104.71608000"]},{"commonName":"Logan County","countryCode":"US","countryName":"United States","stateCode":"CO","coords":["40.72468000","-103.11010000"]},{"commonName":"Loma","countryCode":"US","countryName":"United States","stateCode":"CO","coords":["39.19581000","-108.81316000"]},{"commonName":"Lone Tree","countryCode":"US","countryName":"United States","stateCode":"CO","coords":["39.55171000","-104.88630000"]},{"commonName":"Longmont","countryCode":"US","countryName":"United States","stateCode":"CO","coords":["40.16721000","-105.10193000"]},{"commonName":"Louisville","countryCode":"US","countryName":"United States","stateCode":"CO","coords":["39.97776000","-105.13193000"]},{"commonName":"Loveland","countryCode":"US","countryName":"United States","stateCode":"CO","coords":["40.39776000","-105.07498000"]},{"commonName":"Lyons","countryCode":"US","countryName":"United States","stateCode":"CO","coords":["40.22471000","-105.27138000"]},{"commonName":"Mancos","countryCode":"US","countryName":"United States","stateCode":"CO","coords":["37.34500000","-108.28925000"]},{"commonName":"Manitou Springs","countryCode":"US","countryName":"United States","stateCode":"CO","coords":["38.85971000","-104.91720000"]},{"commonName":"Mead","countryCode":"US","countryName":"United States","stateCode":"CO","coords":["40.23332000","-104.99859000"]},{"commonName":"Meeker","countryCode":"US","countryName":"United States","stateCode":"CO","coords":["40.03747000","-107.91313000"]},{"commonName":"Meridian","countryCode":"US","countryName":"United States","stateCode":"CO","coords":["39.53957000","-104.84528000"]},{"commonName":"Mesa County","countryCode":"US","countryName":"United States","stateCode":"CO","coords":["39.01828000","-108.46645000"]},{"commonName":"Milliken","countryCode":"US","countryName":"United States","stateCode":"CO","coords":["40.32943000","-104.85525000"]},{"commonName":"Mineral County","countryCode":"US","countryName":"United States","stateCode":"CO","coords":["37.66900000","-106.92409000"]},{"commonName":"Minturn","countryCode":"US","countryName":"United States","stateCode":"CO","coords":["39.58637000","-106.43086000"]},{"commonName":"Moffat County","countryCode":"US","countryName":"United States","stateCode":"CO","coords":["40.61843000","-108.20730000"]},{"commonName":"Monte Vista","countryCode":"US","countryName":"United States","stateCode":"CO","coords":["37.57917000","-106.14808000"]},{"commonName":"Montezuma County","countryCode":"US","countryName":"United States","stateCode":"CO","coords":["37.33841000","-108.59671000"]},{"commonName":"Montrose","countryCode":"US","countryName":"United States","stateCode":"CO","coords":["38.47832000","-107.87617000"]},{"commonName":"Montrose County","countryCode":"US","countryName":"United States","stateCode":"CO","coords":["38.40218000","-108.26936000"]},{"commonName":"Monument","countryCode":"US","countryName":"United States","stateCode":"CO","coords":["39.09166000","-104.87276000"]},{"commonName":"Morgan County","countryCode":"US","countryName":"United States","stateCode":"CO","coords":["40.26271000","-103.80982000"]},{"commonName":"Mountain Village","countryCode":"US","countryName":"United States","stateCode":"CO","coords":["37.93138000","-107.85645000"]},{"commonName":"Nederland","countryCode":"US","countryName":"United States","stateCode":"CO","coords":["39.96138000","-105.51083000"]},{"commonName":"New Castle","countryCode":"US","countryName":"United States","stateCode":"CO","coords":["39.57276000","-107.53644000"]},{"commonName":"Niwot","countryCode":"US","countryName":"United States","stateCode":"CO","coords":["40.10387000","-105.17082000"]},{"commonName":"Northglenn","countryCode":"US","countryName":"United States","stateCode":"CO","coords":["39.88554000","-104.98720000"]},{"commonName":"Olathe","countryCode":"US","countryName":"United States","stateCode":"CO","coords":["38.60499000","-107.98229000"]},{"commonName":"Orchard City","countryCode":"US","countryName":"United States","stateCode":"CO","coords":["38.82832000","-107.97090000"]},{"commonName":"Orchard Mesa","countryCode":"US","countryName":"United States","stateCode":"CO","coords":["39.04304000","-108.55232000"]},{"commonName":"Ordway","countryCode":"US","countryName":"United States","stateCode":"CO","coords":["38.21806000","-103.75606000"]},{"commonName":"Otero County","countryCode":"US","countryName":"United States","stateCode":"CO","coords":["37.90270000","-103.71645000"]},{"commonName":"Ouray","countryCode":"US","countryName":"United States","stateCode":"CO","coords":["38.02277000","-107.67145000"]},{"commonName":"Ouray County","countryCode":"US","countryName":"United States","stateCode":"CO","coords":["38.15550000","-107.76932000"]},{"commonName":"Pagosa Springs","countryCode":"US","countryName":"United States","stateCode":"CO","coords":["37.26945000","-107.00976000"]},{"commonName":"Palisade","countryCode":"US","countryName":"United States","stateCode":"CO","coords":["39.11026000","-108.35092000"]},{"commonName":"Palmer Lake","countryCode":"US","countryName":"United States","stateCode":"CO","coords":["39.12221000","-104.91720000"]},{"commonName":"Paonia","countryCode":"US","countryName":"United States","stateCode":"CO","coords":["38.86832000","-107.59200000"]},{"commonName":"Parachute","countryCode":"US","countryName":"United States","stateCode":"CO","coords":["39.45192000","-108.05285000"]},{"commonName":"Park County","countryCode":"US","countryName":"United States","stateCode":"CO","coords":["39.11930000","-105.71717000"]},{"commonName":"Parker","countryCode":"US","countryName":"United States","stateCode":"CO","coords":["39.51860000","-104.76136000"]},{"commonName":"Penrose","countryCode":"US","countryName":"United States","stateCode":"CO","coords":["38.42500000","-105.02276000"]},{"commonName":"Perry Park","countryCode":"US","countryName":"United States","stateCode":"CO","coords":["39.25666000","-104.99248000"]},{"commonName":"Phillips County","countryCode":"US","countryName":"United States","stateCode":"CO","coords":["40.59388000","-102.35758000"]},{"commonName":"Pitkin County","countryCode":"US","countryName":"United States","stateCode":"CO","coords":["39.21711000","-106.91658000"]},{"commonName":"Platteville","countryCode":"US","countryName":"United States","stateCode":"CO","coords":["40.21498000","-104.82275000"]},{"commonName":"Ponderosa Park","countryCode":"US","countryName":"United States","stateCode":"CO","coords":["39.40832000","-104.65108000"]},{"commonName":"Prowers County","countryCode":"US","countryName":"United States","stateCode":"CO","coords":["37.95518000","-102.39335000"]},{"commonName":"Pueblo","countryCode":"US","countryName":"United States","stateCode":"CO","coords":["38.25445000","-104.60914000"]},{"commonName":"Pueblo County","countryCode":"US","countryName":"United States","stateCode":"CO","coords":["38.17342000","-104.51285000"]},{"commonName":"Pueblo West","countryCode":"US","countryName":"United States","stateCode":"CO","coords":["38.35000000","-104.72275000"]},{"commonName":"Rangely","countryCode":"US","countryName":"United States","stateCode":"CO","coords":["40.08748000","-108.80483000"]},{"commonName":"Redlands","countryCode":"US","countryName":"United States","stateCode":"CO","coords":["39.07887000","-108.63565000"]},{"commonName":"Rifle","countryCode":"US","countryName":"United States","stateCode":"CO","coords":["39.53470000","-107.78312000"]},{"commonName":"Rio Blanco County","countryCode":"US","countryName":"United States","stateCode":"CO","coords":["39.97984000","-108.21721000"]},{"commonName":"Rio Grande County","countryCode":"US","countryName":"United States","stateCode":"CO","coords":["37.58252000","-106.38321000"]},{"commonName":"Rocky Ford","countryCode":"US","countryName":"United States","stateCode":"CO","coords":["38.05251000","-103.72023000"]},{"commonName":"Routt County","countryCode":"US","countryName":"United States","stateCode":"CO","coords":["40.48507000","-106.99119000"]},{"commonName":"Roxborough Park","countryCode":"US","countryName":"United States","stateCode":"CO","coords":["39.47388000","-105.08526000"]},{"commonName":"Saguache","countryCode":"US","countryName":"United States","stateCode":"CO","coords":["38.08750000","-106.14197000"]},{"commonName":"Saguache County","countryCode":"US","countryName":"United States","stateCode":"CO","coords":["38.08055000","-106.28156000"]},{"commonName":"Salida","countryCode":"US","countryName":"United States","stateCode":"CO","coords":["38.53472000","-105.99890000"]},{"commonName":"San Juan County","countryCode":"US","countryName":"United States","stateCode":"CO","coords":["37.76404000","-107.67615000"]},{"commonName":"San Luis","countryCode":"US","countryName":"United States","stateCode":"CO","coords":["37.20085000","-105.42390000"]},{"commonName":"San Miguel County","countryCode":"US","countryName":"United States","stateCode":"CO","coords":["38.00374000","-108.40583000"]},{"commonName":"Security-Widefield","countryCode":"US","countryName":"United States","stateCode":"CO","coords":["38.74728000","-104.71439000"]},{"commonName":"Sedgwick County","countryCode":"US","countryName":"United States","stateCode":"CO","coords":["40.87591000","-102.35179000"]},{"commonName":"Severance","countryCode":"US","countryName":"United States","stateCode":"CO","coords":["40.52415000","-104.85108000"]},{"commonName":"Shaw Heights","countryCode":"US","countryName":"United States","stateCode":"CO","coords":["39.85250000","-105.04306000"]},{"commonName":"Sheridan","countryCode":"US","countryName":"United States","stateCode":"CO","coords":["39.64693000","-105.02526000"]},{"commonName":"Sherrelwood","countryCode":"US","countryName":"United States","stateCode":"CO","coords":["39.83776000","-105.00137000"]},{"commonName":"Silt","countryCode":"US","countryName":"United States","stateCode":"CO","coords":["39.54859000","-107.65617000"]},{"commonName":"Silverthorne","countryCode":"US","countryName":"United States","stateCode":"CO","coords":["39.63214000","-106.07428000"]},{"commonName":"Silverton","countryCode":"US","countryName":"United States","stateCode":"CO","coords":["37.81194000","-107.66451000"]},{"commonName":"Snowmass Village","countryCode":"US","countryName":"United States","stateCode":"CO","coords":["39.21304000","-106.93782000"]},{"commonName":"Southglenn","countryCode":"US","countryName":"United States","stateCode":"CO","coords":["39.58721000","-104.95276000"]},{"commonName":"Springfield","countryCode":"US","countryName":"United States","stateCode":"CO","coords":["37.40835000","-102.61436000"]},{"commonName":"Steamboat Springs","countryCode":"US","countryName":"United States","stateCode":"CO","coords":["40.48498000","-106.83172000"]},{"commonName":"Sterling","countryCode":"US","countryName":"United States","stateCode":"CO","coords":["40.62554000","-103.20771000"]},{"commonName":"Stonegate","countryCode":"US","countryName":"United States","stateCode":"CO","coords":["39.53082000","-104.80386000"]},{"commonName":"Strasburg","countryCode":"US","countryName":"United States","stateCode":"CO","coords":["39.73832000","-104.32329000"]},{"commonName":"Stratmoor","countryCode":"US","countryName":"United States","stateCode":"CO","coords":["38.77388000","-104.77970000"]},{"commonName":"Summit County","countryCode":"US","countryName":"United States","stateCode":"CO","coords":["39.63417000","-106.11638000"]},{"commonName":"Superior","countryCode":"US","countryName":"United States","stateCode":"CO","coords":["39.95276000","-105.16860000"]},{"commonName":"Teller County","countryCode":"US","countryName":"United States","stateCode":"CO","coords":["38.88217000","-105.16183000"]},{"commonName":"Telluride","countryCode":"US","countryName":"United States","stateCode":"CO","coords":["37.93749000","-107.81229000"]},{"commonName":"The Pinery","countryCode":"US","countryName":"United States","stateCode":"CO","coords":["39.45527000","-104.73442000"]},{"commonName":"Thornton","countryCode":"US","countryName":"United States","stateCode":"CO","coords":["39.86804000","-104.97192000"]},{"commonName":"Todd Creek","countryCode":"US","countryName":"United States","stateCode":"CO","coords":["39.97804000","-104.87331000"]},{"commonName":"Towaoc","countryCode":"US","countryName":"United States","stateCode":"CO","coords":["37.20444000","-108.72954000"]},{"commonName":"Trinidad","countryCode":"US","countryName":"United States","stateCode":"CO","coords":["37.16946000","-104.50054000"]},{"commonName":"Twin Lakes","countryCode":"US","countryName":"United States","stateCode":"CO","coords":["39.82499000","-105.00470000"]},{"commonName":"Upper Bear Creek","countryCode":"US","countryName":"United States","stateCode":"CO","coords":["39.62385000","-105.41780000"]},{"commonName":"Vail","countryCode":"US","countryName":"United States","stateCode":"CO","coords":["39.64026000","-106.37420000"]},{"commonName":"Walden","countryCode":"US","countryName":"United States","stateCode":"CO","coords":["40.73164000","-106.28364000"]},{"commonName":"Walsenburg","countryCode":"US","countryName":"United States","stateCode":"CO","coords":["37.62418000","-104.78026000"]},{"commonName":"Washington County","countryCode":"US","countryName":"United States","stateCode":"CO","coords":["39.97106000","-103.20125000"]},{"commonName":"Welby","countryCode":"US","countryName":"United States","stateCode":"CO","coords":["39.83665000","-104.95915000"]},{"commonName":"Weld County","countryCode":"US","countryName":"United States","stateCode":"CO","coords":["40.55484000","-104.39253000"]},{"commonName":"Wellington","countryCode":"US","countryName":"United States","stateCode":"CO","coords":["40.70387000","-105.00859000"]},{"commonName":"West Pleasant View","countryCode":"US","countryName":"United States","stateCode":"CO","coords":["39.73256000","-105.17852000"]},{"commonName":"Westcliffe","countryCode":"US","countryName":"United States","stateCode":"CO","coords":["38.13472000","-105.46584000"]},{"commonName":"Westminster","countryCode":"US","countryName":"United States","stateCode":"CO","coords":["39.83665000","-105.03720000"]},{"commonName":"Wheat Ridge","countryCode":"US","countryName":"United States","stateCode":"CO","coords":["39.76610000","-105.07721000"]},{"commonName":"Windsor","countryCode":"US","countryName":"United States","stateCode":"CO","coords":["40.47748000","-104.90136000"]},{"commonName":"Woodland Park","countryCode":"US","countryName":"United States","stateCode":"CO","coords":["38.99388000","-105.05693000"]},{"commonName":"Woodmoor","countryCode":"US","countryName":"United States","stateCode":"CO","coords":["39.10138000","-104.84748000"]},{"commonName":"Wray","countryCode":"US","countryName":"United States","stateCode":"CO","coords":["40.07582000","-102.22325000"]},{"commonName":"Yuma","countryCode":"US","countryName":"United States","stateCode":"CO","coords":["40.12221000","-102.72521000"]},{"commonName":"Yuma County","countryCode":"US","countryName":"United States","stateCode":"CO","coords":["40.00290000","-102.42423000"]}]