[{"commonName":"Acevedo","countryCode":"CO","countryName":"Colombia","stateCode":"HUI","coords":["1.83611111","-75.85500000"]},{"commonName":"Aipe","countryCode":"CO","countryName":"Colombia","stateCode":"HUI","coords":["3.22194444","-75.23750000"]},{"commonName":"Algeciras","countryCode":"CO","countryName":"Colombia","stateCode":"HUI","coords":["2.52194444","-75.31444444"]},{"commonName":"Altamira","countryCode":"CO","countryName":"Colombia","stateCode":"HUI","coords":["2.06333333","-75.78777778"]},{"commonName":"Baraya","countryCode":"CO","countryName":"Colombia","stateCode":"HUI","coords":["3.15305556","-75.05250000"]},{"commonName":"Campoalegre","countryCode":"CO","countryName":"Colombia","stateCode":"HUI","coords":["2.68666667","-75.32555556"]},{"commonName":"Colombia","countryCode":"CO","countryName":"Colombia","stateCode":"HUI","coords":["3.37500000","-74.80194444"]},{"commonName":"El Agrado","countryCode":"CO","countryName":"Colombia","stateCode":"HUI","coords":["2.25833056","-75.77250000"]},{"commonName":"Elias","countryCode":"CO","countryName":"Colombia","stateCode":"HUI","coords":["2.01361111","-75.93972222"]},{"commonName":"Garzón","countryCode":"CO","countryName":"Colombia","stateCode":"HUI","coords":["2.19611111","-75.62916667"]},{"commonName":"Gigante","countryCode":"CO","countryName":"Colombia","stateCode":"HUI","coords":["2.38666944","-75.54610000"]},{"commonName":"Guadalupe","countryCode":"CO","countryName":"Colombia","stateCode":"HUI","coords":["2.02500000","-75.75638889"]},{"commonName":"Hobo","countryCode":"CO","countryName":"Colombia","stateCode":"HUI","coords":["2.58250000","-75.45111111"]},{"commonName":"Iquira","countryCode":"CO","countryName":"Colombia","stateCode":"HUI","coords":["2.64833333","-75.63638889"]},{"commonName":"Isnos","countryCode":"CO","countryName":"Colombia","stateCode":"HUI","coords":["1.92888889","-76.21583333"]},{"commonName":"La Argentina","countryCode":"CO","countryName":"Colombia","stateCode":"HUI","coords":["2.19755555","-75.98888888"]},{"commonName":"La Plata","countryCode":"CO","countryName":"Colombia","stateCode":"HUI","coords":["2.39000000","-75.89194444"]},{"commonName":"Nataga","countryCode":"CO","countryName":"Colombia","stateCode":"HUI","coords":["2.54388889","-75.80861111"]},{"commonName":"Neiva","countryCode":"CO","countryName":"Colombia","stateCode":"HUI","coords":["2.92750000","-75.28750000"]},{"commonName":"Oporapa","countryCode":"CO","countryName":"Colombia","stateCode":"HUI","coords":["2.02305556","-75.99527778"]},{"commonName":"Paicol","countryCode":"CO","countryName":"Colombia","stateCode":"HUI","coords":["2.44972222","-75.77388889"]},{"commonName":"Palermo","countryCode":"CO","countryName":"Colombia","stateCode":"HUI","coords":["2.88833333","-75.43388889"]},{"commonName":"Palestina","countryCode":"CO","countryName":"Colombia","stateCode":"HUI","coords":["1.72250000","-76.13055556"]},{"commonName":"Pital","countryCode":"CO","countryName":"Colombia","stateCode":"HUI","coords":["2.26638889","-75.80444444"]},{"commonName":"Pitalito","countryCode":"CO","countryName":"Colombia","stateCode":"HUI","coords":["1.85388889","-76.05138889"]},{"commonName":"Rivera","countryCode":"CO","countryName":"Colombia","stateCode":"HUI","coords":["2.77722222","-75.25638889"]},{"commonName":"Saladoblanco","countryCode":"CO","countryName":"Colombia","stateCode":"HUI","coords":["1.99333333","-76.04527778"]},{"commonName":"San Agustín","countryCode":"CO","countryName":"Colombia","stateCode":"HUI","coords":["1.87916667","-76.26833333"]},{"commonName":"Santa María","countryCode":"CO","countryName":"Colombia","stateCode":"HUI","coords":["2.93777778","-75.58694444"]},{"commonName":"Suaza","countryCode":"CO","countryName":"Colombia","stateCode":"HUI","coords":["1.97500000","-75.79555556"]},{"commonName":"Tarqui","countryCode":"CO","countryName":"Colombia","stateCode":"HUI","coords":["2.11055556","-75.82305556"]},{"commonName":"Tello","countryCode":"CO","countryName":"Colombia","stateCode":"HUI","coords":["3.06666667","-75.13861111"]},{"commonName":"Teruel","countryCode":"CO","countryName":"Colombia","stateCode":"HUI","coords":["2.74055556","-75.56833333"]},{"commonName":"Tesalia","countryCode":"CO","countryName":"Colombia","stateCode":"HUI","coords":["2.48472222","-75.73000000"]},{"commonName":"Timana","countryCode":"CO","countryName":"Colombia","stateCode":"HUI","coords":["1.97136000","-75.93123000"]},{"commonName":"Villavieja","countryCode":"CO","countryName":"Colombia","stateCode":"HUI","coords":["3.21888889","-75.21833333"]},{"commonName":"Yaguará","countryCode":"CO","countryName":"Colombia","stateCode":"HUI","coords":["2.66361111","-75.51750000"]}]