[{"commonName":"Abhayapuri","countryCode":"IN","countryName":"India","stateCode":"AS","coords":["26.32255000","90.68526000"]},{"commonName":"Amguri","countryCode":"IN","countryName":"India","stateCode":"AS","coords":["26.81482000","94.52614000"]},{"commonName":"Badarpur","countryCode":"IN","countryName":"India","stateCode":"AS","coords":["24.86852000","92.59606000"]},{"commonName":"Baksa","countryCode":"IN","countryName":"India","stateCode":"AS","coords":["26.69804000","91.15142000"]},{"commonName":"Barpathar","countryCode":"IN","countryName":"India","stateCode":"AS","coords":["26.28709000","93.88844000"]},{"commonName":"Barpeta","countryCode":"IN","countryName":"India","stateCode":"AS","coords":["26.47104000","91.03080000"]},{"commonName":"Barpeta Road","countryCode":"IN","countryName":"India","stateCode":"AS","coords":["26.50284000","90.96937000"]},{"commonName":"Basugaon","countryCode":"IN","countryName":"India","stateCode":"AS","coords":["26.46742000","90.41951000"]},{"commonName":"Bihpuriagaon","countryCode":"IN","countryName":"India","stateCode":"AS","coords":["27.01718000","93.91673000"]},{"commonName":"Bijni","countryCode":"IN","countryName":"India","stateCode":"AS","coords":["26.49588000","90.70298000"]},{"commonName":"Bilasipara","countryCode":"IN","countryName":"India","stateCode":"AS","coords":["26.23285000","90.23410000"]},{"commonName":"Bokajan","countryCode":"IN","countryName":"India","stateCode":"AS","coords":["26.02131000","93.77945000"]},{"commonName":"Bokakhat","countryCode":"IN","countryName":"India","stateCode":"AS","coords":["26.64018000","93.60052000"]},{"commonName":"Bongaigaon","countryCode":"IN","countryName":"India","stateCode":"AS","coords":["26.46030000","90.64640000"]},{"commonName":"Cachar","countryCode":"IN","countryName":"India","stateCode":"AS","coords":["24.78213000","92.85771000"]},{"commonName":"Chabua","countryCode":"IN","countryName":"India","stateCode":"AS","coords":["27.48253000","95.17451000"]},{"commonName":"Chapar","countryCode":"IN","countryName":"India","stateCode":"AS","coords":["26.27266000","90.44556000"]},{"commonName":"Chirang","countryCode":"IN","countryName":"India","stateCode":"AS","coords":["26.52527000","90.49066000"]},{"commonName":"Darrang","countryCode":"IN","countryName":"India","stateCode":"AS","coords":["26.51195000","92.16843000"]},{"commonName":"Dergaon","countryCode":"IN","countryName":"India","stateCode":"AS","coords":["26.70000000","93.96667000"]},{"commonName":"Dhekiajuli","countryCode":"IN","countryName":"India","stateCode":"AS","coords":["26.70367000","92.47808000"]},{"commonName":"Dhemaji","countryCode":"IN","countryName":"India","stateCode":"AS","coords":["27.60910000","94.79420000"]},{"commonName":"Dhing","countryCode":"IN","countryName":"India","stateCode":"AS","coords":["26.46793000","92.47336000"]},{"commonName":"Dhubri","countryCode":"IN","countryName":"India","stateCode":"AS","coords":["26.06749000","90.02238000"]},{"commonName":"Dibrugarh","countryCode":"IN","countryName":"India","stateCode":"AS","coords":["27.50000000","95.00000000"]},{"commonName":"Digboi","countryCode":"IN","countryName":"India","stateCode":"AS","coords":["27.39321000","95.61839000"]},{"commonName":"Dima Hasao District","countryCode":"IN","countryName":"India","stateCode":"AS","coords":["25.50000000","93.00000000"]},{"commonName":"Diphu","countryCode":"IN","countryName":"India","stateCode":"AS","coords":["25.84341000","93.43116000"]},{"commonName":"Dispur","countryCode":"IN","countryName":"India","stateCode":"AS","coords":["26.13564000","91.80069000"]},{"commonName":"Duliagaon","countryCode":"IN","countryName":"India","stateCode":"AS","coords":["27.37227000","95.30754000"]},{"commonName":"Dum Duma","countryCode":"IN","countryName":"India","stateCode":"AS","coords":["27.56884000","95.55664000"]},{"commonName":"Gauripur","countryCode":"IN","countryName":"India","stateCode":"AS","coords":["26.08334000","89.96118000"]},{"commonName":"Goalpara","countryCode":"IN","countryName":"India","stateCode":"AS","coords":["26.12791000","90.60974000"]},{"commonName":"Gohpur","countryCode":"IN","countryName":"India","stateCode":"AS","coords":["26.88184000","93.61560000"]},{"commonName":"Golaghat","countryCode":"IN","countryName":"India","stateCode":"AS","coords":["26.40920000","93.91193000"]},{"commonName":"Golakganj","countryCode":"IN","countryName":"India","stateCode":"AS","coords":["26.10216000","89.82275000"]},{"commonName":"Goshaingaon","countryCode":"IN","countryName":"India","stateCode":"AS","coords":["26.43946000","89.96307000"]},{"commonName":"Guwahati","countryCode":"IN","countryName":"India","stateCode":"AS","coords":["26.18440000","91.74580000"]},{"commonName":"Haflong","countryCode":"IN","countryName":"India","stateCode":"AS","coords":["25.16478000","93.01744000"]},{"commonName":"Hailakandi","countryCode":"IN","countryName":"India","stateCode":"AS","coords":["24.50170000","92.60069000"]},{"commonName":"Hajo","countryCode":"IN","countryName":"India","stateCode":"AS","coords":["26.24520000","91.52525000"]},{"commonName":"Hojai","countryCode":"IN","countryName":"India","stateCode":"AS","coords":["26.00281000","92.85605000"]},{"commonName":"Howli","countryCode":"IN","countryName":"India","stateCode":"AS","coords":["26.42237000","90.98004000"]},{"commonName":"Jogighopa","countryCode":"IN","countryName":"India","stateCode":"AS","coords":["26.22646000","90.57247000"]},{"commonName":"Jorhat","countryCode":"IN","countryName":"India","stateCode":"AS","coords":["26.80000000","94.26000000"]},{"commonName":"Kamrup","countryCode":"IN","countryName":"India","stateCode":"AS","coords":["26.22322000","91.65344000"]},{"commonName":"Kamrup Metropolitan","countryCode":"IN","countryName":"India","stateCode":"AS","coords":["26.05375000","92.00763000"]},{"commonName":"Karbi Anglong","countryCode":"IN","countryName":"India","stateCode":"AS","coords":["26.00000000","93.50000000"]},{"commonName":"Karimganj","countryCode":"IN","countryName":"India","stateCode":"AS","coords":["24.60000000","92.40000000"]},{"commonName":"Kharupatia","countryCode":"IN","countryName":"India","stateCode":"AS","coords":["26.51839000","92.14722000"]},{"commonName":"Kokrajhar","countryCode":"IN","countryName":"India","stateCode":"AS","coords":["26.60000000","90.20000000"]},{"commonName":"Lakhimpur","countryCode":"IN","countryName":"India","stateCode":"AS","coords":["27.35000000","94.25000000"]},{"commonName":"Lakhipur","countryCode":"IN","countryName":"India","stateCode":"AS","coords":["24.79281000","93.00910000"]},{"commonName":"Lala","countryCode":"IN","countryName":"India","stateCode":"AS","coords":["24.55418000","92.61592000"]},{"commonName":"Lumding Railway Colony","countryCode":"IN","countryName":"India","stateCode":"AS","coords":["25.74903000","93.16998000"]},{"commonName":"Mahur","countryCode":"IN","countryName":"India","stateCode":"AS","coords":["25.18305000","93.11342000"]},{"commonName":"Maibong","countryCode":"IN","countryName":"India","stateCode":"AS","coords":["25.30125000","93.13811000"]},{"commonName":"Makum","countryCode":"IN","countryName":"India","stateCode":"AS","coords":["27.48652000","95.43646000"]},{"commonName":"Mangaldai","countryCode":"IN","countryName":"India","stateCode":"AS","coords":["26.44212000","92.03047000"]},{"commonName":"Mariani","countryCode":"IN","countryName":"India","stateCode":"AS","coords":["26.65725000","94.31529000"]},{"commonName":"Moranha","countryCode":"IN","countryName":"India","stateCode":"AS","coords":["27.18735000","94.91557000"]},{"commonName":"Morigaon","countryCode":"IN","countryName":"India","stateCode":"AS","coords":["26.25213000","92.34238000"]},{"commonName":"Nagaon","countryCode":"IN","countryName":"India","stateCode":"AS","coords":["26.35037000","92.69225000"]},{"commonName":"Nahorkatiya","countryCode":"IN","countryName":"India","stateCode":"AS","coords":["27.28912000","95.34180000"]},{"commonName":"Nalbari","countryCode":"IN","countryName":"India","stateCode":"AS","coords":["26.50000000","91.40000000"]},{"commonName":"Namrup","countryCode":"IN","countryName":"India","stateCode":"AS","coords":["27.19395000","95.31929000"]},{"commonName":"Nazira","countryCode":"IN","countryName":"India","stateCode":"AS","coords":["26.91649000","94.73611000"]},{"commonName":"North Guwahati","countryCode":"IN","countryName":"India","stateCode":"AS","coords":["26.19749000","91.72020000"]},{"commonName":"North Lakhimpur","countryCode":"IN","countryName":"India","stateCode":"AS","coords":["27.23517000","94.10357000"]},{"commonName":"Numaligarh","countryCode":"IN","countryName":"India","stateCode":"AS","coords":["26.62249000","93.72225000"]},{"commonName":"Palasbari","countryCode":"IN","countryName":"India","stateCode":"AS","coords":["26.12388000","91.53974000"]},{"commonName":"Raha","countryCode":"IN","countryName":"India","stateCode":"AS","coords":["26.23333000","92.51667000"]},{"commonName":"Rangapara","countryCode":"IN","countryName":"India","stateCode":"AS","coords":["26.83772000","92.66876000"]},{"commonName":"Rangia","countryCode":"IN","countryName":"India","stateCode":"AS","coords":["26.44931000","91.61356000"]},{"commonName":"Sapatgram","countryCode":"IN","countryName":"India","stateCode":"AS","coords":["26.33732000","90.12360000"]},{"commonName":"Sarupathar","countryCode":"IN","countryName":"India","stateCode":"AS","coords":["26.20600000","96.81000000"]},{"commonName":"Sibsagar","countryCode":"IN","countryName":"India","stateCode":"AS","coords":["26.98427000","94.63784000"]},{"commonName":"Silapathar","countryCode":"IN","countryName":"India","stateCode":"AS","coords":["27.59441000","94.72402000"]},{"commonName":"Silchar","countryCode":"IN","countryName":"India","stateCode":"AS","coords":["24.82733000","92.79787000"]},{"commonName":"Soalkuchi","countryCode":"IN","countryName":"India","stateCode":"AS","coords":["26.16806000","91.57111000"]},{"commonName":"Sonari","countryCode":"IN","countryName":"India","stateCode":"AS","coords":["27.02462000","95.01629000"]},{"commonName":"Sonitpur","countryCode":"IN","countryName":"India","stateCode":"AS","coords":["26.76748000","92.96425000"]},{"commonName":"Sorbhog","countryCode":"IN","countryName":"India","stateCode":"AS","coords":["26.48612000","90.88590000"]},{"commonName":"Tezpur","countryCode":"IN","countryName":"India","stateCode":"AS","coords":["26.63333000","92.80000000"]},{"commonName":"Tinsukia","countryCode":"IN","countryName":"India","stateCode":"AS","coords":["27.60000000","95.60000000"]},{"commonName":"Titabar","countryCode":"IN","countryName":"India","stateCode":"AS","coords":["26.60140000","94.20386000"]},{"commonName":"Udalguri","countryCode":"IN","countryName":"India","stateCode":"AS","coords":["26.75367000","92.10215000"]}]