[{"commonName":"Aiello del Friuli","countryCode":"IT","countryName":"Italy","stateCode":"36","coords":["45.87276000","13.36038000"]},{"commonName":"Amaro","countryCode":"IT","countryName":"Italy","stateCode":"36","coords":["46.37367000","13.09368000"]},{"commonName":"Ampezzo","countryCode":"IT","countryName":"Italy","stateCode":"36","coords":["46.41459000","12.79634000"]},{"commonName":"Andreis","countryCode":"IT","countryName":"Italy","stateCode":"36","coords":["46.20146000","12.61448000"]},{"commonName":"Anduins","countryCode":"IT","countryName":"Italy","stateCode":"36","coords":["46.23311000","12.95829000"]},{"commonName":"Aquileia","countryCode":"IT","countryName":"Italy","stateCode":"36","coords":["45.76830000","13.36779000"]},{"commonName":"Arba","countryCode":"IT","countryName":"Italy","stateCode":"36","coords":["46.14611000","12.79009000"]},{"commonName":"Arta Terme","countryCode":"IT","countryName":"Italy","stateCode":"36","coords":["46.48021000","13.02040000"]},{"commonName":"Artegna","countryCode":"IT","countryName":"Italy","stateCode":"36","coords":["46.23929000","13.15399000"]},{"commonName":"Arzene","countryCode":"IT","countryName":"Italy","stateCode":"36","coords":["45.99965000","12.85034000"]},{"commonName":"Attimis","countryCode":"IT","countryName":"Italy","stateCode":"36","coords":["46.19022000","13.31127000"]},{"commonName":"Aurisina","countryCode":"IT","countryName":"Italy","stateCode":"36","coords":["45.74968000","13.67345000"]},{"commonName":"Aviano","countryCode":"IT","countryName":"Italy","stateCode":"36","coords":["46.07056000","12.59472000"]},{"commonName":"Aviano-Castello","countryCode":"IT","countryName":"Italy","stateCode":"36","coords":["46.06759000","12.58324000"]},{"commonName":"Azzano Decimo","countryCode":"IT","countryName":"Italy","stateCode":"36","coords":["45.90937000","12.66420000"]},{"commonName":"Bagnaria Arsa","countryCode":"IT","countryName":"Italy","stateCode":"36","coords":["45.88383000","13.28562000"]},{"commonName":"Bagnarola","countryCode":"IT","countryName":"Italy","stateCode":"36","coords":["45.86690000","12.85886000"]},{"commonName":"Barcis","countryCode":"IT","countryName":"Italy","stateCode":"36","coords":["46.19071000","12.56068000"]},{"commonName":"Basaldella","countryCode":"IT","countryName":"Italy","stateCode":"36","coords":["46.02527000","13.21718000"]},{"commonName":"Basiliano","countryCode":"IT","countryName":"Italy","stateCode":"36","coords":["46.01417000","13.07000000"]},{"commonName":"Basiliano-Vissandone","countryCode":"IT","countryName":"Italy","stateCode":"36","coords":["46.02278000","13.09306000"]},{"commonName":"Begliano","countryCode":"IT","countryName":"Italy","stateCode":"36","coords":["45.81984000","13.46586000"]},{"commonName":"Bertiolo","countryCode":"IT","countryName":"Italy","stateCode":"36","coords":["45.94463000","13.05606000"]},{"commonName":"Bicinicco","countryCode":"IT","countryName":"Italy","stateCode":"36","coords":["45.93211000","13.25300000"]},{"commonName":"Bordano","countryCode":"IT","countryName":"Italy","stateCode":"36","coords":["46.31528000","13.10529000"]},{"commonName":"Bressa","countryCode":"IT","countryName":"Italy","stateCode":"36","coords":["46.03446000","13.14724000"]},{"commonName":"Brugnera","countryCode":"IT","countryName":"Italy","stateCode":"36","coords":["45.89947000","12.54178000"]},{"commonName":"Budoia","countryCode":"IT","countryName":"Italy","stateCode":"36","coords":["46.04453000","12.53429000"]},{"commonName":"Buia","countryCode":"IT","countryName":"Italy","stateCode":"36","coords":["46.21222000","13.11691000"]},{"commonName":"Buttrio","countryCode":"IT","countryName":"Italy","stateCode":"36","coords":["46.01098000","13.33354000"]},{"commonName":"Camino al Tagliamento","countryCode":"IT","countryName":"Italy","stateCode":"36","coords":["45.92767000","12.94489000"]},{"commonName":"Campoformido","countryCode":"IT","countryName":"Italy","stateCode":"36","coords":["46.01952000","13.15750000"]},{"commonName":"Campolongo al Torre","countryCode":"IT","countryName":"Italy","stateCode":"36","coords":["45.86389000","13.39667000"]},{"commonName":"Campolongo al Torre-Cavenzano","countryCode":"IT","countryName":"Italy","stateCode":"36","coords":["45.86306000","13.38944000"]},{"commonName":"Caneva","countryCode":"IT","countryName":"Italy","stateCode":"36","coords":["45.97078000","12.45261000"]},{"commonName":"Capriva del Friuli","countryCode":"IT","countryName":"Italy","stateCode":"36","coords":["45.94093000","13.51422000"]},{"commonName":"Carlino","countryCode":"IT","countryName":"Italy","stateCode":"36","coords":["45.80321000","13.18874000"]},{"commonName":"Casarsa della Delizia","countryCode":"IT","countryName":"Italy","stateCode":"36","coords":["45.95091000","12.84250000"]},{"commonName":"Cassacco","countryCode":"IT","countryName":"Italy","stateCode":"36","coords":["46.17345000","13.19236000"]},{"commonName":"Castions","countryCode":"IT","countryName":"Italy","stateCode":"36","coords":["45.97218000","12.79961000"]},{"commonName":"Castions di Strada","countryCode":"IT","countryName":"Italy","stateCode":"36","coords":["45.91247000","13.18167000"]},{"commonName":"Cavasso Nuovo","countryCode":"IT","countryName":"Italy","stateCode":"36","coords":["46.19441000","12.77193000"]},{"commonName":"Cavazzo Carnico","countryCode":"IT","countryName":"Italy","stateCode":"36","coords":["46.36793000","13.04075000"]},{"commonName":"Cavolano-Schiavoi","countryCode":"IT","countryName":"Italy","stateCode":"36","coords":["45.93333000","12.50000000"]},{"commonName":"Cecchini","countryCode":"IT","countryName":"Italy","stateCode":"36","coords":["45.86551000","12.62220000"]},{"commonName":"Cercivento","countryCode":"IT","countryName":"Italy","stateCode":"36","coords":["46.52745000","12.99219000"]},{"commonName":"Cervignano del Friuli","countryCode":"IT","countryName":"Italy","stateCode":"36","coords":["45.82082000","13.33929000"]},{"commonName":"Chiaulis","countryCode":"IT","countryName":"Italy","stateCode":"36","coords":["46.38877000","12.99155000"]},{"commonName":"Chions","countryCode":"IT","countryName":"Italy","stateCode":"36","coords":["45.84546000","12.71232000"]},{"commonName":"Chiopris","countryCode":"IT","countryName":"Italy","stateCode":"36","coords":["45.92667000","13.40417000"]},{"commonName":"Chiusaforte","countryCode":"IT","countryName":"Italy","stateCode":"36","coords":["46.40663000","13.30552000"]},{"commonName":"Cimolais","countryCode":"IT","countryName":"Italy","stateCode":"36","coords":["46.28900000","12.43792000"]},{"commonName":"Cividale del Friuli","countryCode":"IT","countryName":"Italy","stateCode":"36","coords":["46.09019000","13.42861000"]},{"commonName":"Claut","countryCode":"IT","countryName":"Italy","stateCode":"36","coords":["46.26855000","12.51440000"]},{"commonName":"Clauzetto","countryCode":"IT","countryName":"Italy","stateCode":"36","coords":["46.22931000","12.91662000"]},{"commonName":"Clodig","countryCode":"IT","countryName":"Italy","stateCode":"36","coords":["46.15620000","13.59399000"]},{"commonName":"Codroipo","countryCode":"IT","countryName":"Italy","stateCode":"36","coords":["45.96469000","12.97985000"]},{"commonName":"Colloredo di Monte Albano","countryCode":"IT","countryName":"Italy","stateCode":"36","coords":["46.16472000","13.13861000"]},{"commonName":"Colloredo di Monte Albano-Lauzzana","countryCode":"IT","countryName":"Italy","stateCode":"36","coords":["46.15861000","13.12278000"]},{"commonName":"Colloredo di Prato","countryCode":"IT","countryName":"Italy","stateCode":"36","coords":["46.05124000","13.14394000"]},{"commonName":"Colugna","countryCode":"IT","countryName":"Italy","stateCode":"36","coords":["46.09100000","13.20282000"]},{"commonName":"Comeglians","countryCode":"IT","countryName":"Italy","stateCode":"36","coords":["46.51614000","12.86619000"]},{"commonName":"Cordenons","countryCode":"IT","countryName":"Italy","stateCode":"36","coords":["45.98360000","12.70038000"]},{"commonName":"Cordovado","countryCode":"IT","countryName":"Italy","stateCode":"36","coords":["45.84425000","12.88537000"]},{"commonName":"Cormons","countryCode":"IT","countryName":"Italy","stateCode":"36","coords":["45.95531000","13.46683000"]},{"commonName":"Corno di Rosazzo","countryCode":"IT","countryName":"Italy","stateCode":"36","coords":["45.99110000","13.44368000"]},{"commonName":"Coseano","countryCode":"IT","countryName":"Italy","stateCode":"36","coords":["46.09636000","13.02028000"]},{"commonName":"Cras","countryCode":"IT","countryName":"Italy","stateCode":"36","coords":["46.17403000","13.62287000"]},{"commonName":"Dignano","countryCode":"IT","countryName":"Italy","stateCode":"36","coords":["46.08392000","12.94009000"]},{"commonName":"Doberdò del Lago","countryCode":"IT","countryName":"Italy","stateCode":"36","coords":["45.84444000","13.53908000"]},{"commonName":"Dogna","countryCode":"IT","countryName":"Italy","stateCode":"36","coords":["46.44793000","13.31502000"]},{"commonName":"Dolegna del Collio","countryCode":"IT","countryName":"Italy","stateCode":"36","coords":["46.03094000","13.47885000"]},{"commonName":"Dolina","countryCode":"IT","countryName":"Italy","stateCode":"36","coords":["45.60080000","13.85929000"]},{"commonName":"Domio","countryCode":"IT","countryName":"Italy","stateCode":"36","coords":["45.61049000","13.83103000"]},{"commonName":"Duino","countryCode":"IT","countryName":"Italy","stateCode":"36","coords":["45.77342000","13.60436000"]},{"commonName":"Enemonzo-Quinis","countryCode":"IT","countryName":"Italy","stateCode":"36","coords":["46.40833000","12.87944000"]},{"commonName":"Erto","countryCode":"IT","countryName":"Italy","stateCode":"36","coords":["46.27640000","12.37149000"]},{"commonName":"Faedis","countryCode":"IT","countryName":"Italy","stateCode":"36","coords":["46.14931000","13.34463000"]},{"commonName":"Fagagna","countryCode":"IT","countryName":"Italy","stateCode":"36","coords":["46.10698000","13.09361000"]},{"commonName":"Fanna","countryCode":"IT","countryName":"Italy","stateCode":"36","coords":["46.18455000","12.75161000"]},{"commonName":"Farra d'Isonzo","countryCode":"IT","countryName":"Italy","stateCode":"36","coords":["45.90802000","13.51654000"]},{"commonName":"Fiume Veneto","countryCode":"IT","countryName":"Italy","stateCode":"36","coords":["45.92865000","12.73811000"]},{"commonName":"Fiumicello","countryCode":"IT","countryName":"Italy","stateCode":"36","coords":["45.79202000","13.40964000"]},{"commonName":"Flaibano","countryCode":"IT","countryName":"Italy","stateCode":"36","coords":["46.05837000","12.98424000"]},{"commonName":"Fogliano","countryCode":"IT","countryName":"Italy","stateCode":"36","coords":["45.86556000","13.48222000"]},{"commonName":"Forgaria nel Friuli","countryCode":"IT","countryName":"Italy","stateCode":"36","coords":["46.22036000","12.97470000"]},{"commonName":"Forni Avoltri","countryCode":"IT","countryName":"Italy","stateCode":"36","coords":["46.58615000","12.77510000"]},{"commonName":"Forni di Sopra","countryCode":"IT","countryName":"Italy","stateCode":"36","coords":["46.42028000","12.58312000"]},{"commonName":"Forni di Sotto","countryCode":"IT","countryName":"Italy","stateCode":"36","coords":["46.39379000","12.67210000"]},{"commonName":"Frisanco","countryCode":"IT","countryName":"Italy","stateCode":"36","coords":["46.21246000","12.72626000"]},{"commonName":"Gemona","countryCode":"IT","countryName":"Italy","stateCode":"36","coords":["46.27405000","13.12237000"]},{"commonName":"Gonars","countryCode":"IT","countryName":"Italy","stateCode":"36","coords":["45.89740000","13.24402000"]},{"commonName":"Gorizia","countryCode":"IT","countryName":"Italy","stateCode":"36","coords":["45.94088000","13.62167000"]},{"commonName":"Gradisca d'Isonzo","countryCode":"IT","countryName":"Italy","stateCode":"36","coords":["45.89250000","13.50167000"]},{"commonName":"Grado","countryCode":"IT","countryName":"Italy","stateCode":"36","coords":["45.67774000","13.40323000"]},{"commonName":"Granvilla","countryCode":"IT","countryName":"Italy","stateCode":"36","coords":["46.56755000","12.68933000"]},{"commonName":"Ialmicco","countryCode":"IT","countryName":"Italy","stateCode":"36","coords":["45.91333000","13.34611000"]},{"commonName":"Isola","countryCode":"IT","countryName":"Italy","stateCode":"36","coords":["46.25573000","13.17906000"]},{"commonName":"Latisana","countryCode":"IT","countryName":"Italy","stateCode":"36","coords":["45.76859000","13.00618000"]},{"commonName":"Lauco","countryCode":"IT","countryName":"Italy","stateCode":"36","coords":["46.42397000","12.93222000"]},{"commonName":"Lauzacco","countryCode":"IT","countryName":"Italy","stateCode":"36","coords":["45.98134000","13.28024000"]},{"commonName":"Lestans","countryCode":"IT","countryName":"Italy","stateCode":"36","coords":["46.15793000","12.88872000"]},{"commonName":"Lestizza","countryCode":"IT","countryName":"Italy","stateCode":"36","coords":["45.95656000","13.14221000"]},{"commonName":"Lignano Sabbiadoro","countryCode":"IT","countryName":"Italy","stateCode":"36","coords":["45.67590000","13.11727000"]},{"commonName":"Ligosullo","countryCode":"IT","countryName":"Italy","stateCode":"36","coords":["46.54008000","13.07547000"]},{"commonName":"Lusevera","countryCode":"IT","countryName":"Italy","stateCode":"36","coords":["46.27529000","13.26922000"]},{"commonName":"Magnano in Riviera","countryCode":"IT","countryName":"Italy","stateCode":"36","coords":["46.22369000","13.19483000"]},{"commonName":"Majano","countryCode":"IT","countryName":"Italy","stateCode":"36","coords":["46.18752000","13.06162000"]},{"commonName":"Malborghetto","countryCode":"IT","countryName":"Italy","stateCode":"36","coords":["46.50679000","13.43946000"]},{"commonName":"Maniago","countryCode":"IT","countryName":"Italy","stateCode":"36","coords":["46.16644000","12.70602000"]},{"commonName":"Manzano","countryCode":"IT","countryName":"Italy","stateCode":"36","coords":["45.98843000","13.37674000"]},{"commonName":"Marano Lagunare","countryCode":"IT","countryName":"Italy","stateCode":"36","coords":["45.76353000","13.16733000"]},{"commonName":"Mariano del Friuli","countryCode":"IT","countryName":"Italy","stateCode":"36","coords":["45.91509000","13.45947000"]},{"commonName":"Marsure","countryCode":"IT","countryName":"Italy","stateCode":"36","coords":["46.09403000","12.59528000"]},{"commonName":"Martignacco","countryCode":"IT","countryName":"Italy","stateCode":"36","coords":["46.09313000","13.13973000"]},{"commonName":"Medea","countryCode":"IT","countryName":"Italy","stateCode":"36","coords":["45.91751000","13.42444000"]},{"commonName":"Mediis","countryCode":"IT","countryName":"Italy","stateCode":"36","coords":["46.40336000","12.82341000"]},{"commonName":"Meduno","countryCode":"IT","countryName":"Italy","stateCode":"36","coords":["46.21518000","12.79932000"]},{"commonName":"Mereto di Tomba","countryCode":"IT","countryName":"Italy","stateCode":"36","coords":["46.05128000","13.04432000"]},{"commonName":"Merso di Sopra","countryCode":"IT","countryName":"Italy","stateCode":"36","coords":["46.12389000","13.52806000"]},{"commonName":"Moggio di Sotto","countryCode":"IT","countryName":"Italy","stateCode":"36","coords":["46.40651000","13.19507000"]},{"commonName":"Moggio Udinese","countryCode":"IT","countryName":"Italy","stateCode":"36","coords":["46.41083000","13.20139000"]},{"commonName":"Moimacco","countryCode":"IT","countryName":"Italy","stateCode":"36","coords":["46.09145000","13.37270000"]},{"commonName":"Monfalcone","countryCode":"IT","countryName":"Italy","stateCode":"36","coords":["45.80463000","13.53292000"]},{"commonName":"Montenars","countryCode":"IT","countryName":"Italy","stateCode":"36","coords":["46.25111000","13.16944000"]},{"commonName":"Montereale Valcellina","countryCode":"IT","countryName":"Italy","stateCode":"36","coords":["46.15110000","12.64771000"]},{"commonName":"Moraro","countryCode":"IT","countryName":"Italy","stateCode":"36","coords":["45.92971000","13.49575000"]},{"commonName":"Morsano","countryCode":"IT","countryName":"Italy","stateCode":"36","coords":["45.85969000","12.92769000"]},{"commonName":"Mortegliano","countryCode":"IT","countryName":"Italy","stateCode":"36","coords":["45.94553000","13.17255000"]},{"commonName":"Moruzzo","countryCode":"IT","countryName":"Italy","stateCode":"36","coords":["46.11967000","13.12400000"]},{"commonName":"Mossa","countryCode":"IT","countryName":"Italy","stateCode":"36","coords":["45.93674000","13.54933000"]},{"commonName":"Muggia","countryCode":"IT","countryName":"Italy","stateCode":"36","coords":["45.60419000","13.76754000"]},{"commonName":"Muzzana del Turgnano","countryCode":"IT","countryName":"Italy","stateCode":"36","coords":["45.81799000","13.12751000"]},{"commonName":"Nimis","countryCode":"IT","countryName":"Italy","stateCode":"36","coords":["46.20659000","13.26777000"]},{"commonName":"Orcenico Inferiore","countryCode":"IT","countryName":"Italy","stateCode":"36","coords":["45.94977000","12.76452000"]},{"commonName":"Orsaria","countryCode":"IT","countryName":"Italy","stateCode":"36","coords":["46.03862000","13.38247000"]},{"commonName":"Osoppo","countryCode":"IT","countryName":"Italy","stateCode":"36","coords":["46.25536000","13.08453000"]},{"commonName":"Ovaro","countryCode":"IT","countryName":"Italy","stateCode":"36","coords":["46.48409000","12.86704000"]},{"commonName":"Pagnacco","countryCode":"IT","countryName":"Italy","stateCode":"36","coords":["46.11462000","13.18377000"]},{"commonName":"Palazzolo dello Stella","countryCode":"IT","countryName":"Italy","stateCode":"36","coords":["45.79823000","13.08776000"]},{"commonName":"Palmanova","countryCode":"IT","countryName":"Italy","stateCode":"36","coords":["45.90540000","13.30998000"]},{"commonName":"Paludea","countryCode":"IT","countryName":"Italy","stateCode":"36","coords":["46.19950000","12.90344000"]},{"commonName":"Paluzza","countryCode":"IT","countryName":"Italy","stateCode":"36","coords":["46.53202000","13.01586000"]},{"commonName":"Pasian di Prato","countryCode":"IT","countryName":"Italy","stateCode":"36","coords":["46.04667000","13.18780000"]},{"commonName":"Pasiano","countryCode":"IT","countryName":"Italy","stateCode":"36","coords":["45.84972000","12.62722000"]},{"commonName":"Passons","countryCode":"IT","countryName":"Italy","stateCode":"36","coords":["46.06889000","13.18917000"]},{"commonName":"Paularo","countryCode":"IT","countryName":"Italy","stateCode":"36","coords":["46.53101000","13.11886000"]},{"commonName":"Pavia di Udine","countryCode":"IT","countryName":"Italy","stateCode":"36","coords":["45.99502000","13.30367000"]},{"commonName":"Percoto","countryCode":"IT","countryName":"Italy","stateCode":"36","coords":["45.97471000","13.32304000"]},{"commonName":"Pertegada","countryCode":"IT","countryName":"Italy","stateCode":"36","coords":["45.72179000","13.04379000"]},{"commonName":"Pieria-Prato Carnico","countryCode":"IT","countryName":"Italy","stateCode":"36","coords":["46.52037000","12.80328000"]},{"commonName":"Pieris","countryCode":"IT","countryName":"Italy","stateCode":"36","coords":["45.81243000","13.44917000"]},{"commonName":"Pinzano al Tagliamento","countryCode":"IT","countryName":"Italy","stateCode":"36","coords":["46.18216000","12.94433000"]},{"commonName":"Pocenia","countryCode":"IT","countryName":"Italy","stateCode":"36","coords":["45.83570000","13.10145000"]},{"commonName":"Polcenigo","countryCode":"IT","countryName":"Italy","stateCode":"36","coords":["46.03822000","12.50321000"]},{"commonName":"Pontebba","countryCode":"IT","countryName":"Italy","stateCode":"36","coords":["46.50540000","13.30622000"]},{"commonName":"Porcia","countryCode":"IT","countryName":"Italy","stateCode":"36","coords":["45.96301000","12.61642000"]},{"commonName":"Pordenone","countryCode":"IT","countryName":"Italy","stateCode":"36","coords":["45.95689000","12.66051000"]},{"commonName":"Porpetto","countryCode":"IT","countryName":"Italy","stateCode":"36","coords":["45.85700000","13.21703000"]},{"commonName":"Povoletto","countryCode":"IT","countryName":"Italy","stateCode":"36","coords":["46.11568000","13.29171000"]},{"commonName":"Pozzuolo del Friuli","countryCode":"IT","countryName":"Italy","stateCode":"36","coords":["45.98517000","13.19724000"]},{"commonName":"Pradamano","countryCode":"IT","countryName":"Italy","stateCode":"36","coords":["46.03391000","13.30223000"]},{"commonName":"Prata di Pordenone","countryCode":"IT","countryName":"Italy","stateCode":"36","coords":["45.89441000","12.58843000"]},{"commonName":"Prato","countryCode":"IT","countryName":"Italy","stateCode":"36","coords":["46.37364000","13.30659000"]},{"commonName":"Prato Carnico","countryCode":"IT","countryName":"Italy","stateCode":"36","coords":["46.52049000","12.80886000"]},{"commonName":"Pravisdomini","countryCode":"IT","countryName":"Italy","stateCode":"36","coords":["45.81972000","12.69478000"]},{"commonName":"Precenicco","countryCode":"IT","countryName":"Italy","stateCode":"36","coords":["45.79694000","13.07554000"]},{"commonName":"Premariacco","countryCode":"IT","countryName":"Italy","stateCode":"36","coords":["46.06145000","13.39461000"]},{"commonName":"Preone","countryCode":"IT","countryName":"Italy","stateCode":"36","coords":["46.39411000","12.86645000"]},{"commonName":"Prepotto","countryCode":"IT","countryName":"Italy","stateCode":"36","coords":["46.04522000","13.47921000"]},{"commonName":"Prosecco-Contovello","countryCode":"IT","countryName":"Italy","stateCode":"36","coords":["45.70807000","13.73376000"]},{"commonName":"Provincia di Gorizia","countryCode":"IT","countryName":"Italy","stateCode":"36","coords":["45.86548000","13.50195000"]},{"commonName":"Provincia di Pordenone","countryCode":"IT","countryName":"Italy","stateCode":"36","coords":["46.10182000","12.69002000"]},{"commonName":"Provincia di Trieste","countryCode":"IT","countryName":"Italy","stateCode":"36","coords":["45.71300000","13.76116000"]},{"commonName":"Provincia di Udine","countryCode":"IT","countryName":"Italy","stateCode":"36","coords":["46.16408000","13.17794000"]},{"commonName":"Puia-Villanova","countryCode":"IT","countryName":"Italy","stateCode":"36","coords":["45.86222000","12.57139000"]},{"commonName":"Pulfero","countryCode":"IT","countryName":"Italy","stateCode":"36","coords":["46.17376000","13.48363000"]},{"commonName":"Ramuscello","countryCode":"IT","countryName":"Italy","stateCode":"36","coords":["45.88105000","12.88460000"]},{"commonName":"Rauscedo-Domanins","countryCode":"IT","countryName":"Italy","stateCode":"36","coords":["46.04083000","12.82472000"]},{"commonName":"Ravascletto","countryCode":"IT","countryName":"Italy","stateCode":"36","coords":["46.52504000","12.92138000"]},{"commonName":"Raveo","countryCode":"IT","countryName":"Italy","stateCode":"36","coords":["46.43392000","12.87165000"]},{"commonName":"Reana del Roiale","countryCode":"IT","countryName":"Italy","stateCode":"36","coords":["46.13733000","13.22320000"]},{"commonName":"Reana del Rojale","countryCode":"IT","countryName":"Italy","stateCode":"36","coords":["46.14322000","13.24653000"]},{"commonName":"Remanzacco","countryCode":"IT","countryName":"Italy","stateCode":"36","coords":["46.08535000","13.32358000"]},{"commonName":"Resiutta","countryCode":"IT","countryName":"Italy","stateCode":"36","coords":["46.39371000","13.21796000"]},{"commonName":"Rigolato","countryCode":"IT","countryName":"Italy","stateCode":"36","coords":["46.55393000","12.84619000"]},{"commonName":"Rive d'Arcano","countryCode":"IT","countryName":"Italy","stateCode":"36","coords":["46.12722000","13.03222000"]},{"commonName":"Rivignano","countryCode":"IT","countryName":"Italy","stateCode":"36","coords":["45.87575000","13.04190000"]},{"commonName":"Rodeano","countryCode":"IT","countryName":"Italy","stateCode":"36","coords":["46.11085000","13.01110000"]},{"commonName":"Romans d'Isonzo","countryCode":"IT","countryName":"Italy","stateCode":"36","coords":["45.88816000","13.44187000"]},{"commonName":"Ronchi dei Legionari","countryCode":"IT","countryName":"Italy","stateCode":"36","coords":["45.82735000","13.50417000"]},{"commonName":"Ronchis","countryCode":"IT","countryName":"Italy","stateCode":"36","coords":["45.80792000","12.99545000"]},{"commonName":"Rosa","countryCode":"IT","countryName":"Italy","stateCode":"36","coords":["45.93056000","12.87083000"]},{"commonName":"Roveredo in Piano","countryCode":"IT","countryName":"Italy","stateCode":"36","coords":["46.00847000","12.61938000"]},{"commonName":"Ruda","countryCode":"IT","countryName":"Italy","stateCode":"36","coords":["45.83986000","13.40177000"]},{"commonName":"Sacile","countryCode":"IT","countryName":"Italy","stateCode":"36","coords":["45.95412000","12.50274000"]},{"commonName":"Sagrado","countryCode":"IT","countryName":"Italy","stateCode":"36","coords":["45.87393000","13.48418000"]},{"commonName":"San Canzian d'Isonzo","countryCode":"IT","countryName":"Italy","stateCode":"36","coords":["45.79750000","13.46639000"]},{"commonName":"San Daniele del Friuli","countryCode":"IT","countryName":"Italy","stateCode":"36","coords":["46.15714000","13.00726000"]},{"commonName":"San Floriano del Collio","countryCode":"IT","countryName":"Italy","stateCode":"36","coords":["45.98088000","13.58875000"]},{"commonName":"San Giacomo","countryCode":"IT","countryName":"Italy","stateCode":"36","coords":["46.17311000","12.98344000"]},{"commonName":"San Giorgio della Richinvelda","countryCode":"IT","countryName":"Italy","stateCode":"36","coords":["46.04778000","12.86867000"]},{"commonName":"San Giorgio di Nogaro","countryCode":"IT","countryName":"Italy","stateCode":"36","coords":["45.82745000","13.21088000"]},{"commonName":"San Giovanni","countryCode":"IT","countryName":"Italy","stateCode":"36","coords":["46.02104000","12.51556000"]},{"commonName":"San Giovanni al Natisone","countryCode":"IT","countryName":"Italy","stateCode":"36","coords":["45.97079000","13.40182000"]},{"commonName":"San Leonardo","countryCode":"IT","countryName":"Italy","stateCode":"36","coords":["46.11913000","13.53085000"]},{"commonName":"San Lorenzo Isontino","countryCode":"IT","countryName":"Italy","stateCode":"36","coords":["45.93020000","13.52517000"]},{"commonName":"San Martino al Tagliamento","countryCode":"IT","countryName":"Italy","stateCode":"36","coords":["46.01697000","12.86989000"]},{"commonName":"San Pier d'Isonzo","countryCode":"IT","countryName":"Italy","stateCode":"36","coords":["45.84452000","13.46764000"]},{"commonName":"San Pietro al Natisone","countryCode":"IT","countryName":"Italy","stateCode":"36","coords":["46.11444000","13.48296000"]},{"commonName":"San Quirino","countryCode":"IT","countryName":"Italy","stateCode":"36","coords":["46.03411000","12.67846000"]},{"commonName":"San Valentino","countryCode":"IT","countryName":"Italy","stateCode":"36","coords":["45.79039000","13.41236000"]},{"commonName":"San Vito al Tagliamento","countryCode":"IT","countryName":"Italy","stateCode":"36","coords":["45.91680000","12.85945000"]},{"commonName":"San Vito al Torre","countryCode":"IT","countryName":"Italy","stateCode":"36","coords":["45.89587000","13.37588000"]},{"commonName":"San Vito di Fagagna","countryCode":"IT","countryName":"Italy","stateCode":"36","coords":["46.09103000","13.06569000"]},{"commonName":"Santa Croce","countryCode":"IT","countryName":"Italy","stateCode":"36","coords":["45.73472000","13.69278000"]},{"commonName":"Santa Maria la Longa","countryCode":"IT","countryName":"Italy","stateCode":"36","coords":["45.93403000","13.28911000"]},{"commonName":"Sappada","countryCode":"IT","countryName":"Italy","stateCode":"36","coords":["46.56663000","12.68421000"]},{"commonName":"Sauris di Sotto","countryCode":"IT","countryName":"Italy","stateCode":"36","coords":["46.46624000","12.70852000"]},{"commonName":"Savogna","countryCode":"IT","countryName":"Italy","stateCode":"36","coords":["46.15846000","13.53089000"]},{"commonName":"Savogna d'Isonzo","countryCode":"IT","countryName":"Italy","stateCode":"36","coords":["45.90894000","13.57936000"]},{"commonName":"Sedegliano","countryCode":"IT","countryName":"Italy","stateCode":"36","coords":["46.01396000","12.97734000"]},{"commonName":"Sequals","countryCode":"IT","countryName":"Italy","stateCode":"36","coords":["46.16385000","12.83037000"]},{"commonName":"Sesto al Reghena","countryCode":"IT","countryName":"Italy","stateCode":"36","coords":["45.84938000","12.81295000"]},{"commonName":"Sevegliano","countryCode":"IT","countryName":"Italy","stateCode":"36","coords":["45.88749000","13.30541000"]},{"commonName":"Sgonico","countryCode":"IT","countryName":"Italy","stateCode":"36","coords":["45.73583000","13.74708000"]},{"commonName":"Sistiana-Visogliano","countryCode":"IT","countryName":"Italy","stateCode":"36","coords":["45.77237000","13.63824000"]},{"commonName":"Sottoselva","countryCode":"IT","countryName":"Italy","stateCode":"36","coords":["45.91134000","13.32416000"]},{"commonName":"Spilimbergo","countryCode":"IT","countryName":"Italy","stateCode":"36","coords":["46.11345000","12.89241000"]},{"commonName":"Staranzano","countryCode":"IT","countryName":"Italy","stateCode":"36","coords":["45.80233000","13.50226000"]},{"commonName":"Stregna","countryCode":"IT","countryName":"Italy","stateCode":"36","coords":["46.12689000","13.57761000"]},{"commonName":"Sutrio","countryCode":"IT","countryName":"Italy","stateCode":"36","coords":["46.51206000","12.99325000"]},{"commonName":"Taipana","countryCode":"IT","countryName":"Italy","stateCode":"36","coords":["46.24911000","13.34150000"]},{"commonName":"Talmassons","countryCode":"IT","countryName":"Italy","stateCode":"36","coords":["45.92810000","13.12199000"]},{"commonName":"Tamai","countryCode":"IT","countryName":"Italy","stateCode":"36","coords":["45.92427000","12.57187000"]},{"commonName":"Tarcento","countryCode":"IT","countryName":"Italy","stateCode":"36","coords":["46.21251000","13.21514000"]},{"commonName":"Tarvisio","countryCode":"IT","countryName":"Italy","stateCode":"36","coords":["46.50567000","13.58689000"]},{"commonName":"Tavagnacco","countryCode":"IT","countryName":"Italy","stateCode":"36","coords":["46.10976000","13.22251000"]},{"commonName":"Teor","countryCode":"IT","countryName":"Italy","stateCode":"36","coords":["45.85416000","13.05608000"]},{"commonName":"Terzo d'Aquileia","countryCode":"IT","countryName":"Italy","stateCode":"36","coords":["45.79994000","13.34177000"]},{"commonName":"Tolmezzo","countryCode":"IT","countryName":"Italy","stateCode":"36","coords":["46.39996000","13.02051000"]},{"commonName":"Torreano","countryCode":"IT","countryName":"Italy","stateCode":"36","coords":["46.12786000","13.42933000"]},{"commonName":"Torviscosa","countryCode":"IT","countryName":"Italy","stateCode":"36","coords":["45.82337000","13.28050000"]},{"commonName":"Tramonti di Sopra","countryCode":"IT","countryName":"Italy","stateCode":"36","coords":["46.31023000","12.78994000"]},{"commonName":"Tramonti di Sotto","countryCode":"IT","countryName":"Italy","stateCode":"36","coords":["46.28475000","12.79644000"]},{"commonName":"Trasaghis","countryCode":"IT","countryName":"Italy","stateCode":"36","coords":["46.28164000","13.07545000"]},{"commonName":"Travesio","countryCode":"IT","countryName":"Italy","stateCode":"36","coords":["46.19667000","12.86740000"]},{"commonName":"Treppo Carnico","countryCode":"IT","countryName":"Italy","stateCode":"36","coords":["46.53323000","13.04292000"]},{"commonName":"Treppo Grande","countryCode":"IT","countryName":"Italy","stateCode":"36","coords":["46.19988000","13.15350000"]},{"commonName":"Tricesimo","countryCode":"IT","countryName":"Italy","stateCode":"36","coords":["46.16058000","13.21566000"]},{"commonName":"Trieste","countryCode":"IT","countryName":"Italy","stateCode":"36","coords":["45.64953000","13.77678000"]},{"commonName":"Trivignano Udinese","countryCode":"IT","countryName":"Italy","stateCode":"36","coords":["45.94601000","13.34019000"]},{"commonName":"Turriaco","countryCode":"IT","countryName":"Italy","stateCode":"36","coords":["45.82119000","13.44369000"]},{"commonName":"Udine","countryCode":"IT","countryName":"Italy","stateCode":"36","coords":["46.06930000","13.23715000"]},{"commonName":"Vajont","countryCode":"IT","countryName":"Italy","stateCode":"36","coords":["46.14534000","12.69647000"]},{"commonName":"Valvasone","countryCode":"IT","countryName":"Italy","stateCode":"36","coords":["45.99331000","12.86659000"]},{"commonName":"Varmo","countryCode":"IT","countryName":"Italy","stateCode":"36","coords":["45.88630000","12.99005000"]},{"commonName":"Venzone","countryCode":"IT","countryName":"Italy","stateCode":"36","coords":["46.33031000","13.13825000"]},{"commonName":"Vigonovo-Fontanafredda","countryCode":"IT","countryName":"Italy","stateCode":"36","coords":["45.98927000","12.54707000"]},{"commonName":"Villa Opicina","countryCode":"IT","countryName":"Italy","stateCode":"36","coords":["45.68780000","13.78861000"]},{"commonName":"Villa Santina","countryCode":"IT","countryName":"Italy","stateCode":"36","coords":["46.41368000","12.92445000"]},{"commonName":"Villa Vicentina","countryCode":"IT","countryName":"Italy","stateCode":"36","coords":["45.81378000","13.39332000"]},{"commonName":"Villanova","countryCode":"IT","countryName":"Italy","stateCode":"36","coords":["46.13226000","12.97084000"]},{"commonName":"Villesse","countryCode":"IT","countryName":"Italy","stateCode":"36","coords":["45.86526000","13.44380000"]},{"commonName":"Villotta","countryCode":"IT","countryName":"Italy","stateCode":"36","coords":["45.86336000","12.75418000"]},{"commonName":"Visco","countryCode":"IT","countryName":"Italy","stateCode":"36","coords":["45.89194000","13.34861000"]},{"commonName":"Vivaro","countryCode":"IT","countryName":"Italy","stateCode":"36","coords":["46.07656000","12.77912000"]},{"commonName":"Zolla","countryCode":"IT","countryName":"Italy","stateCode":"36","coords":["45.71698000","13.81038000"]},{"commonName":"Zoppola","countryCode":"IT","countryName":"Italy","stateCode":"36","coords":["45.96624000","12.76828000"]},{"commonName":"Zugliano-Terenzano-Cargnacco","countryCode":"IT","countryName":"Italy","stateCode":"36","coords":["46.00750000","13.21694000"]},{"commonName":"Zuglio","countryCode":"IT","countryName":"Italy","stateCode":"36","coords":["46.45830000","13.02589000"]}]