[{"commonName":"Accumoli","countryCode":"IT","countryName":"Italy","stateCode":"62","coords":["42.69476000","13.24761000"]},{"commonName":"Acilia-Castel Fusano-Ostia Antica","countryCode":"IT","countryName":"Italy","stateCode":"62","coords":["41.76337000","12.33078000"]},{"commonName":"Acquafondata","countryCode":"IT","countryName":"Italy","stateCode":"62","coords":["41.54282000","13.95281000"]},{"commonName":"Acquapendente","countryCode":"IT","countryName":"Italy","stateCode":"62","coords":["42.74259000","11.86827000"]},{"commonName":"Acuto","countryCode":"IT","countryName":"Italy","stateCode":"62","coords":["41.79107000","13.17446000"]},{"commonName":"Affile","countryCode":"IT","countryName":"Italy","stateCode":"62","coords":["41.88435000","13.09853000"]},{"commonName":"Agosta","countryCode":"IT","countryName":"Italy","stateCode":"62","coords":["41.98133000","13.03499000"]},{"commonName":"Alatri","countryCode":"IT","countryName":"Italy","stateCode":"62","coords":["41.73187000","13.34120000"]},{"commonName":"Albano Laziale","countryCode":"IT","countryName":"Italy","stateCode":"62","coords":["41.72748000","12.65900000"]},{"commonName":"Albuccione","countryCode":"IT","countryName":"Italy","stateCode":"62","coords":["41.95245000","12.69873000"]},{"commonName":"Allumiere","countryCode":"IT","countryName":"Italy","stateCode":"62","coords":["42.15751000","11.90361000"]},{"commonName":"Alvito","countryCode":"IT","countryName":"Italy","stateCode":"62","coords":["41.69002000","13.74795000"]},{"commonName":"Amaseno","countryCode":"IT","countryName":"Italy","stateCode":"62","coords":["41.46705000","13.33457000"]},{"commonName":"Amatrice","countryCode":"IT","countryName":"Italy","stateCode":"62","coords":["42.62664000","13.29509000"]},{"commonName":"Anagni","countryCode":"IT","countryName":"Italy","stateCode":"62","coords":["41.74350000","13.15542000"]},{"commonName":"Anguillara Sabazia","countryCode":"IT","countryName":"Italy","stateCode":"62","coords":["42.07920000","12.28368000"]},{"commonName":"Anitrella-Chiaiamari","countryCode":"IT","countryName":"Italy","stateCode":"62","coords":["41.63825000","13.54835000"]},{"commonName":"Anticoli Corrado","countryCode":"IT","countryName":"Italy","stateCode":"62","coords":["42.00801000","12.99049000"]},{"commonName":"Antrodoco","countryCode":"IT","countryName":"Italy","stateCode":"62","coords":["42.41498000","13.07673000"]},{"commonName":"Anzio","countryCode":"IT","countryName":"Italy","stateCode":"62","coords":["41.45263000","12.62157000"]},{"commonName":"Aprilia","countryCode":"IT","countryName":"Italy","stateCode":"62","coords":["41.59452000","12.65419000"]},{"commonName":"Aquino","countryCode":"IT","countryName":"Italy","stateCode":"62","coords":["41.49388000","13.70520000"]},{"commonName":"Ara Nova","countryCode":"IT","countryName":"Italy","stateCode":"62","coords":["41.93300000","12.23980000"]},{"commonName":"Arce","countryCode":"IT","countryName":"Italy","stateCode":"62","coords":["41.57787000","13.58571000"]},{"commonName":"Arci-Empolitana","countryCode":"IT","countryName":"Italy","stateCode":"62","coords":["41.94766000","12.82502000"]},{"commonName":"Arcinazzo Romano","countryCode":"IT","countryName":"Italy","stateCode":"62","coords":["41.87972000","13.11439000"]},{"commonName":"Ardea","countryCode":"IT","countryName":"Italy","stateCode":"62","coords":["41.60742000","12.54158000"]},{"commonName":"Area Produttiva","countryCode":"IT","countryName":"Italy","stateCode":"62","coords":["41.68211000","12.50697000"]},{"commonName":"Ariccia","countryCode":"IT","countryName":"Italy","stateCode":"62","coords":["41.72063000","12.67230000"]},{"commonName":"Arlena di Castro","countryCode":"IT","countryName":"Italy","stateCode":"62","coords":["42.46559000","11.82090000"]},{"commonName":"Armetta","countryCode":"IT","countryName":"Italy","stateCode":"62","coords":["41.81280000","12.68782000"]},{"commonName":"Arnara","countryCode":"IT","countryName":"Italy","stateCode":"62","coords":["41.58452000","13.38840000"]},{"commonName":"Arpino","countryCode":"IT","countryName":"Italy","stateCode":"62","coords":["41.64705000","13.61155000"]},{"commonName":"Arsoli","countryCode":"IT","countryName":"Italy","stateCode":"62","coords":["42.04158000","13.01606000"]},{"commonName":"Artena","countryCode":"IT","countryName":"Italy","stateCode":"62","coords":["41.74126000","12.90667000"]},{"commonName":"Ascrea","countryCode":"IT","countryName":"Italy","stateCode":"62","coords":["42.19763000","12.99457000"]},{"commonName":"Atina","countryCode":"IT","countryName":"Italy","stateCode":"62","coords":["41.62004000","13.79905000"]},{"commonName":"Atina Inferiore","countryCode":"IT","countryName":"Italy","stateCode":"62","coords":["41.62705000","13.79258000"]},{"commonName":"Aurelia","countryCode":"IT","countryName":"Italy","stateCode":"62","coords":["42.13910000","11.78713000"]},{"commonName":"Ausonia","countryCode":"IT","countryName":"Italy","stateCode":"62","coords":["41.35808000","13.74983000"]},{"commonName":"Bagni di Tivoli","countryCode":"IT","countryName":"Italy","stateCode":"62","coords":["41.95000000","12.71667000"]},{"commonName":"Bagnoregio","countryCode":"IT","countryName":"Italy","stateCode":"62","coords":["42.62845000","12.08969000"]},{"commonName":"Barbarano Romano","countryCode":"IT","countryName":"Italy","stateCode":"62","coords":["42.24908000","12.06774000"]},{"commonName":"Bassano in Teverina","countryCode":"IT","countryName":"Italy","stateCode":"62","coords":["42.46444000","12.30752000"]},{"commonName":"Bassano Romano","countryCode":"IT","countryName":"Italy","stateCode":"62","coords":["42.22228000","12.18785000"]},{"commonName":"Bassiano","countryCode":"IT","countryName":"Italy","stateCode":"62","coords":["41.55154000","13.02732000"]},{"commonName":"Bella Farnia","countryCode":"IT","countryName":"Italy","stateCode":"62","coords":["41.36780000","12.97602000"]},{"commonName":"Bellegra","countryCode":"IT","countryName":"Italy","stateCode":"62","coords":["41.88166000","13.02861000"]},{"commonName":"Belmonte Castello","countryCode":"IT","countryName":"Italy","stateCode":"62","coords":["41.57742000","13.81581000"]},{"commonName":"Belmonte in Sabina","countryCode":"IT","countryName":"Italy","stateCode":"62","coords":["42.31482000","12.89178000"]},{"commonName":"Bivio di Capanelle","countryCode":"IT","countryName":"Italy","stateCode":"62","coords":["42.11962000","12.59395000"]},{"commonName":"Bivio San Polo","countryCode":"IT","countryName":"Italy","stateCode":"62","coords":["41.97418000","12.82993000"]},{"commonName":"Blera","countryCode":"IT","countryName":"Italy","stateCode":"62","coords":["42.27293000","12.03016000"]},{"commonName":"Bolsena","countryCode":"IT","countryName":"Italy","stateCode":"62","coords":["42.64326000","11.98514000"]},{"commonName":"Bomarzo","countryCode":"IT","countryName":"Italy","stateCode":"62","coords":["42.48273000","12.25037000"]},{"commonName":"Borbona","countryCode":"IT","countryName":"Italy","stateCode":"62","coords":["42.50939000","13.13206000"]},{"commonName":"Borgo Grappa","countryCode":"IT","countryName":"Italy","stateCode":"62","coords":["41.40212000","12.96053000"]},{"commonName":"Borgo Hermada","countryCode":"IT","countryName":"Italy","stateCode":"62","coords":["41.30559000","13.17235000"]},{"commonName":"Borgo Lotti","countryCode":"IT","countryName":"Italy","stateCode":"62","coords":["41.76414000","12.55500000"]},{"commonName":"Borgo Podgora","countryCode":"IT","countryName":"Italy","stateCode":"62","coords":["41.51462000","12.85383000"]},{"commonName":"Borgo Sabotino-Foce Verde","countryCode":"IT","countryName":"Italy","stateCode":"62","coords":["41.41667000","12.83333000"]},{"commonName":"Borgo San Michele","countryCode":"IT","countryName":"Italy","stateCode":"62","coords":["41.43828000","12.97351000"]},{"commonName":"Borgo Velino","countryCode":"IT","countryName":"Italy","stateCode":"62","coords":["42.40508000","13.05650000"]},{"commonName":"Borgorose","countryCode":"IT","countryName":"Italy","stateCode":"62","coords":["42.19077000","13.23282000"]},{"commonName":"Boville Ernica","countryCode":"IT","countryName":"Italy","stateCode":"62","coords":["41.64252000","13.47270000"]},{"commonName":"Bracciano","countryCode":"IT","countryName":"Italy","stateCode":"62","coords":["42.10271000","12.16565000"]},{"commonName":"Broccostella","countryCode":"IT","countryName":"Italy","stateCode":"62","coords":["41.69972000","13.63531000"]},{"commonName":"Caira","countryCode":"IT","countryName":"Italy","stateCode":"62","coords":["41.53333000","13.81667000"]},{"commonName":"Calcata Nuova","countryCode":"IT","countryName":"Italy","stateCode":"62","coords":["42.21952000","12.42617000"]},{"commonName":"Camerata Nuova","countryCode":"IT","countryName":"Italy","stateCode":"62","coords":["42.01800000","13.10970000"]},{"commonName":"Camilleri-Vallelata","countryCode":"IT","countryName":"Italy","stateCode":"62","coords":["41.59848000","12.61738000"]},{"commonName":"Campagnano di Roma","countryCode":"IT","countryName":"Italy","stateCode":"62","coords":["42.13570000","12.37358000"]},{"commonName":"Campo di Carne","countryCode":"IT","countryName":"Italy","stateCode":"62","coords":["41.55265000","12.64114000"]},{"commonName":"Campo Jemini","countryCode":"IT","countryName":"Italy","stateCode":"62","coords":["41.62716000","12.51258000"]},{"commonName":"Campo Limpido-Favale","countryCode":"IT","countryName":"Italy","stateCode":"62","coords":["41.96732000","12.77016000"]},{"commonName":"Campodimele","countryCode":"IT","countryName":"Italy","stateCode":"62","coords":["41.38822000","13.53081000"]},{"commonName":"Campoleone","countryCode":"IT","countryName":"Italy","stateCode":"62","coords":["41.64570000","12.64826000"]},{"commonName":"Campoli Appennino","countryCode":"IT","countryName":"Italy","stateCode":"62","coords":["41.73539000","13.68326000"]},{"commonName":"Canale Monterano","countryCode":"IT","countryName":"Italy","stateCode":"62","coords":["42.13598000","12.10284000"]},{"commonName":"Canepina","countryCode":"IT","countryName":"Italy","stateCode":"62","coords":["42.38315000","12.23179000"]},{"commonName":"Canino","countryCode":"IT","countryName":"Italy","stateCode":"62","coords":["42.46592000","11.75294000"]},{"commonName":"Cantalice","countryCode":"IT","countryName":"Italy","stateCode":"62","coords":["42.46458000","12.90461000"]},{"commonName":"Cantalupo in Sabina","countryCode":"IT","countryName":"Italy","stateCode":"62","coords":["42.30689000","12.64513000"]},{"commonName":"Canterano","countryCode":"IT","countryName":"Italy","stateCode":"62","coords":["41.94322000","13.03809000"]},{"commonName":"Capena","countryCode":"IT","countryName":"Italy","stateCode":"62","coords":["42.14247000","12.54513000"]},{"commonName":"Capodimonte","countryCode":"IT","countryName":"Italy","stateCode":"62","coords":["42.54780000","11.90657000"]},{"commonName":"Capranica","countryCode":"IT","countryName":"Italy","stateCode":"62","coords":["42.25849000","12.17278000"]},{"commonName":"Capranica Prenestina","countryCode":"IT","countryName":"Italy","stateCode":"62","coords":["41.86285000","12.95077000"]},{"commonName":"Caprarola","countryCode":"IT","countryName":"Italy","stateCode":"62","coords":["42.32308000","12.23848000"]},{"commonName":"Carbognano","countryCode":"IT","countryName":"Italy","stateCode":"62","coords":["42.33024000","12.26457000"]},{"commonName":"Carchitti","countryCode":"IT","countryName":"Italy","stateCode":"62","coords":["41.78688000","12.82955000"]},{"commonName":"Carpineto Romano","countryCode":"IT","countryName":"Italy","stateCode":"62","coords":["41.60470000","13.08410000"]},{"commonName":"Carrara-Pontenuovo","countryCode":"IT","countryName":"Italy","stateCode":"62","coords":["41.54045000","12.95468000"]},{"commonName":"Cartiera-Stazione","countryCode":"IT","countryName":"Italy","stateCode":"62","coords":["41.65642000","13.24086000"]},{"commonName":"Casal Palocco","countryCode":"IT","countryName":"Italy","stateCode":"62","coords":["41.74845000","12.34726000"]},{"commonName":"Casalattico","countryCode":"IT","countryName":"Italy","stateCode":"62","coords":["41.62213000","13.72563000"]},{"commonName":"Casalazzara","countryCode":"IT","countryName":"Italy","stateCode":"62","coords":["41.62299000","12.57634000"]},{"commonName":"Casali","countryCode":"IT","countryName":"Italy","stateCode":"62","coords":["41.37812000","13.75479000"]},{"commonName":"Casalvieri","countryCode":"IT","countryName":"Italy","stateCode":"62","coords":["41.63329000","13.71363000"]},{"commonName":"Casape","countryCode":"IT","countryName":"Italy","stateCode":"62","coords":["41.90702000","12.88579000"]},{"commonName":"Casaprota","countryCode":"IT","countryName":"Italy","stateCode":"62","coords":["42.25177000","12.80428000"]},{"commonName":"Case Campoli-Panetta","countryCode":"IT","countryName":"Italy","stateCode":"62","coords":["41.67296000","13.47170000"]},{"commonName":"Casperia","countryCode":"IT","countryName":"Italy","stateCode":"62","coords":["42.33869000","12.67017000"]},{"commonName":"Cassino","countryCode":"IT","countryName":"Italy","stateCode":"62","coords":["41.48581000","13.82835000"]},{"commonName":"Castel Chiodato","countryCode":"IT","countryName":"Italy","stateCode":"62","coords":["42.05617000","12.69764000"]},{"commonName":"Castel di Tora","countryCode":"IT","countryName":"Italy","stateCode":"62","coords":["42.21392000","12.97073000"]},{"commonName":"Castel Fusano","countryCode":"IT","countryName":"Italy","stateCode":"62","coords":["41.74717000","12.31190000"]},{"commonName":"Castel Gandolfo","countryCode":"IT","countryName":"Italy","stateCode":"62","coords":["41.74875000","12.64975000"]},{"commonName":"Castel Madama","countryCode":"IT","countryName":"Italy","stateCode":"62","coords":["41.97350000","12.86782000"]},{"commonName":"Castel San Pietro Romano","countryCode":"IT","countryName":"Italy","stateCode":"62","coords":["41.84572000","12.89489000"]},{"commonName":"Castel Sant'Angelo","countryCode":"IT","countryName":"Italy","stateCode":"62","coords":["42.39373000","13.02738000"]},{"commonName":"Castel Sant'Elia","countryCode":"IT","countryName":"Italy","stateCode":"62","coords":["42.25112000","12.37032000"]},{"commonName":"Castelforte","countryCode":"IT","countryName":"Italy","stateCode":"62","coords":["41.29392000","13.83061000"]},{"commonName":"Castelliri","countryCode":"IT","countryName":"Italy","stateCode":"62","coords":["41.67764000","13.53978000"]},{"commonName":"Castelmassimo","countryCode":"IT","countryName":"Italy","stateCode":"62","coords":["41.66389000","13.38063000"]},{"commonName":"Castelnuovo di Farfa","countryCode":"IT","countryName":"Italy","stateCode":"62","coords":["42.23193000","12.74308000"]},{"commonName":"Castelnuovo di Porto","countryCode":"IT","countryName":"Italy","stateCode":"62","coords":["42.12280000","12.51043000"]},{"commonName":"Castelnuovo Parano","countryCode":"IT","countryName":"Italy","stateCode":"62","coords":["41.37912000","13.75621000"]},{"commonName":"Castiglione in Teverina","countryCode":"IT","countryName":"Italy","stateCode":"62","coords":["42.65076000","12.20305000"]},{"commonName":"Castro dei Volsci","countryCode":"IT","countryName":"Italy","stateCode":"62","coords":["41.50822000","13.40630000"]},{"commonName":"Castrocielo","countryCode":"IT","countryName":"Italy","stateCode":"62","coords":["41.52736000","13.69588000"]},{"commonName":"Cave","countryCode":"IT","countryName":"Italy","stateCode":"62","coords":["41.81682000","12.94055000"]},{"commonName":"Ceccano","countryCode":"IT","countryName":"Italy","stateCode":"62","coords":["41.57236000","13.32901000"]},{"commonName":"Cecchina","countryCode":"IT","countryName":"Italy","stateCode":"62","coords":["41.70161000","12.64972000"]},{"commonName":"Celleno","countryCode":"IT","countryName":"Italy","stateCode":"62","coords":["42.56039000","12.12442000"]},{"commonName":"Cellere","countryCode":"IT","countryName":"Italy","stateCode":"62","coords":["42.51024000","11.77079000"]},{"commonName":"Ceprano","countryCode":"IT","countryName":"Italy","stateCode":"62","coords":["41.54572000","13.51473000"]},{"commonName":"Cerquotti-Madonna del Piano","countryCode":"IT","countryName":"Italy","stateCode":"62","coords":["41.64194000","13.21316000"]},{"commonName":"Cerreto Laziale","countryCode":"IT","countryName":"Italy","stateCode":"62","coords":["41.94332000","12.98169000"]},{"commonName":"Cervara di Roma","countryCode":"IT","countryName":"Italy","stateCode":"62","coords":["41.98822000","13.06799000"]},{"commonName":"Cervaro","countryCode":"IT","countryName":"Italy","stateCode":"62","coords":["41.48278000","13.90218000"]},{"commonName":"Cerveteri","countryCode":"IT","countryName":"Italy","stateCode":"62","coords":["41.99080000","12.09082000"]},{"commonName":"Cesano","countryCode":"IT","countryName":"Italy","stateCode":"62","coords":["42.07375000","12.33711000"]},{"commonName":"Ciampino","countryCode":"IT","countryName":"Italy","stateCode":"62","coords":["41.80064000","12.60158000"]},{"commonName":"Ciciliano","countryCode":"IT","countryName":"Italy","stateCode":"62","coords":["41.95990000","12.94163000"]},{"commonName":"Cineto Romano","countryCode":"IT","countryName":"Italy","stateCode":"62","coords":["42.05014000","12.96080000"]},{"commonName":"Cisterna di Latina","countryCode":"IT","countryName":"Italy","stateCode":"62","coords":["41.59080000","12.82808000"]},{"commonName":"Città metropolitana di Roma Capitale","countryCode":"IT","countryName":"Italy","stateCode":"62","coords":["41.96667000","12.66667000"]},{"commonName":"Cittaducale","countryCode":"IT","countryName":"Italy","stateCode":"62","coords":["42.38664000","12.95497000"]},{"commonName":"Cittareale","countryCode":"IT","countryName":"Italy","stateCode":"62","coords":["42.61624000","13.15788000"]},{"commonName":"Civita Castellana","countryCode":"IT","countryName":"Italy","stateCode":"62","coords":["42.29304000","12.40885000"]},{"commonName":"Civitavecchia","countryCode":"IT","countryName":"Italy","stateCode":"62","coords":["42.09325000","11.79674000"]},{"commonName":"Civitella d'Agliano","countryCode":"IT","countryName":"Italy","stateCode":"62","coords":["42.60296000","12.18624000"]},{"commonName":"Civitella San Paolo","countryCode":"IT","countryName":"Italy","stateCode":"62","coords":["42.19935000","12.57455000"]},{"commonName":"Coldragone","countryCode":"IT","countryName":"Italy","stateCode":"62","coords":["41.55458000","13.60399000"]},{"commonName":"Collalto Sabino","countryCode":"IT","countryName":"Italy","stateCode":"62","coords":["42.13522000","13.04841000"]},{"commonName":"Colle Campano-Scrima","countryCode":"IT","countryName":"Italy","stateCode":"62","coords":["41.62364000","13.46336000"]},{"commonName":"Colle del Pino","countryCode":"IT","countryName":"Italy","stateCode":"62","coords":["41.74246000","12.49644000"]},{"commonName":"Colle di Fuori","countryCode":"IT","countryName":"Italy","stateCode":"62","coords":["41.80091000","12.80683000"]},{"commonName":"Colle di Tora","countryCode":"IT","countryName":"Italy","stateCode":"62","coords":["42.20809000","12.94746000"]},{"commonName":"Colle Mainello","countryCode":"IT","countryName":"Italy","stateCode":"62","coords":["41.86975000","12.78767000"]},{"commonName":"Colle San Magno","countryCode":"IT","countryName":"Italy","stateCode":"62","coords":["41.55019000","13.69485000"]},{"commonName":"Colle Spina","countryCode":"IT","countryName":"Italy","stateCode":"62","coords":["41.78205000","12.84723000"]},{"commonName":"Colle Verde","countryCode":"IT","countryName":"Italy","stateCode":"62","coords":["41.97694000","12.61855000"]},{"commonName":"Colleferro","countryCode":"IT","countryName":"Italy","stateCode":"62","coords":["41.72722000","13.00481000"]},{"commonName":"Collefontana-Fontana Liri Inferiore","countryCode":"IT","countryName":"Italy","stateCode":"62","coords":["41.61166000","13.54945000"]},{"commonName":"Collegiove","countryCode":"IT","countryName":"Italy","stateCode":"62","coords":["42.17506000","13.03844000"]},{"commonName":"Collepardo","countryCode":"IT","countryName":"Italy","stateCode":"62","coords":["41.76417000","13.36846000"]},{"commonName":"Collevecchio","countryCode":"IT","countryName":"Italy","stateCode":"62","coords":["42.33368000","12.55329000"]},{"commonName":"Colleverde II","countryCode":"IT","countryName":"Italy","stateCode":"62","coords":["41.97533000","12.63191000"]},{"commonName":"Colli di Enea","countryCode":"IT","countryName":"Italy","stateCode":"62","coords":["41.65554000","12.49035000"]},{"commonName":"Colli sul Velino","countryCode":"IT","countryName":"Italy","stateCode":"62","coords":["42.49828000","12.78153000"]},{"commonName":"Colonna","countryCode":"IT","countryName":"Italy","stateCode":"62","coords":["41.83454000","12.75495000"]},{"commonName":"Colubro","countryCode":"IT","countryName":"Italy","stateCode":"62","coords":["41.73506000","12.86726000"]},{"commonName":"Concerviano","countryCode":"IT","countryName":"Italy","stateCode":"62","coords":["42.32214000","12.98534000"]},{"commonName":"Configni","countryCode":"IT","countryName":"Italy","stateCode":"62","coords":["42.42543000","12.64431000"]},{"commonName":"Contigliano","countryCode":"IT","countryName":"Italy","stateCode":"62","coords":["42.41058000","12.77202000"]},{"commonName":"Corchiano","countryCode":"IT","countryName":"Italy","stateCode":"62","coords":["42.34495000","12.35688000"]},{"commonName":"Corcolle","countryCode":"IT","countryName":"Italy","stateCode":"62","coords":["41.90421000","12.73654000"]},{"commonName":"Coreno Ausonio","countryCode":"IT","countryName":"Italy","stateCode":"62","coords":["41.34735000","13.77648000"]},{"commonName":"Cori","countryCode":"IT","countryName":"Italy","stateCode":"62","coords":["41.64358000","12.91121000"]},{"commonName":"Corvaro","countryCode":"IT","countryName":"Italy","stateCode":"62","coords":["42.20538000","13.26496000"]},{"commonName":"Costaroni","countryCode":"IT","countryName":"Italy","stateCode":"62","coords":["42.07819000","12.53712000"]},{"commonName":"Cottanello","countryCode":"IT","countryName":"Italy","stateCode":"62","coords":["42.40811000","12.68592000"]},{"commonName":"Cretone","countryCode":"IT","countryName":"Italy","stateCode":"62","coords":["42.07116000","12.70365000"]},{"commonName":"Esperia","countryCode":"IT","countryName":"Italy","stateCode":"62","coords":["41.38237000","13.68491000"]},{"commonName":"Fabrica di Roma","countryCode":"IT","countryName":"Italy","stateCode":"62","coords":["42.33444000","12.29873000"]},{"commonName":"Faleria","countryCode":"IT","countryName":"Italy","stateCode":"62","coords":["42.22580000","12.44518000"]},{"commonName":"Falvaterra","countryCode":"IT","countryName":"Italy","stateCode":"62","coords":["41.50438000","13.52341000"]},{"commonName":"Fara in Sabina","countryCode":"IT","countryName":"Italy","stateCode":"62","coords":["42.20807000","12.72960000"]},{"commonName":"Farnese","countryCode":"IT","countryName":"Italy","stateCode":"62","coords":["42.54926000","11.72638000"]},{"commonName":"Ferentino","countryCode":"IT","countryName":"Italy","stateCode":"62","coords":["41.69119000","13.25620000"]},{"commonName":"Fiamignano","countryCode":"IT","countryName":"Italy","stateCode":"62","coords":["42.26546000","13.12413000"]},{"commonName":"Fiano Romano","countryCode":"IT","countryName":"Italy","stateCode":"62","coords":["42.15538000","12.59467000"]},{"commonName":"Filacciano","countryCode":"IT","countryName":"Italy","stateCode":"62","coords":["42.25445000","12.59880000"]},{"commonName":"Filettino","countryCode":"IT","countryName":"Italy","stateCode":"62","coords":["41.89131000","13.32531000"]},{"commonName":"Fiuggi","countryCode":"IT","countryName":"Italy","stateCode":"62","coords":["41.79780000","13.22386000"]},{"commonName":"Fiumicino-Isola Sacra","countryCode":"IT","countryName":"Italy","stateCode":"62","coords":["41.77093000","12.23662000"]},{"commonName":"Focene","countryCode":"IT","countryName":"Italy","stateCode":"62","coords":["41.81367000","12.21354000"]},{"commonName":"Fondi","countryCode":"IT","countryName":"Italy","stateCode":"62","coords":["41.35787000","13.42718000"]},{"commonName":"Fontechiari","countryCode":"IT","countryName":"Italy","stateCode":"62","coords":["41.66788000","13.67504000"]},{"commonName":"Forano","countryCode":"IT","countryName":"Italy","stateCode":"62","coords":["42.29768000","12.59469000"]},{"commonName":"Formello","countryCode":"IT","countryName":"Italy","stateCode":"62","coords":["42.06246000","12.39435000"]},{"commonName":"Formia","countryCode":"IT","countryName":"Italy","stateCode":"62","coords":["41.25632000","13.60888000"]},{"commonName":"Fossignano","countryCode":"IT","countryName":"Italy","stateCode":"62","coords":["41.59226000","12.56333000"]},{"commonName":"Frascati","countryCode":"IT","countryName":"Italy","stateCode":"62","coords":["41.80910000","12.67942000"]},{"commonName":"Frasso Sabino","countryCode":"IT","countryName":"Italy","stateCode":"62","coords":["42.22927000","12.80658000"]},{"commonName":"Fregene","countryCode":"IT","countryName":"Italy","stateCode":"62","coords":["41.85051000","12.19671000"]},{"commonName":"Frosinone","countryCode":"IT","countryName":"Italy","stateCode":"62","coords":["41.63976000","13.34109000"]},{"commonName":"Fumone","countryCode":"IT","countryName":"Italy","stateCode":"62","coords":["41.73461000","13.27015000"]},{"commonName":"Gaeta","countryCode":"IT","countryName":"Italy","stateCode":"62","coords":["41.21408000","13.57082000"]},{"commonName":"Gallese","countryCode":"IT","countryName":"Italy","stateCode":"62","coords":["42.37376000","12.39646000"]},{"commonName":"Gallicano nel Lazio","countryCode":"IT","countryName":"Italy","stateCode":"62","coords":["41.86433000","12.83543000"]},{"commonName":"Gallinaro","countryCode":"IT","countryName":"Italy","stateCode":"62","coords":["41.65502000","13.79799000"]},{"commonName":"Gavignano","countryCode":"IT","countryName":"Italy","stateCode":"62","coords":["41.69891000","13.05032000"]},{"commonName":"Genazzano","countryCode":"IT","countryName":"Italy","stateCode":"62","coords":["41.82807000","12.97196000"]},{"commonName":"Genio Civile","countryCode":"IT","countryName":"Italy","stateCode":"62","coords":["41.54807000","12.69161000"]},{"commonName":"Genzano di Roma","countryCode":"IT","countryName":"Italy","stateCode":"62","coords":["41.70706000","12.68904000"]},{"commonName":"Gerano","countryCode":"IT","countryName":"Italy","stateCode":"62","coords":["41.93474000","12.99034000"]},{"commonName":"Girardi-Bellavista-Terrazze","countryCode":"IT","countryName":"Italy","stateCode":"62","coords":["42.10266000","12.57960000"]},{"commonName":"Giulianello","countryCode":"IT","countryName":"Italy","stateCode":"62","coords":["41.68610000","12.87917000"]},{"commonName":"Giuliano di Roma","countryCode":"IT","countryName":"Italy","stateCode":"62","coords":["41.53933000","13.28028000"]},{"commonName":"Gorga","countryCode":"IT","countryName":"Italy","stateCode":"62","coords":["41.65468000","13.10663000"]},{"commonName":"Gradoli","countryCode":"IT","countryName":"Italy","stateCode":"62","coords":["42.64502000","11.85580000"]},{"commonName":"Graffignano","countryCode":"IT","countryName":"Italy","stateCode":"62","coords":["42.57539000","12.20121000"]},{"commonName":"Grottaferrata","countryCode":"IT","countryName":"Italy","stateCode":"62","coords":["41.78664000","12.67144000"]},{"commonName":"Grotte di Castro","countryCode":"IT","countryName":"Italy","stateCode":"62","coords":["42.67567000","11.86908000"]},{"commonName":"Grotte Santo Stefano","countryCode":"IT","countryName":"Italy","stateCode":"62","coords":["42.51691000","12.17226000"]},{"commonName":"Grunuovo-Campomaggiore San Luca","countryCode":"IT","countryName":"Italy","stateCode":"62","coords":["41.27228000","13.80684000"]},{"commonName":"Guarcino","countryCode":"IT","countryName":"Italy","stateCode":"62","coords":["41.79917000","13.31439000"]},{"commonName":"Guidonia","countryCode":"IT","countryName":"Italy","stateCode":"62","coords":["41.99232000","12.71876000"]},{"commonName":"Guidonia Montecelio","countryCode":"IT","countryName":"Italy","stateCode":"62","coords":["41.99362000","12.72238000"]},{"commonName":"Ischia di Castro","countryCode":"IT","countryName":"Italy","stateCode":"62","coords":["42.54420000","11.75759000"]},{"commonName":"Isola del Liri","countryCode":"IT","countryName":"Italy","stateCode":"62","coords":["41.68678000","13.59679000"]},{"commonName":"Itri","countryCode":"IT","countryName":"Italy","stateCode":"62","coords":["41.29034000","13.53000000"]},{"commonName":"Jenne","countryCode":"IT","countryName":"Italy","stateCode":"62","coords":["41.88882000","13.16959000"]},{"commonName":"La Botte","countryCode":"IT","countryName":"Italy","stateCode":"62","coords":["41.98176000","12.76775000"]},{"commonName":"La Forma","countryCode":"IT","countryName":"Italy","stateCode":"62","coords":["41.83449000","13.09092000"]},{"commonName":"La Massimina-Casal Lumbroso","countryCode":"IT","countryName":"Italy","stateCode":"62","coords":["41.87332000","12.35694000"]},{"commonName":"Labico","countryCode":"IT","countryName":"Italy","stateCode":"62","coords":["41.79260000","12.87127000"]},{"commonName":"Labro","countryCode":"IT","countryName":"Italy","stateCode":"62","coords":["42.52603000","12.80068000"]},{"commonName":"Ladispoli","countryCode":"IT","countryName":"Italy","stateCode":"62","coords":["41.95068000","12.07500000"]},{"commonName":"Laghetto","countryCode":"IT","countryName":"Italy","stateCode":"62","coords":["41.96734000","12.65609000"]},{"commonName":"Lanuvio","countryCode":"IT","countryName":"Italy","stateCode":"62","coords":["41.67297000","12.69403000"]},{"commonName":"Lariano","countryCode":"IT","countryName":"Italy","stateCode":"62","coords":["41.71847000","12.82868000"]},{"commonName":"Latera","countryCode":"IT","countryName":"Italy","stateCode":"62","coords":["42.62922000","11.82922000"]},{"commonName":"Latina","countryCode":"IT","countryName":"Italy","stateCode":"62","coords":["41.46614000","12.90430000"]},{"commonName":"Latina Scalo","countryCode":"IT","countryName":"Italy","stateCode":"62","coords":["41.53157000","12.94567000"]},{"commonName":"Lavinio","countryCode":"IT","countryName":"Italy","stateCode":"62","coords":["41.50350000","12.58973000"]},{"commonName":"Le Forna","countryCode":"IT","countryName":"Italy","stateCode":"62","coords":["40.92475000","12.96896000"]},{"commonName":"Le Rughe","countryCode":"IT","countryName":"Italy","stateCode":"62","coords":["42.06885000","12.37624000"]},{"commonName":"Lenola","countryCode":"IT","countryName":"Italy","stateCode":"62","coords":["41.40485000","13.45934000"]},{"commonName":"Leonessa","countryCode":"IT","countryName":"Italy","stateCode":"62","coords":["42.56855000","12.95996000"]},{"commonName":"Licenza","countryCode":"IT","countryName":"Italy","stateCode":"62","coords":["42.07413000","12.90008000"]},{"commonName":"Lido dei Pini","countryCode":"IT","countryName":"Italy","stateCode":"62","coords":["41.53660000","12.58976000"]},{"commonName":"Lido di Ostia","countryCode":"IT","countryName":"Italy","stateCode":"62","coords":["41.73212000","12.27654000"]},{"commonName":"Limiti di Greccio","countryCode":"IT","countryName":"Italy","stateCode":"62","coords":["42.45329000","12.76955000"]},{"commonName":"Longone Sabino","countryCode":"IT","countryName":"Italy","stateCode":"62","coords":["42.27260000","12.96653000"]},{"commonName":"Lubriano","countryCode":"IT","countryName":"Italy","stateCode":"62","coords":["42.63623000","12.10876000"]},{"commonName":"Maccarese","countryCode":"IT","countryName":"Italy","stateCode":"62","coords":["41.87696000","12.21975000"]},{"commonName":"Macere","countryCode":"IT","countryName":"Italy","stateCode":"62","coords":["41.74873000","12.85835000"]},{"commonName":"Maenza","countryCode":"IT","countryName":"Italy","stateCode":"62","coords":["41.52402000","13.18344000"]},{"commonName":"Magliano Romano","countryCode":"IT","countryName":"Italy","stateCode":"62","coords":["42.15750000","12.43662000"]},{"commonName":"Magliano Sabina","countryCode":"IT","countryName":"Italy","stateCode":"62","coords":["42.36568000","12.48520000"]},{"commonName":"Mandela","countryCode":"IT","countryName":"Italy","stateCode":"62","coords":["42.02795000","12.92089000"]},{"commonName":"Mantiglia di Ardea","countryCode":"IT","countryName":"Italy","stateCode":"62","coords":["41.67685000","12.61453000"]},{"commonName":"Manziana","countryCode":"IT","countryName":"Italy","stateCode":"62","coords":["42.12998000","12.12537000"]},{"commonName":"Marano Equo","countryCode":"IT","countryName":"Italy","stateCode":"62","coords":["41.99535000","13.01501000"]},{"commonName":"Maranola-Trivio","countryCode":"IT","countryName":"Italy","stateCode":"62","coords":["41.28522000","13.62777000"]},{"commonName":"Marcellina","countryCode":"IT","countryName":"Italy","stateCode":"62","coords":["42.02436000","12.80445000"]},{"commonName":"Marcetelli","countryCode":"IT","countryName":"Italy","stateCode":"62","coords":["42.22663000","13.04589000"]},{"commonName":"Marco Simone","countryCode":"IT","countryName":"Italy","stateCode":"62","coords":["41.95544000","12.64775000"]},{"commonName":"Marina di Ardea-Tor San Lorenzo","countryCode":"IT","countryName":"Italy","stateCode":"62","coords":["41.55439000","12.54115000"]},{"commonName":"Marina di Cerveteri","countryCode":"IT","countryName":"Italy","stateCode":"62","coords":["41.97997000","12.05295000"]},{"commonName":"Marina San Nicola","countryCode":"IT","countryName":"Italy","stateCode":"62","coords":["41.93102000","12.12024000"]},{"commonName":"Marino","countryCode":"IT","countryName":"Italy","stateCode":"62","coords":["41.76984000","12.65917000"]},{"commonName":"Marta","countryCode":"IT","countryName":"Italy","stateCode":"62","coords":["42.53318000","11.92423000"]},{"commonName":"Mazzano Romano","countryCode":"IT","countryName":"Italy","stateCode":"62","coords":["42.20597000","12.39554000"]},{"commonName":"Mentana","countryCode":"IT","countryName":"Italy","stateCode":"62","coords":["42.03539000","12.64413000"]},{"commonName":"Micigliano","countryCode":"IT","countryName":"Italy","stateCode":"62","coords":["42.45203000","13.05318000"]},{"commonName":"Minturno","countryCode":"IT","countryName":"Italy","stateCode":"62","coords":["41.26294000","13.74583000"]},{"commonName":"Molella","countryCode":"IT","countryName":"Italy","stateCode":"62","coords":["41.26009000","13.06221000"]},{"commonName":"Mompeo","countryCode":"IT","countryName":"Italy","stateCode":"62","coords":["42.24780000","12.75130000"]},{"commonName":"Montalto di Castro","countryCode":"IT","countryName":"Italy","stateCode":"62","coords":["42.34983000","11.60788000"]},{"commonName":"Montasola","countryCode":"IT","countryName":"Italy","stateCode":"62","coords":["42.38495000","12.68127000"]},{"commonName":"Monte Caminetto","countryCode":"IT","countryName":"Italy","stateCode":"62","coords":["42.06650000","12.47358000"]},{"commonName":"Monte Migliore La Selvotta","countryCode":"IT","countryName":"Italy","stateCode":"62","coords":["41.72060000","12.50206000"]},{"commonName":"Monte Porzio Catone","countryCode":"IT","countryName":"Italy","stateCode":"62","coords":["41.81585000","12.71432000"]},{"commonName":"Monte Romano","countryCode":"IT","countryName":"Italy","stateCode":"62","coords":["42.26745000","11.89658000"]},{"commonName":"Monte San Biagio","countryCode":"IT","countryName":"Italy","stateCode":"62","coords":["41.35360000","13.35184000"]},{"commonName":"Monte San Giovanni Campano","countryCode":"IT","countryName":"Italy","stateCode":"62","coords":["41.64310000","13.51088000"]},{"commonName":"Monte San Giovanni in Sabina","countryCode":"IT","countryName":"Italy","stateCode":"62","coords":["42.32703000","12.77858000"]},{"commonName":"Monte San Marino","countryCode":"IT","countryName":"Italy","stateCode":"62","coords":["41.71200000","13.31199000"]},{"commonName":"Montebuono","countryCode":"IT","countryName":"Italy","stateCode":"62","coords":["42.36770000","12.59721000"]},{"commonName":"Montecelio","countryCode":"IT","countryName":"Italy","stateCode":"62","coords":["42.02067000","12.74354000"]},{"commonName":"Montecompatri","countryCode":"IT","countryName":"Italy","stateCode":"62","coords":["41.80892000","12.73778000"]},{"commonName":"Montefiascone","countryCode":"IT","countryName":"Italy","stateCode":"62","coords":["42.54255000","12.03192000"]},{"commonName":"Monteflavio","countryCode":"IT","countryName":"Italy","stateCode":"62","coords":["42.10935000","12.83076000"]},{"commonName":"Montelanico","countryCode":"IT","countryName":"Italy","stateCode":"62","coords":["41.65069000","13.04027000"]},{"commonName":"Montelarco","countryCode":"IT","countryName":"Italy","stateCode":"62","coords":["42.16339000","12.48398000"]},{"commonName":"Monteleone Sabino","countryCode":"IT","countryName":"Italy","stateCode":"62","coords":["42.23267000","12.85828000"]},{"commonName":"Montelibretti","countryCode":"IT","countryName":"Italy","stateCode":"62","coords":["42.13553000","12.73868000"]},{"commonName":"Montenero Sabino","countryCode":"IT","countryName":"Italy","stateCode":"62","coords":["42.28123000","12.81358000"]},{"commonName":"Monterosi","countryCode":"IT","countryName":"Italy","stateCode":"62","coords":["42.19698000","12.30842000"]},{"commonName":"Monterotondo","countryCode":"IT","countryName":"Italy","stateCode":"62","coords":["42.05159000","12.61969000"]},{"commonName":"Montopoli in Sabina","countryCode":"IT","countryName":"Italy","stateCode":"62","coords":["42.24593000","12.69208000"]},{"commonName":"Montorio Romano","countryCode":"IT","countryName":"Italy","stateCode":"62","coords":["42.13738000","12.80404000"]},{"commonName":"Moricone","countryCode":"IT","countryName":"Italy","stateCode":"62","coords":["42.11661000","12.77234000"]},{"commonName":"Morlupo","countryCode":"IT","countryName":"Italy","stateCode":"62","coords":["42.15002000","12.50306000"]},{"commonName":"Morolo","countryCode":"IT","countryName":"Italy","stateCode":"62","coords":["41.63838000","13.19809000"]},{"commonName":"Morro Reatino","countryCode":"IT","countryName":"Italy","stateCode":"62","coords":["42.52226000","12.83449000"]},{"commonName":"Nazzano","countryCode":"IT","countryName":"Italy","stateCode":"62","coords":["42.23018000","12.59440000"]},{"commonName":"Nemi","countryCode":"IT","countryName":"Italy","stateCode":"62","coords":["41.72185000","12.71809000"]},{"commonName":"Nepi","countryCode":"IT","countryName":"Italy","stateCode":"62","coords":["42.24221000","12.34355000"]},{"commonName":"Nerola","countryCode":"IT","countryName":"Italy","stateCode":"62","coords":["42.16011000","12.78529000"]},{"commonName":"Nespolo","countryCode":"IT","countryName":"Italy","stateCode":"62","coords":["42.15671000","13.06938000"]},{"commonName":"Nettuno","countryCode":"IT","countryName":"Italy","stateCode":"62","coords":["41.45794000","12.66393000"]},{"commonName":"Norma","countryCode":"IT","countryName":"Italy","stateCode":"62","coords":["41.58643000","12.97073000"]},{"commonName":"Olevano Romano","countryCode":"IT","countryName":"Italy","stateCode":"62","coords":["41.85869000","13.03601000"]},{"commonName":"Onano","countryCode":"IT","countryName":"Italy","stateCode":"62","coords":["42.69104000","11.81552000"]},{"commonName":"Oriolo Romano","countryCode":"IT","countryName":"Italy","stateCode":"62","coords":["42.16261000","12.13859000"]},{"commonName":"Orte","countryCode":"IT","countryName":"Italy","stateCode":"62","coords":["42.46117000","12.38635000"]},{"commonName":"Orte Scalo","countryCode":"IT","countryName":"Italy","stateCode":"62","coords":["42.43483000","12.40783000"]},{"commonName":"Orvinio","countryCode":"IT","countryName":"Italy","stateCode":"62","coords":["42.13039000","12.93762000"]},{"commonName":"Osteria Nuova","countryCode":"IT","countryName":"Italy","stateCode":"62","coords":["42.03721000","12.30924000"]},{"commonName":"Paganico Sabino","countryCode":"IT","countryName":"Italy","stateCode":"62","coords":["42.18963000","12.99689000"]},{"commonName":"Palestrina","countryCode":"IT","countryName":"Italy","stateCode":"62","coords":["41.83274000","12.88178000"]},{"commonName":"Paliano","countryCode":"IT","countryName":"Italy","stateCode":"62","coords":["41.77975000","13.07661000"]},{"commonName":"Palombara Sabina","countryCode":"IT","countryName":"Italy","stateCode":"62","coords":["42.06909000","12.76684000"]},{"commonName":"Parco Leonardo","countryCode":"IT","countryName":"Italy","stateCode":"62","coords":["41.80035000","12.30028000"]},{"commonName":"Passoscuro","countryCode":"IT","countryName":"Italy","stateCode":"62","coords":["41.90209000","12.15723000"]},{"commonName":"Pastena","countryCode":"IT","countryName":"Italy","stateCode":"62","coords":["41.46842000","13.49111000"]},{"commonName":"Patrica","countryCode":"IT","countryName":"Italy","stateCode":"62","coords":["41.59085000","13.24363000"]},{"commonName":"Pavona","countryCode":"IT","countryName":"Italy","stateCode":"62","coords":["41.72629000","12.61642000"]},{"commonName":"Penitro","countryCode":"IT","countryName":"Italy","stateCode":"62","coords":["41.27328000","13.69262000"]},{"commonName":"Percile","countryCode":"IT","countryName":"Italy","stateCode":"62","coords":["42.09497000","12.91048000"]},{"commonName":"Pescia Romana","countryCode":"IT","countryName":"Italy","stateCode":"62","coords":["42.39963000","11.49651000"]},{"commonName":"Pescorocchiano","countryCode":"IT","countryName":"Italy","stateCode":"62","coords":["42.20623000","13.14715000"]},{"commonName":"Pescosolido","countryCode":"IT","countryName":"Italy","stateCode":"62","coords":["41.74864000","13.65690000"]},{"commonName":"Petrella Salto","countryCode":"IT","countryName":"Italy","stateCode":"62","coords":["42.29405000","13.06794000"]},{"commonName":"Piansano","countryCode":"IT","countryName":"Italy","stateCode":"62","coords":["42.52449000","11.82978000"]},{"commonName":"Picinisco","countryCode":"IT","countryName":"Italy","stateCode":"62","coords":["41.64568000","13.86791000"]},{"commonName":"Pico","countryCode":"IT","countryName":"Italy","stateCode":"62","coords":["41.45025000","13.55894000"]},{"commonName":"Piedimonte San Germano","countryCode":"IT","countryName":"Italy","stateCode":"62","coords":["41.49796000","13.75017000"]},{"commonName":"Piedimonte San Germano Alta","countryCode":"IT","countryName":"Italy","stateCode":"62","coords":["41.50446000","13.74909000"]},{"commonName":"Piglio","countryCode":"IT","countryName":"Italy","stateCode":"62","coords":["41.83006000","13.13330000"]},{"commonName":"Pignataro Interamna","countryCode":"IT","countryName":"Italy","stateCode":"62","coords":["41.43922000","13.78621000"]},{"commonName":"Pisoniano","countryCode":"IT","countryName":"Italy","stateCode":"62","coords":["41.90816000","12.95794000"]},{"commonName":"Pofi","countryCode":"IT","countryName":"Italy","stateCode":"62","coords":["41.56542000","13.41460000"]},{"commonName":"Poggio Bustone","countryCode":"IT","countryName":"Italy","stateCode":"62","coords":["42.50330000","12.88524000"]},{"commonName":"Poggio Catino","countryCode":"IT","countryName":"Italy","stateCode":"62","coords":["42.29420000","12.69838000"]},{"commonName":"Poggio Ellera","countryCode":"IT","countryName":"Italy","stateCode":"62","coords":["42.11380000","12.37174000"]},{"commonName":"Poggio Mirteto","countryCode":"IT","countryName":"Italy","stateCode":"62","coords":["42.26763000","12.68837000"]},{"commonName":"Poggio Moiano","countryCode":"IT","countryName":"Italy","stateCode":"62","coords":["42.20411000","12.88136000"]},{"commonName":"Poggio Nativo","countryCode":"IT","countryName":"Italy","stateCode":"62","coords":["42.21783000","12.79691000"]},{"commonName":"Poggio San Lorenzo","countryCode":"IT","countryName":"Italy","stateCode":"62","coords":["42.25174000","12.84343000"]},{"commonName":"Poli","countryCode":"IT","countryName":"Italy","stateCode":"62","coords":["41.88913000","12.89037000"]},{"commonName":"Pomezia","countryCode":"IT","countryName":"Italy","stateCode":"62","coords":["41.66931000","12.50124000"]},{"commonName":"Ponte Galeria-La Pisana","countryCode":"IT","countryName":"Italy","stateCode":"62","coords":["41.84634000","12.33925000"]},{"commonName":"Pontecorvo","countryCode":"IT","countryName":"Italy","stateCode":"62","coords":["41.45861000","13.66618000"]},{"commonName":"Pontinia","countryCode":"IT","countryName":"Italy","stateCode":"62","coords":["41.41097000","13.04259000"]},{"commonName":"Ponton dell'Elce","countryCode":"IT","countryName":"Italy","stateCode":"62","coords":["42.02270000","12.23505000"]},{"commonName":"Ponza","countryCode":"IT","countryName":"Italy","stateCode":"62","coords":["40.89541000","12.95889000"]},{"commonName":"Ponzano Romano","countryCode":"IT","countryName":"Italy","stateCode":"62","coords":["42.25693000","12.57047000"]},{"commonName":"Posta","countryCode":"IT","countryName":"Italy","stateCode":"62","coords":["42.52562000","13.09723000"]},{"commonName":"Posta Fibreno","countryCode":"IT","countryName":"Italy","stateCode":"62","coords":["41.69189000","13.68013000"]},{"commonName":"Pozzaglia Sabino","countryCode":"IT","countryName":"Italy","stateCode":"62","coords":["42.15863000","12.96428000"]},{"commonName":"Prato di Coppola","countryCode":"IT","countryName":"Italy","stateCode":"62","coords":["41.41750000","12.88157000"]},{"commonName":"Priverno","countryCode":"IT","countryName":"Italy","stateCode":"62","coords":["41.47047000","13.17867000"]},{"commonName":"Proceno","countryCode":"IT","countryName":"Italy","stateCode":"62","coords":["42.75745000","11.82900000"]},{"commonName":"Prossedi","countryCode":"IT","countryName":"Italy","stateCode":"62","coords":["41.51674000","13.26100000"]},{"commonName":"Provincia di Frosinone","countryCode":"IT","countryName":"Italy","stateCode":"62","coords":["41.61667000","13.45000000"]},{"commonName":"Provincia di Latina","countryCode":"IT","countryName":"Italy","stateCode":"62","coords":["41.45000000","13.10000000"]},{"commonName":"Provincia di Rieti","countryCode":"IT","countryName":"Italy","stateCode":"62","coords":["42.39133000","12.95072000"]},{"commonName":"Provincia di Viterbo","countryCode":"IT","countryName":"Italy","stateCode":"62","coords":["42.41667000","12.08333000"]},{"commonName":"Regolelli","countryCode":"IT","countryName":"Italy","stateCode":"62","coords":["42.29315000","12.35131000"]},{"commonName":"Riano","countryCode":"IT","countryName":"Italy","stateCode":"62","coords":["42.09347000","12.51462000"]},{"commonName":"Rieti","countryCode":"IT","countryName":"Italy","stateCode":"62","coords":["42.40476000","12.85735000"]},{"commonName":"Rignano Flaminio","countryCode":"IT","countryName":"Italy","stateCode":"62","coords":["42.20550000","12.48068000"]},{"commonName":"Riofreddo","countryCode":"IT","countryName":"Italy","stateCode":"62","coords":["42.05875000","12.99661000"]},{"commonName":"Ripi","countryCode":"IT","countryName":"Italy","stateCode":"62","coords":["41.61366000","13.42400000"]},{"commonName":"Rivodutri","countryCode":"IT","countryName":"Italy","stateCode":"62","coords":["42.51684000","12.85595000"]},{"commonName":"Rocca Canterano","countryCode":"IT","countryName":"Italy","stateCode":"62","coords":["41.95652000","13.02179000"]},{"commonName":"Rocca d'Arce","countryCode":"IT","countryName":"Italy","stateCode":"62","coords":["41.58712000","13.58511000"]},{"commonName":"Rocca di Cave","countryCode":"IT","countryName":"Italy","stateCode":"62","coords":["41.84589000","12.94509000"]},{"commonName":"Rocca di Papa","countryCode":"IT","countryName":"Italy","stateCode":"62","coords":["41.76580000","12.70188000"]},{"commonName":"Rocca Massima","countryCode":"IT","countryName":"Italy","stateCode":"62","coords":["41.67907000","12.92116000"]},{"commonName":"Rocca Priora","countryCode":"IT","countryName":"Italy","stateCode":"62","coords":["41.76585000","12.76577000"]},{"commonName":"Rocca Santo Stefano","countryCode":"IT","countryName":"Italy","stateCode":"62","coords":["41.91052000","13.02379000"]},{"commonName":"Rocca Sinibalda","countryCode":"IT","countryName":"Italy","stateCode":"62","coords":["42.27215000","12.92469000"]},{"commonName":"Roccagiovine","countryCode":"IT","countryName":"Italy","stateCode":"62","coords":["42.05069000","12.89925000"]},{"commonName":"Roccagorga","countryCode":"IT","countryName":"Italy","stateCode":"62","coords":["41.52511000","13.15510000"]},{"commonName":"Roccantica","countryCode":"IT","countryName":"Italy","stateCode":"62","coords":["42.32073000","12.69398000"]},{"commonName":"Roccasecca","countryCode":"IT","countryName":"Italy","stateCode":"62","coords":["41.55132000","13.66711000"]},{"commonName":"Roccasecca dei Volsci","countryCode":"IT","countryName":"Italy","stateCode":"62","coords":["41.47852000","13.21280000"]},{"commonName":"Roccasecca Stazione","countryCode":"IT","countryName":"Italy","stateCode":"62","coords":["41.53333000","13.65000000"]},{"commonName":"Roiate","countryCode":"IT","countryName":"Italy","stateCode":"62","coords":["41.87332000","13.06627000"]},{"commonName":"Rome","countryCode":"IT","countryName":"Italy","stateCode":"62","coords":["41.89193000","12.51133000"]},{"commonName":"Ronciglione","countryCode":"IT","countryName":"Italy","stateCode":"62","coords":["42.28899000","12.21479000"]},{"commonName":"Roviano","countryCode":"IT","countryName":"Italy","stateCode":"62","coords":["42.02643000","12.99390000"]},{"commonName":"Sabaudia","countryCode":"IT","countryName":"Italy","stateCode":"62","coords":["41.30025000","13.02815000"]},{"commonName":"Sacrofano","countryCode":"IT","countryName":"Italy","stateCode":"62","coords":["42.10457000","12.44781000"]},{"commonName":"Salisano","countryCode":"IT","countryName":"Italy","stateCode":"62","coords":["42.25947000","12.74774000"]},{"commonName":"Sambuci","countryCode":"IT","countryName":"Italy","stateCode":"62","coords":["41.98536000","12.93817000"]},{"commonName":"San Bartolomeo","countryCode":"IT","countryName":"Italy","stateCode":"62","coords":["41.48265000","13.85747000"]},{"commonName":"San Biagio Saracinisco","countryCode":"IT","countryName":"Italy","stateCode":"62","coords":["41.61322000","13.92758000"]},{"commonName":"San Cesareo","countryCode":"IT","countryName":"Italy","stateCode":"62","coords":["41.82113000","12.80447000"]},{"commonName":"San Donato Val di Comino","countryCode":"IT","countryName":"Italy","stateCode":"62","coords":["41.70726000","13.81220000"]},{"commonName":"San Felice Circeo","countryCode":"IT","countryName":"Italy","stateCode":"62","coords":["41.23716000","13.09416000"]},{"commonName":"San Giorgio a Liri","countryCode":"IT","countryName":"Italy","stateCode":"62","coords":["41.40584000","13.75979000"]},{"commonName":"San Giovanni Incarico","countryCode":"IT","countryName":"Italy","stateCode":"62","coords":["41.50001000","13.55864000"]},{"commonName":"San Giovanni-Patoni","countryCode":"IT","countryName":"Italy","stateCode":"62","coords":["41.77223000","13.27510000"]},{"commonName":"San Giuseppe le Prata-Cotropagno","countryCode":"IT","countryName":"Italy","stateCode":"62","coords":["41.67788000","13.39664000"]},{"commonName":"San Gregorio da Sassola","countryCode":"IT","countryName":"Italy","stateCode":"62","coords":["41.91881000","12.87447000"]},{"commonName":"San Lorenzo Nuovo","countryCode":"IT","countryName":"Italy","stateCode":"62","coords":["42.68626000","11.90718000"]},{"commonName":"San Martino al Cimino","countryCode":"IT","countryName":"Italy","stateCode":"62","coords":["42.36978000","12.12515000"]},{"commonName":"San Polo dei Cavalieri","countryCode":"IT","countryName":"Italy","stateCode":"62","coords":["42.01037000","12.83989000"]},{"commonName":"San Vito Romano","countryCode":"IT","countryName":"Italy","stateCode":"62","coords":["41.88001000","12.97793000"]},{"commonName":"San Vittore del Lazio","countryCode":"IT","countryName":"Italy","stateCode":"62","coords":["41.46212000","13.93367000"]},{"commonName":"Sant'Ambrogio sul Garigliano","countryCode":"IT","countryName":"Italy","stateCode":"62","coords":["41.39423000","13.86891000"]},{"commonName":"Sant'Andrea del Garigliano","countryCode":"IT","countryName":"Italy","stateCode":"62","coords":["41.36868000","13.84198000"]},{"commonName":"Sant'Angelo in Villa-Giglio","countryCode":"IT","countryName":"Italy","stateCode":"62","coords":["41.66217000","13.42871000"]},{"commonName":"Sant'Angelo Romano","countryCode":"IT","countryName":"Italy","stateCode":"62","coords":["42.03570000","12.71342000"]},{"commonName":"Sant'Apollinare","countryCode":"IT","countryName":"Italy","stateCode":"62","coords":["41.40176000","13.82992000"]},{"commonName":"Sant'Elia Fiumerapido","countryCode":"IT","countryName":"Italy","stateCode":"62","coords":["41.53304000","13.86268000"]},{"commonName":"Sant'Oreste","countryCode":"IT","countryName":"Italy","stateCode":"62","coords":["42.23298000","12.51507000"]},{"commonName":"Santa Lucia","countryCode":"IT","countryName":"Italy","stateCode":"62","coords":["41.98240000","12.65625000"]},{"commonName":"Santa Marinella","countryCode":"IT","countryName":"Italy","stateCode":"62","coords":["42.03425000","11.85416000"]},{"commonName":"Santa Rufina","countryCode":"IT","countryName":"Italy","stateCode":"62","coords":["42.40897000","12.91843000"]},{"commonName":"Santi Cosma e Damiano","countryCode":"IT","countryName":"Italy","stateCode":"62","coords":["41.30091000","13.81565000"]},{"commonName":"Santopadre","countryCode":"IT","countryName":"Italy","stateCode":"62","coords":["41.60193000","13.63548000"]},{"commonName":"Saracinesco","countryCode":"IT","countryName":"Italy","stateCode":"62","coords":["42.00332000","12.95329000"]},{"commonName":"Sassacci","countryCode":"IT","countryName":"Italy","stateCode":"62","coords":["42.32342000","12.44108000"]},{"commonName":"Scandriglia","countryCode":"IT","countryName":"Italy","stateCode":"62","coords":["42.16128000","12.84096000"]},{"commonName":"Segni","countryCode":"IT","countryName":"Italy","stateCode":"62","coords":["41.68893000","13.01934000"]},{"commonName":"Selcetta","countryCode":"IT","countryName":"Italy","stateCode":"62","coords":["41.76529000","12.47533000"]},{"commonName":"Selci","countryCode":"IT","countryName":"Italy","stateCode":"62","coords":["42.30293000","12.62135000"]},{"commonName":"Sermoneta","countryCode":"IT","countryName":"Italy","stateCode":"62","coords":["41.54919000","12.98481000"]},{"commonName":"Serrone","countryCode":"IT","countryName":"Italy","stateCode":"62","coords":["41.84212000","13.09519000"]},{"commonName":"Settefrati","countryCode":"IT","countryName":"Italy","stateCode":"62","coords":["41.67045000","13.85070000"]},{"commonName":"Setteville","countryCode":"IT","countryName":"Italy","stateCode":"62","coords":["41.94375000","12.65122000"]},{"commonName":"Sezze","countryCode":"IT","countryName":"Italy","stateCode":"62","coords":["41.50032000","13.06176000"]},{"commonName":"Sezze Scalo","countryCode":"IT","countryName":"Italy","stateCode":"62","coords":["41.49701000","13.04257000"]},{"commonName":"Sgurgola","countryCode":"IT","countryName":"Italy","stateCode":"62","coords":["41.66897000","13.15009000"]},{"commonName":"Sonnino","countryCode":"IT","countryName":"Italy","stateCode":"62","coords":["41.41673000","13.24592000"]},{"commonName":"Sora","countryCode":"IT","countryName":"Italy","stateCode":"62","coords":["41.71829000","13.61356000"]},{"commonName":"Soriano nel Cimino","countryCode":"IT","countryName":"Italy","stateCode":"62","coords":["42.41820000","12.23414000"]},{"commonName":"Sperlonga","countryCode":"IT","countryName":"Italy","stateCode":"62","coords":["41.25897000","13.43302000"]},{"commonName":"Spigno Saturnia Inferiore","countryCode":"IT","countryName":"Italy","stateCode":"62","coords":["41.31146000","13.73685000"]},{"commonName":"Spigno Saturnia Superiore","countryCode":"IT","countryName":"Italy","stateCode":"62","coords":["41.31425000","13.70888000"]},{"commonName":"Stimigliano","countryCode":"IT","countryName":"Italy","stateCode":"62","coords":["42.30103000","12.56337000"]},{"commonName":"Strangolagalli","countryCode":"IT","countryName":"Italy","stateCode":"62","coords":["41.59992000","13.49228000"]},{"commonName":"Subiaco","countryCode":"IT","countryName":"Italy","stateCode":"62","coords":["41.92619000","13.08906000"]},{"commonName":"Supino","countryCode":"IT","countryName":"Italy","stateCode":"62","coords":["41.62135000","13.23452000"]},{"commonName":"Sutri","countryCode":"IT","countryName":"Italy","stateCode":"62","coords":["42.24596000","12.21715000"]},{"commonName":"Tarano","countryCode":"IT","countryName":"Italy","stateCode":"62","coords":["42.35593000","12.59497000"]},{"commonName":"Tarquinia","countryCode":"IT","countryName":"Italy","stateCode":"62","coords":["42.25419000","11.75657000"]},{"commonName":"Tecchiena","countryCode":"IT","countryName":"Italy","stateCode":"62","coords":["41.68822000","13.34538000"]},{"commonName":"Terelle","countryCode":"IT","countryName":"Italy","stateCode":"62","coords":["41.55212000","13.77841000"]},{"commonName":"Terracina","countryCode":"IT","countryName":"Italy","stateCode":"62","coords":["41.29174000","13.24359000"]},{"commonName":"Tessennano","countryCode":"IT","countryName":"Italy","stateCode":"62","coords":["42.47803000","11.79101000"]},{"commonName":"Tivoli","countryCode":"IT","countryName":"Italy","stateCode":"62","coords":["41.95952000","12.80160000"]},{"commonName":"Toffia","countryCode":"IT","countryName":"Italy","stateCode":"62","coords":["42.21300000","12.75500000"]},{"commonName":"Tolfa","countryCode":"IT","countryName":"Italy","stateCode":"62","coords":["42.15023000","11.93216000"]},{"commonName":"Tor Lupara","countryCode":"IT","countryName":"Italy","stateCode":"62","coords":["41.99771000","12.61814000"]},{"commonName":"Torre Caietani","countryCode":"IT","countryName":"Italy","stateCode":"62","coords":["41.78672000","13.26520000"]},{"commonName":"Torri in Sabina","countryCode":"IT","countryName":"Italy","stateCode":"62","coords":["42.35057000","12.64157000"]},{"commonName":"Torrice","countryCode":"IT","countryName":"Italy","stateCode":"62","coords":["41.63374000","13.40375000"]},{"commonName":"Torricella in Sabina","countryCode":"IT","countryName":"Italy","stateCode":"62","coords":["42.26252000","12.87170000"]},{"commonName":"Torrita Tiberina","countryCode":"IT","countryName":"Italy","stateCode":"62","coords":["42.23821000","12.61633000"]},{"commonName":"Torvaianica","countryCode":"IT","countryName":"Italy","stateCode":"62","coords":["41.62112000","12.46197000"]},{"commonName":"Torvaianica Alta","countryCode":"IT","countryName":"Italy","stateCode":"62","coords":["41.63162000","12.49765000"]},{"commonName":"Tragliatella Campitello","countryCode":"IT","countryName":"Italy","stateCode":"62","coords":["42.01334000","12.25200000"]},{"commonName":"Trevi nel Lazio","countryCode":"IT","countryName":"Italy","stateCode":"62","coords":["41.86258000","13.24793000"]},{"commonName":"Trevignano Romano","countryCode":"IT","countryName":"Italy","stateCode":"62","coords":["42.16020000","12.23775000"]},{"commonName":"Trivigliano","countryCode":"IT","countryName":"Italy","stateCode":"62","coords":["41.77572000","13.27230000"]},{"commonName":"Turania","countryCode":"IT","countryName":"Italy","stateCode":"62","coords":["42.13517000","13.00983000"]},{"commonName":"Tuscania","countryCode":"IT","countryName":"Italy","stateCode":"62","coords":["42.41889000","11.86846000"]},{"commonName":"Vacone","countryCode":"IT","countryName":"Italy","stateCode":"62","coords":["42.38100000","12.64504000"]},{"commonName":"Valcanneto","countryCode":"IT","countryName":"Italy","stateCode":"62","coords":["41.95078000","12.15734000"]},{"commonName":"Valentano","countryCode":"IT","countryName":"Italy","stateCode":"62","coords":["42.56377000","11.82748000"]},{"commonName":"Valle Martella","countryCode":"IT","countryName":"Italy","stateCode":"62","coords":["41.87827000","12.74677000"]},{"commonName":"Valle Santa","countryCode":"IT","countryName":"Italy","stateCode":"62","coords":["41.94532000","12.31971000"]},{"commonName":"Vallecorsa","countryCode":"IT","countryName":"Italy","stateCode":"62","coords":["41.44351000","13.40634000"]},{"commonName":"Vallemaio","countryCode":"IT","countryName":"Italy","stateCode":"62","coords":["41.36628000","13.80839000"]},{"commonName":"Vallepietra","countryCode":"IT","countryName":"Italy","stateCode":"62","coords":["41.92552000","13.23127000"]},{"commonName":"Vallerano","countryCode":"IT","countryName":"Italy","stateCode":"62","coords":["42.38331000","12.26144000"]},{"commonName":"Vallerotonda","countryCode":"IT","countryName":"Italy","stateCode":"62","coords":["41.55135000","13.91372000"]},{"commonName":"Vallinfreda","countryCode":"IT","countryName":"Italy","stateCode":"62","coords":["42.08485000","12.99595000"]},{"commonName":"Valmontone","countryCode":"IT","countryName":"Italy","stateCode":"62","coords":["41.77323000","12.91856000"]},{"commonName":"Varco Sabino","countryCode":"IT","countryName":"Italy","stateCode":"62","coords":["42.24016000","13.02052000"]},{"commonName":"Vasanello","countryCode":"IT","countryName":"Italy","stateCode":"62","coords":["42.41507000","12.34767000"]},{"commonName":"Vejano","countryCode":"IT","countryName":"Italy","stateCode":"62","coords":["42.21905000","12.09398000"]},{"commonName":"Velletri","countryCode":"IT","countryName":"Italy","stateCode":"62","coords":["41.68573000","12.77753000"]},{"commonName":"Ventotene","countryCode":"IT","countryName":"Italy","stateCode":"62","coords":["40.79404000","13.42777000"]},{"commonName":"Veroli","countryCode":"IT","countryName":"Italy","stateCode":"62","coords":["41.69433000","13.41664000"]},{"commonName":"Vetralla","countryCode":"IT","countryName":"Italy","stateCode":"62","coords":["42.31787000","12.07323000"]},{"commonName":"Vicalvi","countryCode":"IT","countryName":"Italy","stateCode":"62","coords":["41.67809000","13.70813000"]},{"commonName":"Vico nel Lazio","countryCode":"IT","countryName":"Italy","stateCode":"62","coords":["41.77822000","13.34279000"]},{"commonName":"Vicovaro","countryCode":"IT","countryName":"Italy","stateCode":"62","coords":["42.01924000","12.90001000"]},{"commonName":"Vignanello","countryCode":"IT","countryName":"Italy","stateCode":"62","coords":["42.37879000","12.27845000"]},{"commonName":"Villa Adriana","countryCode":"IT","countryName":"Italy","stateCode":"62","coords":["41.95499000","12.77216000"]},{"commonName":"Villa Latina","countryCode":"IT","countryName":"Italy","stateCode":"62","coords":["41.61522000","13.83591000"]},{"commonName":"Villa San Giovanni in Tuscia","countryCode":"IT","countryName":"Italy","stateCode":"62","coords":["42.27882000","12.05346000"]},{"commonName":"Villa Santa Lucia","countryCode":"IT","countryName":"Italy","stateCode":"62","coords":["41.51217000","13.76929000"]},{"commonName":"Villa Santo Stefano","countryCode":"IT","countryName":"Italy","stateCode":"62","coords":["41.51683000","13.31046000"]},{"commonName":"Villalba","countryCode":"IT","countryName":"Italy","stateCode":"62","coords":["41.95387000","12.72938000"]},{"commonName":"Villanova","countryCode":"IT","countryName":"Italy","stateCode":"62","coords":["41.96357000","12.75633000"]},{"commonName":"Viterbo","countryCode":"IT","countryName":"Italy","stateCode":"62","coords":["42.41937000","12.10560000"]},{"commonName":"Viticuso","countryCode":"IT","countryName":"Italy","stateCode":"62","coords":["41.52475000","13.97027000"]},{"commonName":"Vitinia","countryCode":"IT","countryName":"Italy","stateCode":"62","coords":["41.79124000","12.40810000"]},{"commonName":"Vitorchiano","countryCode":"IT","countryName":"Italy","stateCode":"62","coords":["42.46565000","12.17151000"]},{"commonName":"Vivaro Romano","countryCode":"IT","countryName":"Italy","stateCode":"62","coords":["42.10095000","13.00589000"]},{"commonName":"Zagarolo","countryCode":"IT","countryName":"Italy","stateCode":"62","coords":["41.84159000","12.81540000"]},{"commonName":"Zepponami","countryCode":"IT","countryName":"Italy","stateCode":"62","coords":["42.52518000","12.05411000"]}]