[{"commonName":"Accadia","countryCode":"IT","countryName":"Italy","stateCode":"75","coords":["41.15768000","15.33100000"]},{"commonName":"Acquarica del Capo","countryCode":"IT","countryName":"Italy","stateCode":"75","coords":["39.90979000","18.24680000"]},{"commonName":"Acquaviva delle Fonti","countryCode":"IT","countryName":"Italy","stateCode":"75","coords":["40.89704000","16.84330000"]},{"commonName":"Adelfia","countryCode":"IT","countryName":"Italy","stateCode":"75","coords":["41.00330000","16.87208000"]},{"commonName":"Alberobello","countryCode":"IT","countryName":"Italy","stateCode":"75","coords":["40.78448000","17.23618000"]},{"commonName":"Alberona","countryCode":"IT","countryName":"Italy","stateCode":"75","coords":["41.43225000","15.12304000"]},{"commonName":"Alessano","countryCode":"IT","countryName":"Italy","stateCode":"75","coords":["39.89381000","18.33221000"]},{"commonName":"Alezio","countryCode":"IT","countryName":"Italy","stateCode":"75","coords":["40.06226000","18.05712000"]},{"commonName":"Alliste","countryCode":"IT","countryName":"Italy","stateCode":"75","coords":["39.94803000","18.08971000"]},{"commonName":"Altamura","countryCode":"IT","countryName":"Italy","stateCode":"75","coords":["40.82664000","16.54952000"]},{"commonName":"Andrano","countryCode":"IT","countryName":"Italy","stateCode":"75","coords":["39.98546000","18.38232000"]},{"commonName":"Anzano di Puglia","countryCode":"IT","countryName":"Italy","stateCode":"75","coords":["41.12162000","15.28688000"]},{"commonName":"Apricena","countryCode":"IT","countryName":"Italy","stateCode":"75","coords":["41.78629000","15.44394000"]},{"commonName":"Aradeo","countryCode":"IT","countryName":"Italy","stateCode":"75","coords":["40.12921000","18.12951000"]},{"commonName":"Arnesano","countryCode":"IT","countryName":"Italy","stateCode":"75","coords":["40.33679000","18.09145000"]},{"commonName":"Ascoli Satriano","countryCode":"IT","countryName":"Italy","stateCode":"75","coords":["41.20365000","15.56646000"]},{"commonName":"Avetrana","countryCode":"IT","countryName":"Italy","stateCode":"75","coords":["40.35070000","17.73260000"]},{"commonName":"Bagnolo del Salento","countryCode":"IT","countryName":"Italy","stateCode":"75","coords":["40.14908000","18.35208000"]},{"commonName":"Bari","countryCode":"IT","countryName":"Italy","stateCode":"75","coords":["40.93333000","16.66667000"]},{"commonName":"Biccari","countryCode":"IT","countryName":"Italy","stateCode":"75","coords":["41.39736000","15.19644000"]},{"commonName":"Binetto","countryCode":"IT","countryName":"Italy","stateCode":"75","coords":["41.02343000","16.70988000"]},{"commonName":"Bitetto","countryCode":"IT","countryName":"Italy","stateCode":"75","coords":["41.04146000","16.74806000"]},{"commonName":"Bitonto","countryCode":"IT","countryName":"Italy","stateCode":"75","coords":["41.11006000","16.69086000"]},{"commonName":"Bitritto","countryCode":"IT","countryName":"Italy","stateCode":"75","coords":["41.04336000","16.82682000"]},{"commonName":"Borgagne","countryCode":"IT","countryName":"Italy","stateCode":"75","coords":["40.24108000","18.37661000"]},{"commonName":"Botrugno","countryCode":"IT","countryName":"Italy","stateCode":"75","coords":["40.06359000","18.32254000"]},{"commonName":"Bovino","countryCode":"IT","countryName":"Italy","stateCode":"75","coords":["41.24916000","15.33948000"]},{"commonName":"Brindisi","countryCode":"IT","countryName":"Italy","stateCode":"75","coords":["40.63215000","17.93607000"]},{"commonName":"Cagnano Varano","countryCode":"IT","countryName":"Italy","stateCode":"75","coords":["41.82832000","15.77203000"]},{"commonName":"Calimera","countryCode":"IT","countryName":"Italy","stateCode":"75","coords":["40.24948000","18.27982000"]},{"commonName":"Campi Salentina","countryCode":"IT","countryName":"Italy","stateCode":"75","coords":["40.39747000","18.02141000"]},{"commonName":"Candela","countryCode":"IT","countryName":"Italy","stateCode":"75","coords":["41.13601000","15.51537000"]},{"commonName":"Cannole","countryCode":"IT","countryName":"Italy","stateCode":"75","coords":["40.16592000","18.36456000"]},{"commonName":"Capirro","countryCode":"IT","countryName":"Italy","stateCode":"75","coords":["41.25403000","16.42242000"]},{"commonName":"Caprarica di Lecce","countryCode":"IT","countryName":"Italy","stateCode":"75","coords":["40.26060000","18.24426000"]},{"commonName":"Capurso","countryCode":"IT","countryName":"Italy","stateCode":"75","coords":["41.04598000","16.92168000"]},{"commonName":"Carapelle","countryCode":"IT","countryName":"Italy","stateCode":"75","coords":["41.36365000","15.69384000"]},{"commonName":"Carlantino","countryCode":"IT","countryName":"Italy","stateCode":"75","coords":["41.59388000","14.97681000"]},{"commonName":"Carmiano","countryCode":"IT","countryName":"Italy","stateCode":"75","coords":["40.34404000","18.04195000"]},{"commonName":"Carosino","countryCode":"IT","countryName":"Italy","stateCode":"75","coords":["40.46538000","17.39857000"]},{"commonName":"Carovigno","countryCode":"IT","countryName":"Italy","stateCode":"75","coords":["40.70626000","17.65847000"]},{"commonName":"Carpignano Salentino","countryCode":"IT","countryName":"Italy","stateCode":"75","coords":["40.19537000","18.33826000"]},{"commonName":"Carpino","countryCode":"IT","countryName":"Italy","stateCode":"75","coords":["41.84450000","15.85712000"]},{"commonName":"Casalini","countryCode":"IT","countryName":"Italy","stateCode":"75","coords":["40.73777000","17.47062000"]},{"commonName":"Casalnuovo Monterotaro","countryCode":"IT","countryName":"Italy","stateCode":"75","coords":["41.61942000","15.10411000"]},{"commonName":"Casalvecchio di Puglia","countryCode":"IT","countryName":"Italy","stateCode":"75","coords":["41.59470000","15.10999000"]},{"commonName":"Casamassella","countryCode":"IT","countryName":"Italy","stateCode":"75","coords":["40.11424000","18.45100000"]},{"commonName":"Casamassima","countryCode":"IT","countryName":"Italy","stateCode":"75","coords":["40.95653000","16.92075000"]},{"commonName":"Casarano","countryCode":"IT","countryName":"Italy","stateCode":"75","coords":["40.01131000","18.16237000"]},{"commonName":"Cassano delle Murge","countryCode":"IT","countryName":"Italy","stateCode":"75","coords":["40.89112000","16.76531000"]},{"commonName":"Castellana","countryCode":"IT","countryName":"Italy","stateCode":"75","coords":["40.88643000","17.16549000"]},{"commonName":"Castellaneta","countryCode":"IT","countryName":"Italy","stateCode":"75","coords":["40.62794000","16.93290000"]},{"commonName":"Castelluccio dei Sauri","countryCode":"IT","countryName":"Italy","stateCode":"75","coords":["41.30460000","15.47561000"]},{"commonName":"Castelluccio Valmaggiore","countryCode":"IT","countryName":"Italy","stateCode":"75","coords":["41.34290000","15.19944000"]},{"commonName":"Castelnuovo della Daunia","countryCode":"IT","countryName":"Italy","stateCode":"75","coords":["41.58139000","15.11796000"]},{"commonName":"Castiglione","countryCode":"IT","countryName":"Italy","stateCode":"75","coords":["39.98333000","18.35000000"]},{"commonName":"Castri di Lecce","countryCode":"IT","countryName":"Italy","stateCode":"75","coords":["40.27360000","18.26240000"]},{"commonName":"Castrignano De' Greci","countryCode":"IT","countryName":"Italy","stateCode":"75","coords":["40.17342000","18.29643000"]},{"commonName":"Castrignano del Capo","countryCode":"IT","countryName":"Italy","stateCode":"75","coords":["39.83280000","18.35087000"]},{"commonName":"Castro","countryCode":"IT","countryName":"Italy","stateCode":"75","coords":["40.00702000","18.42573000"]},{"commonName":"Castromediano","countryCode":"IT","countryName":"Italy","stateCode":"75","coords":["40.32803000","18.17877000"]},{"commonName":"Cavallino","countryCode":"IT","countryName":"Italy","stateCode":"75","coords":["40.31020000","18.20221000"]},{"commonName":"Ceglie Messapica","countryCode":"IT","countryName":"Italy","stateCode":"75","coords":["40.64620000","17.51661000"]},{"commonName":"Celenza Valfortore","countryCode":"IT","countryName":"Italy","stateCode":"75","coords":["41.56048000","14.97898000"]},{"commonName":"Cellamare","countryCode":"IT","countryName":"Italy","stateCode":"75","coords":["41.01969000","16.92741000"]},{"commonName":"Celle di San Vito","countryCode":"IT","countryName":"Italy","stateCode":"75","coords":["41.32593000","15.18104000"]},{"commonName":"Cellino San Marco","countryCode":"IT","countryName":"Italy","stateCode":"75","coords":["40.47133000","17.96427000"]},{"commonName":"Cerfignano","countryCode":"IT","countryName":"Italy","stateCode":"75","coords":["40.06107000","18.44291000"]},{"commonName":"Cerignola","countryCode":"IT","countryName":"Italy","stateCode":"75","coords":["41.26523000","15.89559000"]},{"commonName":"Chieuti","countryCode":"IT","countryName":"Italy","stateCode":"75","coords":["41.84486000","15.16681000"]},{"commonName":"Cisternino","countryCode":"IT","countryName":"Italy","stateCode":"75","coords":["40.74326000","17.42587000"]},{"commonName":"Collemeto","countryCode":"IT","countryName":"Italy","stateCode":"75","coords":["40.20885000","18.10285000"]},{"commonName":"Collepasso","countryCode":"IT","countryName":"Italy","stateCode":"75","coords":["40.07115000","18.16222000"]},{"commonName":"Conversano","countryCode":"IT","countryName":"Italy","stateCode":"75","coords":["40.96836000","17.11329000"]},{"commonName":"Copertino","countryCode":"IT","countryName":"Italy","stateCode":"75","coords":["40.26821000","18.05430000"]},{"commonName":"Corato","countryCode":"IT","countryName":"Italy","stateCode":"75","coords":["41.15171000","16.41143000"]},{"commonName":"Corigliano d'Otranto","countryCode":"IT","countryName":"Italy","stateCode":"75","coords":["40.15925000","18.25598000"]},{"commonName":"Corsano","countryCode":"IT","countryName":"Italy","stateCode":"75","coords":["39.88911000","18.36747000"]},{"commonName":"Cozzana","countryCode":"IT","countryName":"Italy","stateCode":"75","coords":["40.92025000","17.22259000"]},{"commonName":"Crispiano","countryCode":"IT","countryName":"Italy","stateCode":"75","coords":["40.60379000","17.23290000"]},{"commonName":"Cursi","countryCode":"IT","countryName":"Italy","stateCode":"75","coords":["40.14847000","18.31605000"]},{"commonName":"Cutrofiano","countryCode":"IT","countryName":"Italy","stateCode":"75","coords":["40.12616000","18.20260000"]},{"commonName":"Deliceto","countryCode":"IT","countryName":"Italy","stateCode":"75","coords":["41.22289000","15.38447000"]},{"commonName":"Depressa","countryCode":"IT","countryName":"Italy","stateCode":"75","coords":["39.95908000","18.36174000"]},{"commonName":"Diso","countryCode":"IT","countryName":"Italy","stateCode":"75","coords":["40.00915000","18.39144000"]},{"commonName":"Erchie","countryCode":"IT","countryName":"Italy","stateCode":"75","coords":["40.43609000","17.73610000"]},{"commonName":"Faeto","countryCode":"IT","countryName":"Italy","stateCode":"75","coords":["41.32489000","15.16045000"]},{"commonName":"Faggiano","countryCode":"IT","countryName":"Italy","stateCode":"75","coords":["40.41616000","17.38861000"]},{"commonName":"Fasano","countryCode":"IT","countryName":"Italy","stateCode":"75","coords":["40.83625000","17.36007000"]},{"commonName":"Felline","countryCode":"IT","countryName":"Italy","stateCode":"75","coords":["39.93651000","18.11822000"]},{"commonName":"Foggia","countryCode":"IT","countryName":"Italy","stateCode":"75","coords":["41.45845000","15.55188000"]},{"commonName":"Fragagnano","countryCode":"IT","countryName":"Italy","stateCode":"75","coords":["40.43020000","17.47553000"]},{"commonName":"Francavilla Fontana","countryCode":"IT","countryName":"Italy","stateCode":"75","coords":["40.53123000","17.58522000"]},{"commonName":"Gagliano del Capo","countryCode":"IT","countryName":"Italy","stateCode":"75","coords":["39.84323000","18.36962000"]},{"commonName":"Galatina","countryCode":"IT","countryName":"Italy","stateCode":"75","coords":["40.17416000","18.17032000"]},{"commonName":"Galatone","countryCode":"IT","countryName":"Italy","stateCode":"75","coords":["40.14673000","18.06937000"]},{"commonName":"Gallipoli","countryCode":"IT","countryName":"Italy","stateCode":"75","coords":["40.05594000","17.99088000"]},{"commonName":"Galugnano","countryCode":"IT","countryName":"Italy","stateCode":"75","coords":["40.25601000","18.21473000"]},{"commonName":"Gemini","countryCode":"IT","countryName":"Italy","stateCode":"75","coords":["39.91134000","18.18742000"]},{"commonName":"Ginosa","countryCode":"IT","countryName":"Italy","stateCode":"75","coords":["40.57690000","16.75655000"]},{"commonName":"Gioia del Colle","countryCode":"IT","countryName":"Italy","stateCode":"75","coords":["40.79968000","16.92298000"]},{"commonName":"Giorgilorio","countryCode":"IT","countryName":"Italy","stateCode":"75","coords":["40.38683000","18.14873000"]},{"commonName":"Giovinazzo","countryCode":"IT","countryName":"Italy","stateCode":"75","coords":["41.18500000","16.67054000"]},{"commonName":"Giuggianello","countryCode":"IT","countryName":"Italy","stateCode":"75","coords":["40.09383000","18.36894000"]},{"commonName":"Giurdignano","countryCode":"IT","countryName":"Italy","stateCode":"75","coords":["40.12367000","18.43155000"]},{"commonName":"Gravina in Puglia","countryCode":"IT","countryName":"Italy","stateCode":"75","coords":["40.81748000","16.41915000"]},{"commonName":"Grottaglie","countryCode":"IT","countryName":"Italy","stateCode":"75","coords":["40.53694000","17.43723000"]},{"commonName":"Grumo Appula","countryCode":"IT","countryName":"Italy","stateCode":"75","coords":["41.01089000","16.70844000"]},{"commonName":"Guagnano","countryCode":"IT","countryName":"Italy","stateCode":"75","coords":["40.40123000","17.94902000"]},{"commonName":"Ischitella","countryCode":"IT","countryName":"Italy","stateCode":"75","coords":["41.90434000","15.89945000"]},{"commonName":"Isole Tremiti","countryCode":"IT","countryName":"Italy","stateCode":"75","coords":["42.12085000","15.50424000"]},{"commonName":"La Rosa","countryCode":"IT","countryName":"Italy","stateCode":"75","coords":["40.60674000","17.95207000"]},{"commonName":"Lamie","countryCode":"IT","countryName":"Italy","stateCode":"75","coords":["41.03364000","16.87559000"]},{"commonName":"Lamie di Olimpie-Selva","countryCode":"IT","countryName":"Italy","stateCode":"75","coords":["40.81714000","17.33478000"]},{"commonName":"Laterza","countryCode":"IT","countryName":"Italy","stateCode":"75","coords":["40.62881000","16.79947000"]},{"commonName":"Latiano","countryCode":"IT","countryName":"Italy","stateCode":"75","coords":["40.55052000","17.71856000"]},{"commonName":"Lecce","countryCode":"IT","countryName":"Italy","stateCode":"75","coords":["40.35481000","18.17244000"]},{"commonName":"Leporano","countryCode":"IT","countryName":"Italy","stateCode":"75","coords":["40.38218000","17.33426000"]},{"commonName":"Leporano Marina","countryCode":"IT","countryName":"Italy","stateCode":"75","coords":["40.37860000","17.30960000"]},{"commonName":"Lequile","countryCode":"IT","countryName":"Italy","stateCode":"75","coords":["40.30583000","18.14022000"]},{"commonName":"Lesina","countryCode":"IT","countryName":"Italy","stateCode":"75","coords":["41.86125000","15.35322000"]},{"commonName":"Leuca","countryCode":"IT","countryName":"Italy","stateCode":"75","coords":["39.79949000","18.35815000"]},{"commonName":"Leverano","countryCode":"IT","countryName":"Italy","stateCode":"75","coords":["40.28852000","17.99650000"]},{"commonName":"Lizzanello","countryCode":"IT","countryName":"Italy","stateCode":"75","coords":["40.30475000","18.22283000"]},{"commonName":"Lizzano","countryCode":"IT","countryName":"Italy","stateCode":"75","coords":["40.39301000","17.44571000"]},{"commonName":"Locorotondo","countryCode":"IT","countryName":"Italy","stateCode":"75","coords":["40.75661000","17.32392000"]},{"commonName":"Loseto","countryCode":"IT","countryName":"Italy","stateCode":"75","coords":["41.04214000","16.84917000"]},{"commonName":"Lucera","countryCode":"IT","countryName":"Italy","stateCode":"75","coords":["41.50550000","15.33910000"]},{"commonName":"Lucugnano","countryCode":"IT","countryName":"Italy","stateCode":"75","coords":["39.93490000","18.32174000"]},{"commonName":"Magliano","countryCode":"IT","countryName":"Italy","stateCode":"75","coords":["40.33740000","18.06287000"]},{"commonName":"Maglie","countryCode":"IT","countryName":"Italy","stateCode":"75","coords":["40.12069000","18.29797000"]},{"commonName":"Manduria","countryCode":"IT","countryName":"Italy","stateCode":"75","coords":["40.39899000","17.63726000"]},{"commonName":"Manfredonia","countryCode":"IT","countryName":"Italy","stateCode":"75","coords":["41.63065000","15.91876000"]},{"commonName":"Marina di Ginosa","countryCode":"IT","countryName":"Italy","stateCode":"75","coords":["40.42833000","16.88003000"]},{"commonName":"Mariotto","countryCode":"IT","countryName":"Italy","stateCode":"75","coords":["41.05028000","16.56142000"]},{"commonName":"Marittima","countryCode":"IT","countryName":"Italy","stateCode":"75","coords":["39.99609000","18.39895000"]},{"commonName":"Martano","countryCode":"IT","countryName":"Italy","stateCode":"75","coords":["40.20205000","18.30193000"]},{"commonName":"Martignano","countryCode":"IT","countryName":"Italy","stateCode":"75","coords":["40.23821000","18.25602000"]},{"commonName":"Martina Franca","countryCode":"IT","countryName":"Italy","stateCode":"75","coords":["40.70355000","17.33814000"]},{"commonName":"Maruggio","countryCode":"IT","countryName":"Italy","stateCode":"75","coords":["40.32054000","17.57052000"]},{"commonName":"Massafra","countryCode":"IT","countryName":"Italy","stateCode":"75","coords":["40.58618000","17.11635000"]},{"commonName":"Materdomini","countryCode":"IT","countryName":"Italy","stateCode":"75","coords":["40.65571000","17.95949000"]},{"commonName":"Matino","countryCode":"IT","countryName":"Italy","stateCode":"75","coords":["40.03083000","18.13630000"]},{"commonName":"Mattinata","countryCode":"IT","countryName":"Italy","stateCode":"75","coords":["41.71112000","16.05087000"]},{"commonName":"Melendugno","countryCode":"IT","countryName":"Italy","stateCode":"75","coords":["40.27252000","18.33798000"]},{"commonName":"Melissano","countryCode":"IT","countryName":"Italy","stateCode":"75","coords":["39.97315000","18.12113000"]},{"commonName":"Melpignano","countryCode":"IT","countryName":"Italy","stateCode":"75","coords":["40.15624000","18.29194000"]},{"commonName":"Merine","countryCode":"IT","countryName":"Italy","stateCode":"75","coords":["40.33418000","18.22383000"]},{"commonName":"Mesagne","countryCode":"IT","countryName":"Italy","stateCode":"75","coords":["40.55851000","17.80774000"]},{"commonName":"Miggiano","countryCode":"IT","countryName":"Italy","stateCode":"75","coords":["39.96180000","18.31119000"]},{"commonName":"Minervino di Lecce","countryCode":"IT","countryName":"Italy","stateCode":"75","coords":["40.09025000","18.42139000"]},{"commonName":"Modugno","countryCode":"IT","countryName":"Italy","stateCode":"75","coords":["41.08433000","16.78342000"]},{"commonName":"Mola di Bari","countryCode":"IT","countryName":"Italy","stateCode":"75","coords":["41.05997000","17.09001000"]},{"commonName":"Molfetta","countryCode":"IT","countryName":"Italy","stateCode":"75","coords":["41.20036000","16.59905000"]},{"commonName":"Monopoli","countryCode":"IT","countryName":"Italy","stateCode":"75","coords":["40.94918000","17.29717000"]},{"commonName":"Montalbano","countryCode":"IT","countryName":"Italy","stateCode":"75","coords":["40.77827000","17.48157000"]},{"commonName":"Monte Sant'Angelo","countryCode":"IT","countryName":"Italy","stateCode":"75","coords":["41.70530000","15.96068000"]},{"commonName":"Monteiasi","countryCode":"IT","countryName":"Italy","stateCode":"75","coords":["40.49992000","17.38260000"]},{"commonName":"Monteleone di Puglia","countryCode":"IT","countryName":"Italy","stateCode":"75","coords":["41.16711000","15.25822000"]},{"commonName":"Montemesola","countryCode":"IT","countryName":"Italy","stateCode":"75","coords":["40.56760000","17.33665000"]},{"commonName":"Monteparano","countryCode":"IT","countryName":"Italy","stateCode":"75","coords":["40.44335000","17.41308000"]},{"commonName":"Monteroni di Lecce","countryCode":"IT","countryName":"Italy","stateCode":"75","coords":["40.31929000","18.09163000"]},{"commonName":"Montesano Salentino","countryCode":"IT","countryName":"Italy","stateCode":"75","coords":["39.97544000","18.32277000"]},{"commonName":"Montesardo","countryCode":"IT","countryName":"Italy","stateCode":"75","coords":["39.87572000","18.33967000"]},{"commonName":"Monti d'Arena-Bosco Caggione","countryCode":"IT","countryName":"Italy","stateCode":"75","coords":["40.35510000","17.36432000"]},{"commonName":"Morciano di Leuca","countryCode":"IT","countryName":"Italy","stateCode":"75","coords":["39.84719000","18.31089000"]},{"commonName":"Motta Montecorvino","countryCode":"IT","countryName":"Italy","stateCode":"75","coords":["41.50743000","15.11414000"]},{"commonName":"Mottola","countryCode":"IT","countryName":"Italy","stateCode":"75","coords":["40.63890000","17.03432000"]},{"commonName":"Muro Leccese","countryCode":"IT","countryName":"Italy","stateCode":"75","coords":["40.10286000","18.33674000"]},{"commonName":"Nardò","countryCode":"IT","countryName":"Italy","stateCode":"75","coords":["40.17953000","18.03174000"]},{"commonName":"Neviano","countryCode":"IT","countryName":"Italy","stateCode":"75","coords":["40.10650000","18.11517000"]},{"commonName":"Noci","countryCode":"IT","countryName":"Italy","stateCode":"75","coords":["40.79356000","17.12681000"]},{"commonName":"Nociglia","countryCode":"IT","countryName":"Italy","stateCode":"75","coords":["40.03804000","18.32757000"]},{"commonName":"Noha","countryCode":"IT","countryName":"Italy","stateCode":"75","coords":["40.15323000","18.16569000"]},{"commonName":"Noicattaro","countryCode":"IT","countryName":"Italy","stateCode":"75","coords":["41.03449000","16.98963000"]},{"commonName":"Novoli","countryCode":"IT","countryName":"Italy","stateCode":"75","coords":["40.37673000","18.04757000"]},{"commonName":"Ordona","countryCode":"IT","countryName":"Italy","stateCode":"75","coords":["41.31501000","15.62832000"]},{"commonName":"Oria","countryCode":"IT","countryName":"Italy","stateCode":"75","coords":["40.49999000","17.64280000"]},{"commonName":"Orsara di Puglia","countryCode":"IT","countryName":"Italy","stateCode":"75","coords":["41.28163000","15.26765000"]},{"commonName":"Orta Nova","countryCode":"IT","countryName":"Italy","stateCode":"75","coords":["41.32879000","15.70994000"]},{"commonName":"Ortelle","countryCode":"IT","countryName":"Italy","stateCode":"75","coords":["40.03371000","18.39125000"]},{"commonName":"Ostuni","countryCode":"IT","countryName":"Italy","stateCode":"75","coords":["40.72913000","17.57675000"]},{"commonName":"Otranto","countryCode":"IT","countryName":"Italy","stateCode":"75","coords":["40.14789000","18.48682000"]},{"commonName":"Palagianello","countryCode":"IT","countryName":"Italy","stateCode":"75","coords":["40.60851000","16.97802000"]},{"commonName":"Palagiano","countryCode":"IT","countryName":"Italy","stateCode":"75","coords":["40.57762000","17.03812000"]},{"commonName":"Palmariggi","countryCode":"IT","countryName":"Italy","stateCode":"75","coords":["40.13099000","18.37863000"]},{"commonName":"Palo del Colle","countryCode":"IT","countryName":"Italy","stateCode":"75","coords":["41.05562000","16.70321000"]},{"commonName":"Palombaio","countryCode":"IT","countryName":"Italy","stateCode":"75","coords":["41.07036000","16.60962000"]},{"commonName":"Panni","countryCode":"IT","countryName":"Italy","stateCode":"75","coords":["41.22082000","15.27560000"]},{"commonName":"Paolo VI","countryCode":"IT","countryName":"Italy","stateCode":"75","coords":["40.52218000","17.27401000"]},{"commonName":"Parabita","countryCode":"IT","countryName":"Italy","stateCode":"75","coords":["40.05139000","18.12651000"]},{"commonName":"Parco Scizzo-Parchitello","countryCode":"IT","countryName":"Italy","stateCode":"75","coords":["41.07457000","16.99329000"]},{"commonName":"Patù","countryCode":"IT","countryName":"Italy","stateCode":"75","coords":["39.84078000","18.33784000"]},{"commonName":"Peschici","countryCode":"IT","countryName":"Italy","stateCode":"75","coords":["41.94521000","16.01612000"]},{"commonName":"Pezze di Greco","countryCode":"IT","countryName":"Italy","stateCode":"75","coords":["40.81004000","17.41333000"]},{"commonName":"Pietramontecorvino","countryCode":"IT","countryName":"Italy","stateCode":"75","coords":["41.54228000","15.12894000"]},{"commonName":"Pisignano","countryCode":"IT","countryName":"Italy","stateCode":"75","coords":["40.30470000","18.27155000"]},{"commonName":"Poggiardo","countryCode":"IT","countryName":"Italy","stateCode":"75","coords":["40.05315000","18.37819000"]},{"commonName":"Poggio Imperiale","countryCode":"IT","countryName":"Italy","stateCode":"75","coords":["41.82503000","15.36680000"]},{"commonName":"Poggiorsini","countryCode":"IT","countryName":"Italy","stateCode":"75","coords":["40.91403000","16.25605000"]},{"commonName":"Polignano a Mare","countryCode":"IT","countryName":"Italy","stateCode":"75","coords":["40.99221000","17.22149000"]},{"commonName":"Porto Cesareo","countryCode":"IT","countryName":"Italy","stateCode":"75","coords":["40.26228000","17.89896000"]},{"commonName":"Presicce","countryCode":"IT","countryName":"Italy","stateCode":"75","coords":["39.90055000","18.26282000"]},{"commonName":"Provincia di Barletta - Andria - Trani","countryCode":"IT","countryName":"Italy","stateCode":"75","coords":["41.25097000","16.17599000"]},{"commonName":"Provincia di Brindisi","countryCode":"IT","countryName":"Italy","stateCode":"75","coords":["40.58333000","17.66667000"]},{"commonName":"Provincia di Foggia","countryCode":"IT","countryName":"Italy","stateCode":"75","coords":["41.45000000","15.53333000"]},{"commonName":"Provincia di Lecce","countryCode":"IT","countryName":"Italy","stateCode":"75","coords":["40.21667000","18.16667000"]},{"commonName":"Provincia di Taranto","countryCode":"IT","countryName":"Italy","stateCode":"75","coords":["40.61667000","17.25000000"]},{"commonName":"Pulsano","countryCode":"IT","countryName":"Italy","stateCode":"75","coords":["40.38109000","17.35612000"]},{"commonName":"Putignano","countryCode":"IT","countryName":"Italy","stateCode":"75","coords":["40.85106000","17.12190000"]},{"commonName":"Quasano","countryCode":"IT","countryName":"Italy","stateCode":"75","coords":["40.96724000","16.57354000"]},{"commonName":"Racale","countryCode":"IT","countryName":"Italy","stateCode":"75","coords":["39.96086000","18.09154000"]},{"commonName":"Rignano Garganico","countryCode":"IT","countryName":"Italy","stateCode":"75","coords":["41.67934000","15.58835000"]},{"commonName":"Roccaforzata","countryCode":"IT","countryName":"Italy","stateCode":"75","coords":["40.43700000","17.38986000"]},{"commonName":"Rocchetta Sant'Antonio","countryCode":"IT","countryName":"Italy","stateCode":"75","coords":["41.10326000","15.45993000"]},{"commonName":"Rodi Garganico","countryCode":"IT","countryName":"Italy","stateCode":"75","coords":["41.92745000","15.88217000"]},{"commonName":"Roseto Valfortore","countryCode":"IT","countryName":"Italy","stateCode":"75","coords":["41.37544000","15.09824000"]},{"commonName":"Ruffano","countryCode":"IT","countryName":"Italy","stateCode":"75","coords":["39.98195000","18.24974000"]},{"commonName":"Rutigliano","countryCode":"IT","countryName":"Italy","stateCode":"75","coords":["41.00997000","17.00558000"]},{"commonName":"Ruvo di Puglia","countryCode":"IT","countryName":"Italy","stateCode":"75","coords":["41.11758000","16.48421000"]},{"commonName":"Salice Salentino","countryCode":"IT","countryName":"Italy","stateCode":"75","coords":["40.38485000","17.96134000"]},{"commonName":"Salve","countryCode":"IT","countryName":"Italy","stateCode":"75","coords":["39.86111000","18.29493000"]},{"commonName":"Sammichele di Bari","countryCode":"IT","countryName":"Italy","stateCode":"75","coords":["40.88711000","16.94919000"]},{"commonName":"San Cassiano","countryCode":"IT","countryName":"Italy","stateCode":"75","coords":["40.05631000","18.33392000"]},{"commonName":"San Cesario di Lecce","countryCode":"IT","countryName":"Italy","stateCode":"75","coords":["40.30221000","18.16098000"]},{"commonName":"San Donaci","countryCode":"IT","countryName":"Italy","stateCode":"75","coords":["40.44853000","17.92252000"]},{"commonName":"San Donato di Lecce","countryCode":"IT","countryName":"Italy","stateCode":"75","coords":["40.26728000","18.18256000"]},{"commonName":"San Giorgio Ionico","countryCode":"IT","countryName":"Italy","stateCode":"75","coords":["40.45796000","17.38034000"]},{"commonName":"San Giovanni Rotondo","countryCode":"IT","countryName":"Italy","stateCode":"75","coords":["41.70643000","15.72770000"]},{"commonName":"San Marco in Lamis","countryCode":"IT","countryName":"Italy","stateCode":"75","coords":["41.71210000","15.63825000"]},{"commonName":"San Marco la Catola","countryCode":"IT","countryName":"Italy","stateCode":"75","coords":["41.52483000","15.00594000"]},{"commonName":"San Marzano di San Giuseppe","countryCode":"IT","countryName":"Italy","stateCode":"75","coords":["40.45455000","17.50351000"]},{"commonName":"San Michele Salentino","countryCode":"IT","countryName":"Italy","stateCode":"75","coords":["40.63163000","17.63254000"]},{"commonName":"San Pancrazio Salentino","countryCode":"IT","countryName":"Italy","stateCode":"75","coords":["40.41800000","17.83419000"]},{"commonName":"San Paolo","countryCode":"IT","countryName":"Italy","stateCode":"75","coords":["41.12476000","16.79258000"]},{"commonName":"San Paolo di Civitate","countryCode":"IT","countryName":"Italy","stateCode":"75","coords":["41.73893000","15.26080000"]},{"commonName":"San Pietro in Lama","countryCode":"IT","countryName":"Italy","stateCode":"75","coords":["40.30711000","18.12787000"]},{"commonName":"San Pietro Vernotico","countryCode":"IT","countryName":"Italy","stateCode":"75","coords":["40.48890000","17.99752000"]},{"commonName":"San Severo","countryCode":"IT","countryName":"Italy","stateCode":"75","coords":["41.68564000","15.38148000"]},{"commonName":"San Vito dei Normanni","countryCode":"IT","countryName":"Italy","stateCode":"75","coords":["40.65642000","17.70814000"]},{"commonName":"Sanarica","countryCode":"IT","countryName":"Italy","stateCode":"75","coords":["40.08908000","18.34803000"]},{"commonName":"Sannicandro di Bari","countryCode":"IT","countryName":"Italy","stateCode":"75","coords":["41.00047000","16.79714000"]},{"commonName":"Sannicandro Garganico","countryCode":"IT","countryName":"Italy","stateCode":"75","coords":["41.83844000","15.56535000"]},{"commonName":"Sannicola","countryCode":"IT","countryName":"Italy","stateCode":"75","coords":["40.09244000","18.06765000"]},{"commonName":"Sant'Agata di Puglia","countryCode":"IT","countryName":"Italy","stateCode":"75","coords":["41.15127000","15.37968000"]},{"commonName":"Santa Cesarea Terme","countryCode":"IT","countryName":"Italy","stateCode":"75","coords":["40.03607000","18.45542000"]},{"commonName":"Santeramo in Colle","countryCode":"IT","countryName":"Italy","stateCode":"75","coords":["40.79236000","16.75873000"]},{"commonName":"Sava","countryCode":"IT","countryName":"Italy","stateCode":"75","coords":["40.40203000","17.55267000"]},{"commonName":"Scorrano","countryCode":"IT","countryName":"Italy","stateCode":"75","coords":["40.09018000","18.29993000"]},{"commonName":"Seclì","countryCode":"IT","countryName":"Italy","stateCode":"75","coords":["40.11897000","18.10931000"]},{"commonName":"Serracapriola","countryCode":"IT","countryName":"Italy","stateCode":"75","coords":["41.80912000","15.16098000"]},{"commonName":"Serrano","countryCode":"IT","countryName":"Italy","stateCode":"75","coords":["40.18438000","18.35156000"]},{"commonName":"Sogliano Cavour","countryCode":"IT","countryName":"Italy","stateCode":"75","coords":["40.14827000","18.19741000"]},{"commonName":"Soleto","countryCode":"IT","countryName":"Italy","stateCode":"75","coords":["40.18781000","18.20630000"]},{"commonName":"Specchia","countryCode":"IT","countryName":"Italy","stateCode":"75","coords":["39.93913000","18.29784000"]},{"commonName":"Spongano","countryCode":"IT","countryName":"Italy","stateCode":"75","coords":["40.01782000","18.36563000"]},{"commonName":"Squinzano","countryCode":"IT","countryName":"Italy","stateCode":"75","coords":["40.43513000","18.04086000"]},{"commonName":"Statte","countryCode":"IT","countryName":"Italy","stateCode":"75","coords":["40.52856000","17.20122000"]},{"commonName":"Sternatia","countryCode":"IT","countryName":"Italy","stateCode":"75","coords":["40.22022000","18.22748000"]},{"commonName":"Stornara","countryCode":"IT","countryName":"Italy","stateCode":"75","coords":["41.28672000","15.77003000"]},{"commonName":"Stornarella","countryCode":"IT","countryName":"Italy","stateCode":"75","coords":["41.25591000","15.73023000"]},{"commonName":"Strudà","countryCode":"IT","countryName":"Italy","stateCode":"75","coords":["40.31991000","18.28176000"]},{"commonName":"Supersano","countryCode":"IT","countryName":"Italy","stateCode":"75","coords":["40.01655000","18.24205000"]},{"commonName":"Surano","countryCode":"IT","countryName":"Italy","stateCode":"75","coords":["40.02818000","18.34591000"]},{"commonName":"Surbo","countryCode":"IT","countryName":"Italy","stateCode":"75","coords":["40.39383000","18.13456000"]},{"commonName":"Taranto","countryCode":"IT","countryName":"Italy","stateCode":"75","coords":["40.46438000","17.24707000"]},{"commonName":"Taurisano","countryCode":"IT","countryName":"Italy","stateCode":"75","coords":["39.95746000","18.21498000"]},{"commonName":"Taviano","countryCode":"IT","countryName":"Italy","stateCode":"75","coords":["39.98224000","18.08151000"]},{"commonName":"Terlizzi","countryCode":"IT","countryName":"Italy","stateCode":"75","coords":["41.12905000","16.54536000"]},{"commonName":"Tiggiano","countryCode":"IT","countryName":"Italy","stateCode":"75","coords":["39.90284000","18.36501000"]},{"commonName":"Torchiarolo","countryCode":"IT","countryName":"Italy","stateCode":"75","coords":["40.48349000","18.05122000"]},{"commonName":"Toritto","countryCode":"IT","countryName":"Italy","stateCode":"75","coords":["40.99774000","16.67945000"]},{"commonName":"Torre San Giovanni","countryCode":"IT","countryName":"Italy","stateCode":"75","coords":["39.89001000","18.11159000"]},{"commonName":"Torre Santa Susanna","countryCode":"IT","countryName":"Italy","stateCode":"75","coords":["40.46762000","17.73864000"]},{"commonName":"Torremaggiore","countryCode":"IT","countryName":"Italy","stateCode":"75","coords":["41.68894000","15.29408000"]},{"commonName":"Torricella","countryCode":"IT","countryName":"Italy","stateCode":"75","coords":["40.35509000","17.49846000"]},{"commonName":"Trepuzzi","countryCode":"IT","countryName":"Italy","stateCode":"75","coords":["40.40535000","18.07625000"]},{"commonName":"Tricase","countryCode":"IT","countryName":"Italy","stateCode":"75","coords":["39.93018000","18.35421000"]},{"commonName":"Triggiano","countryCode":"IT","countryName":"Italy","stateCode":"75","coords":["41.06549000","16.92501000"]},{"commonName":"Troia","countryCode":"IT","countryName":"Italy","stateCode":"75","coords":["41.36428000","15.31730000"]},{"commonName":"Tuglie","countryCode":"IT","countryName":"Italy","stateCode":"75","coords":["40.07346000","18.09872000"]},{"commonName":"Turi","countryCode":"IT","countryName":"Italy","stateCode":"75","coords":["40.91657000","17.02038000"]},{"commonName":"Tuturano","countryCode":"IT","countryName":"Italy","stateCode":"75","coords":["40.54474000","17.94754000"]},{"commonName":"Ugento","countryCode":"IT","countryName":"Italy","stateCode":"75","coords":["39.92724000","18.15832000"]},{"commonName":"Uggiano la Chiesa","countryCode":"IT","countryName":"Italy","stateCode":"75","coords":["40.10091000","18.44872000"]},{"commonName":"Uggiano Montefusco","countryCode":"IT","countryName":"Italy","stateCode":"75","coords":["40.38612000","17.60460000"]},{"commonName":"Valenzano","countryCode":"IT","countryName":"Italy","stateCode":"75","coords":["41.04376000","16.88491000"]},{"commonName":"Veglie","countryCode":"IT","countryName":"Italy","stateCode":"75","coords":["40.33474000","17.96238000"]},{"commonName":"Vernole","countryCode":"IT","countryName":"Italy","stateCode":"75","coords":["40.28834000","18.30165000"]},{"commonName":"Vico del Gargano","countryCode":"IT","countryName":"Italy","stateCode":"75","coords":["41.89661000","15.95682000"]},{"commonName":"Vieste","countryCode":"IT","countryName":"Italy","stateCode":"75","coords":["41.88209000","16.17139000"]},{"commonName":"Vignacastrisi","countryCode":"IT","countryName":"Italy","stateCode":"75","coords":["40.01604000","18.40704000"]},{"commonName":"Villa Castelli","countryCode":"IT","countryName":"Italy","stateCode":"75","coords":["40.58293000","17.47468000"]},{"commonName":"Vitigliano","countryCode":"IT","countryName":"Italy","stateCode":"75","coords":["40.03951000","18.41170000"]},{"commonName":"Volturara Appula","countryCode":"IT","countryName":"Italy","stateCode":"75","coords":["41.49603000","15.05224000"]},{"commonName":"Volturino","countryCode":"IT","countryName":"Italy","stateCode":"75","coords":["41.47723000","15.12424000"]},{"commonName":"Zapponeta","countryCode":"IT","countryName":"Italy","stateCode":"75","coords":["41.45710000","15.95615000"]},{"commonName":"Zollino","countryCode":"IT","countryName":"Italy","stateCode":"75","coords":["40.20581000","18.24774000"]}]