[{"commonName":"Anta","countryCode":"PE","countryName":"Peru","stateCode":"CUS","coords":["-13.47056000","-72.14833000"]},{"commonName":"Cahuanuyo","countryCode":"PE","countryName":"Peru","stateCode":"CUS","coords":["-14.34147000","-71.46311000"]},{"commonName":"Calca","countryCode":"PE","countryName":"Peru","stateCode":"CUS","coords":["-13.33333000","-71.95000000"]},{"commonName":"Callanca","countryCode":"PE","countryName":"Peru","stateCode":"CUS","coords":["-14.18137000","-71.14070000"]},{"commonName":"Ccaquiracunca","countryCode":"PE","countryName":"Peru","stateCode":"CUS","coords":["-14.27683000","-71.45026000"]},{"commonName":"Ccuntuma","countryCode":"PE","countryName":"Peru","stateCode":"CUS","coords":["-14.12540000","-71.41216000"]},{"commonName":"Checacupe","countryCode":"PE","countryName":"Peru","stateCode":"CUS","coords":["-14.02694000","-71.45278000"]},{"commonName":"Checca","countryCode":"PE","countryName":"Peru","stateCode":"CUS","coords":["-14.47278000","-71.39389000"]},{"commonName":"Chignayhua","countryCode":"PE","countryName":"Peru","stateCode":"CUS","coords":["-14.24610000","-71.44442000"]},{"commonName":"Chinchero","countryCode":"PE","countryName":"Peru","stateCode":"CUS","coords":["-13.39222000","-72.04778000"]},{"commonName":"Combapata","countryCode":"PE","countryName":"Peru","stateCode":"CUS","coords":["-14.10111000","-71.42944000"]},{"commonName":"Conchopata","countryCode":"PE","countryName":"Peru","stateCode":"CUS","coords":["-14.46968000","-71.19843000"]},{"commonName":"Cullcuyre","countryCode":"PE","countryName":"Peru","stateCode":"CUS","coords":["-14.09272000","-71.33119000"]},{"commonName":"Cusco","countryCode":"PE","countryName":"Peru","stateCode":"CUS","coords":["-13.52264000","-71.96734000"]},{"commonName":"Huayna Alcalde","countryCode":"PE","countryName":"Peru","stateCode":"CUS","coords":["-14.26989000","-71.09599000"]},{"commonName":"Jayobamba","countryCode":"PE","countryName":"Peru","stateCode":"CUS","coords":["-14.09425000","-71.33922000"]},{"commonName":"Langui","countryCode":"PE","countryName":"Peru","stateCode":"CUS","coords":["-14.43194000","-71.27306000"]},{"commonName":"Layo","countryCode":"PE","countryName":"Peru","stateCode":"CUS","coords":["-14.49361000","-71.15500000"]},{"commonName":"Lima Pampa","countryCode":"PE","countryName":"Peru","stateCode":"CUS","coords":["-14.08976000","-71.33664000"]},{"commonName":"Maranganí","countryCode":"PE","countryName":"Peru","stateCode":"CUS","coords":["-14.35672000","-71.16924000"]},{"commonName":"Maras","countryCode":"PE","countryName":"Peru","stateCode":"CUS","coords":["-13.33500000","-72.15667000"]},{"commonName":"Mosoc Cancha","countryCode":"PE","countryName":"Peru","stateCode":"CUS","coords":["-14.28514000","-71.08773000"]},{"commonName":"Mosoc Llacta","countryCode":"PE","countryName":"Peru","stateCode":"CUS","coords":["-14.12000000","-71.47278000"]},{"commonName":"Ollantaytambo","countryCode":"PE","countryName":"Peru","stateCode":"CUS","coords":["-13.25722000","-72.26306000"]},{"commonName":"Oropesa","countryCode":"PE","countryName":"Peru","stateCode":"CUS","coords":["-13.59278000","-71.77194000"]},{"commonName":"Pampamarca","countryCode":"PE","countryName":"Peru","stateCode":"CUS","coords":["-14.14639000","-71.45944000"]},{"commonName":"Pangoa","countryCode":"PE","countryName":"Peru","stateCode":"CUS","coords":["-12.11667000","-73.00000000"]},{"commonName":"Paucartambo","countryCode":"PE","countryName":"Peru","stateCode":"CUS","coords":["-13.31522000","-71.59364000"]},{"commonName":"Pisac","countryCode":"PE","countryName":"Peru","stateCode":"CUS","coords":["-13.42250000","-71.84667000"]},{"commonName":"Provincia de Acomayo","countryCode":"PE","countryName":"Peru","stateCode":"CUS","coords":["-13.91667000","-71.66667000"]},{"commonName":"Provincia de Anta","countryCode":"PE","countryName":"Peru","stateCode":"CUS","coords":["-13.50000000","-72.33333000"]},{"commonName":"Provincia de Calca","countryCode":"PE","countryName":"Peru","stateCode":"CUS","coords":["-13.00000000","-72.16667000"]},{"commonName":"Provincia de Canas","countryCode":"PE","countryName":"Peru","stateCode":"CUS","coords":["-14.41083000","-71.33694000"]},{"commonName":"Provincia de Canchis","countryCode":"PE","countryName":"Peru","stateCode":"CUS","coords":["-14.08194000","-71.18556000"]},{"commonName":"Provincia de Chumbivilcas","countryCode":"PE","countryName":"Peru","stateCode":"CUS","coords":["-14.41667000","-72.00000000"]},{"commonName":"Provincia de Cusco","countryCode":"PE","countryName":"Peru","stateCode":"CUS","coords":["-13.50000000","-72.00000000"]},{"commonName":"Provincia de Espinar","countryCode":"PE","countryName":"Peru","stateCode":"CUS","coords":["-14.75000000","-71.41667000"]},{"commonName":"Provincia de La Convención","countryCode":"PE","countryName":"Peru","stateCode":"CUS","coords":["-12.00000000","-73.00000000"]},{"commonName":"Provincia de Paruro","countryCode":"PE","countryName":"Peru","stateCode":"CUS","coords":["-13.91667000","-71.91667000"]},{"commonName":"Provincia de Paucartambo","countryCode":"PE","countryName":"Peru","stateCode":"CUS","coords":["-13.16667000","-71.41667000"]},{"commonName":"Provincia de Quispicanchis","countryCode":"PE","countryName":"Peru","stateCode":"CUS","coords":["-13.41667000","-71.00000000"]},{"commonName":"Provincia de Urubamba","countryCode":"PE","countryName":"Peru","stateCode":"CUS","coords":["-13.25000000","-72.33333000"]},{"commonName":"Qquea","countryCode":"PE","countryName":"Peru","stateCode":"CUS","coords":["-14.05417000","-71.38583000"]},{"commonName":"Queromarca","countryCode":"PE","countryName":"Peru","stateCode":"CUS","coords":["-14.18391000","-71.38343000"]},{"commonName":"San Pablo","countryCode":"PE","countryName":"Peru","stateCode":"CUS","coords":["-14.20278000","-71.31556000"]},{"commonName":"Santa Ana","countryCode":"PE","countryName":"Peru","stateCode":"CUS","coords":["-12.86667000","-72.71667000"]},{"commonName":"Santo Tomas","countryCode":"PE","countryName":"Peru","stateCode":"CUS","coords":["-14.44556000","-72.08417000"]},{"commonName":"Sicuani","countryCode":"PE","countryName":"Peru","stateCode":"CUS","coords":["-14.26944000","-71.22611000"]},{"commonName":"Tinta","countryCode":"PE","countryName":"Peru","stateCode":"CUS","coords":["-14.14500000","-71.40694000"]},{"commonName":"Tungasuca","countryCode":"PE","countryName":"Peru","stateCode":"CUS","coords":["-14.16389000","-71.47667000"]},{"commonName":"Urcos","countryCode":"PE","countryName":"Peru","stateCode":"CUS","coords":["-13.68611000","-71.62278000"]},{"commonName":"Urubamba","countryCode":"PE","countryName":"Peru","stateCode":"CUS","coords":["-13.30472000","-72.11583000"]},{"commonName":"Yanaoca","countryCode":"PE","countryName":"Peru","stateCode":"CUS","coords":["-14.21806000","-71.43167000"]}]