[{"commonName":"Berlín","countryCode":"SV","countryName":"El Salvador","stateCode":"US","coords":["13.50000000","-88.53333000"]},{"commonName":"Concepción Batres","countryCode":"SV","countryName":"El Salvador","stateCode":"US","coords":["13.35000000","-88.36667000"]},{"commonName":"Jiquilisco","countryCode":"SV","countryName":"El Salvador","stateCode":"US","coords":["13.31667000","-88.58333000"]},{"commonName":"Jucuapa","countryCode":"SV","countryName":"El Salvador","stateCode":"US","coords":["13.51667000","-88.38333000"]},{"commonName":"Jucuarán","countryCode":"SV","countryName":"El Salvador","stateCode":"US","coords":["13.25389000","-88.24778000"]},{"commonName":"Ozatlán","countryCode":"SV","countryName":"El Salvador","stateCode":"US","coords":["13.38333000","-88.50000000"]},{"commonName":"Puerto El Triunfo","countryCode":"SV","countryName":"El Salvador","stateCode":"US","coords":["13.28333000","-88.55000000"]},{"commonName":"San Agustín","countryCode":"SV","countryName":"El Salvador","stateCode":"US","coords":["13.43333000","-88.60000000"]},{"commonName":"Santa Elena","countryCode":"SV","countryName":"El Salvador","stateCode":"US","coords":["13.38333000","-88.41667000"]},{"commonName":"Santiago de María","countryCode":"SV","countryName":"El Salvador","stateCode":"US","coords":["13.48333000","-88.46667000"]},{"commonName":"Usulután","countryCode":"SV","countryName":"El Salvador","stateCode":"US","coords":["13.35000000","-88.45000000"]}]